,no_of_dependents,education,self_employed,income_annum,loan_amount,loan_term,cibil_score,residential_assets_value,commercial_assets_value,luxury_assets_value,bank_asset_value,loan_status
0,2,0.0,0.0,9600000,29900000,12,778,2400000,17600000,22700000,8000000,0.0
1,0,1.0,1.0,4100000,12200000,8,417,2700000,2200000,8800000,3300000,1.0
2,3,0.0,0.0,9100000,29700000,20,506,7100000,4500000,33300000,12800000,1.0
3,3,0.0,0.0,8200000,30700000,8,467,18200000,3300000,23300000,7900000,1.0
4,5,1.0,1.0,9800000,24200000,20,382,12400000,8200000,29400000,5000000,1.0
5,0,0.0,1.0,4800000,13500000,10,319,6800000,8300000,13700000,5100000,1.0
6,5,0.0,0.0,8700000,33000000,4,678,22500000,14800000,29200000,4300000,0.0
7,2,0.0,1.0,5700000,15000000,20,382,13200000,5700000,11800000,6000000,1.0
8,0,0.0,1.0,800000,2200000,20,782,1300000,800000,2800000,600000,0.0
9,5,1.0,0.0,1100000,4300000,10,388,3200000,1400000,3300000,1600000,1.0
10,4,0.0,1.0,2900000,11200000,2,547,8100000,4700000,9500000,3100000,0.0
11,2,1.0,1.0,6700000,22700000,18,538,15300000,5800000,20400000,6400000,1.0
12,3,1.0,1.0,5000000,11600000,16,311,6400000,9600000,14600000,4300000,1.0
13,2,0.0,1.0,9100000,31500000,14,679,10800000,16600000,20900000,5000000,0.0
14,1,1.0,0.0,1900000,7400000,6,469,1900000,1200000,5900000,1900000,1.0
15,5,1.0,0.0,4700000,10700000,10,794,5700000,3900000,16400000,4400000,0.0
16,2,0.0,1.0,500000,1600000,4,663,1300000,100000,1300000,700000,0.0
17,4,1.0,1.0,2900000,9400000,14,780,2900000,2800000,6700000,4300000,0.0
18,2,0.0,0.0,2700000,10300000,10,736,1000000,0,6200000,3300000,0.0
19,5,0.0,0.0,6300000,14600000,12,652,10300000,3500000,23500000,5900000,0.0
20,2,0.0,0.0,5000000,19400000,12,315,9500000,1600000,18000000,6100000,1.0
21,4,0.0,0.0,5800000,14000000,16,530,3800000,11300000,22200000,5400000,1.0
22,4,0.0,1.0,6500000,25700000,18,311,13100000,1700000,19500000,8500000,1.0
23,0,1.0,1.0,500000,1400000,2,551,900000,600000,1100000,300000,0.0
24,0,1.0,0.0,4900000,9800000,16,324,3800000,8700000,10000000,3300000,1.0
25,5,1.0,0.0,3100000,9500000,20,514,7900000,3100000,6600000,2600000,1.0
26,4,0.0,0.0,8200000,28100000,12,696,11500000,10600000,25300000,7200000,0.0
27,4,1.0,1.0,2400000,5600000,4,662,4500000,4200000,5400000,2500000,0.0
28,5,1.0,1.0,7000000,24000000,6,336,2300000,11900000,27500000,9700000,1.0
29,3,1.0,1.0,9000000,31500000,10,850,21800000,12400000,33700000,8000000,0.0
30,2,1.0,0.0,9800000,25300000,12,313,20200000,5200000,25500000,9300000,1.0
31,2,0.0,0.0,5700000,12000000,6,363,3600000,7400000,21700000,4300000,1.0
32,1,1.0,1.0,800000,1600000,10,436,700000,200000,2200000,1000000,1.0
33,5,1.0,1.0,8400000,22000000,2,830,3800000,3900000,19900000,5400000,0.0
34,3,0.0,0.0,4900000,11900000,8,612,9700000,1200000,19000000,5800000,0.0
35,2,0.0,1.0,1700000,3400000,8,691,2700000,2800000,6000000,900000,0.0
36,3,1.0,0.0,1600000,6200000,18,636,3400000,700000,5300000,1400000,0.0
37,5,0.0,1.0,8000000,27200000,6,348,6400000,300000,16700000,7100000,1.0
38,5,0.0,0.0,3600000,7700000,16,830,7000000,1300000,10000000,2900000,0.0
39,3,1.0,1.0,1500000,5100000,6,352,100000,200000,5600000,900000,1.0
40,1,0.0,0.0,7800000,18100000,2,712,8600000,11200000,21700000,9000000,0.0
41,2,1.0,0.0,9100000,24900000,16,822,22300000,12100000,31000000,5200000,0.0
42,3,0.0,0.0,1400000,3400000,6,540,200000,1500000,3900000,800000,1.0
43,2,0.0,1.0,800000,2300000,12,342,2200000,1300000,1800000,800000,1.0
44,5,0.0,0.0,6500000,13400000,18,787,18200000,300000,16200000,5400000,0.0
45,4,0.0,0.0,8000000,27800000,16,331,13000000,6300000,21400000,10900000,1.0
46,3,1.0,1.0,4200000,14600000,6,679,2400000,6900000,8700000,4900000,0.0
47,1,0.0,1.0,4900000,19100000,14,677,5400000,9100000,17700000,6500000,0.0
48,3,1.0,0.0,5500000,20500000,12,634,800000,8600000,18500000,8200000,0.0
49,1,1.0,1.0,9500000,19100000,16,662,100000,10500000,37700000,11700000,0.0
50,4,0.0,0.0,7300000,25400000,16,502,500000,1800000,20500000,10500000,1.0
51,2,0.0,0.0,8700000,24700000,10,435,6800000,3500000,21800000,11300000,1.0
52,5,1.0,0.0,3800000,7600000,4,689,8700000,100000,9300000,3400000,0.0
53,1,1.0,1.0,8400000,23000000,12,657,15400000,14800000,31900000,8200000,0.0
54,2,0.0,1.0,5100000,19700000,20,590,7400000,9300000,19400000,3400000,0.0
55,5,1.0,0.0,6700000,24500000,12,818,1200000,5600000,16300000,6200000,0.0
56,2,1.0,0.0,4300000,10600000,18,431,2100000,1500000,9300000,5200000,1.0
57,5,0.0,1.0,9300000,30500000,18,841,19300000,10300000,34600000,8700000,0.0
58,1,0.0,0.0,7400000,18400000,20,421,18500000,9100000,17500000,4100000,1.0
59,4,1.0,1.0,5500000,18200000,16,797,-100000,4900000,18600000,4800000,0.0
60,2,1.0,0.0,8500000,18900000,18,478,23800000,16300000,25900000,11400000,1.0
61,3,1.0,1.0,9600000,30500000,18,669,4700000,1900000,26500000,9300000,0.0
62,5,1.0,1.0,8800000,28900000,6,365,24400000,8600000,27400000,4700000,1.0
63,3,1.0,1.0,3300000,7500000,20,586,1600000,5600000,10500000,2900000,0.0
64,4,0.0,1.0,3900000,12300000,18,784,7600000,6900000,13100000,2800000,0.0
65,1,0.0,0.0,4100000,10300000,12,364,9500000,6100000,14900000,2800000,1.0
66,3,1.0,0.0,8300000,29100000,10,715,6100000,11900000,24100000,11900000,0.0
67,0,1.0,1.0,2700000,10100000,20,693,200000,1700000,5900000,1400000,1.0
68,4,0.0,0.0,5600000,12400000,4,777,5500000,3100000,11800000,5500000,0.0
69,0,0.0,0.0,1900000,5000000,12,312,4000000,2800000,4900000,2400000,1.0
70,4,1.0,1.0,500000,1500000,20,340,100000,200000,1900000,600000,1.0
71,5,0.0,1.0,5300000,18600000,4,386,2700000,9700000,11900000,4200000,0.0
72,5,1.0,0.0,7000000,18300000,4,418,18400000,11700000,21500000,7600000,1.0
73,3,1.0,1.0,5800000,16700000,16,735,3900000,9400000,12600000,5600000,0.0
74,2,1.0,0.0,2600000,8400000,6,494,6500000,3800000,5600000,2000000,1.0
75,2,1.0,0.0,1900000,6500000,18,671,600000,2500000,4800000,1100000,0.0
76,4,0.0,0.0,5700000,14800000,16,697,14300000,7800000,12900000,6300000,0.0
77,0,0.0,0.0,9000000,33500000,8,801,11600000,8900000,35400000,11100000,0.0
78,2,1.0,0.0,8500000,29400000,12,576,17600000,5600000,25200000,9000000,0.0
79,0,1.0,0.0,700000,1400000,14,639,1900000,700000,2400000,900000,0.0
80,4,0.0,0.0,3500000,8900000,4,470,1300000,2200000,12300000,2000000,1.0
81,0,1.0,0.0,8800000,31200000,4,826,2900000,500000,33300000,8600000,0.0
82,2,1.0,1.0,9900000,21200000,16,363,25500000,11400000,26600000,6800000,1.0
83,3,0.0,0.0,3600000,8600000,20,613,9400000,300000,10300000,3300000,0.0
84,3,1.0,1.0,3000000,8200000,16,713,5300000,5800000,11000000,3400000,0.0
85,2,0.0,0.0,6800000,21200000,16,439,17100000,4700000,23300000,3600000,1.0
86,5,1.0,1.0,1100000,3800000,18,387,1300000,1200000,3800000,1600000,1.0
87,1,1.0,1.0,8700000,28300000,8,402,20400000,13600000,27900000,10200000,1.0
88,4,0.0,1.0,2000000,8000000,6,837,5100000,2600000,3900000,2900000,0.0
89,2,1.0,0.0,9800000,37600000,10,641,24100000,0,23400000,7600000,0.0
90,4,0.0,0.0,5700000,21100000,18,489,500000,4300000,12500000,6000000,1.0
91,4,0.0,0.0,8800000,20700000,18,540,19200000,3200000,22400000,12700000,1.0
92,4,0.0,0.0,3800000,8900000,4,844,9100000,3500000,13100000,4700000,0.0
93,1,0.0,0.0,1700000,6400000,10,452,900000,1100000,5600000,2100000,1.0
94,2,0.0,0.0,1000000,2000000,10,366,1200000,400000,3200000,1300000,1.0
95,5,0.0,0.0,300000,1100000,2,300,100000,500000,700000,400000,0.0
96,2,0.0,1.0,6600000,15000000,18,470,1200000,4800000,18200000,7000000,1.0
97,2,1.0,0.0,8700000,25000000,20,861,14700000,8500000,23200000,7300000,0.0
98,4,0.0,0.0,9400000,29400000,12,562,25900000,15200000,36400000,7100000,0.0
99,0,0.0,0.0,4400000,10800000,14,463,2400000,4800000,13800000,4700000,1.0
100,4,1.0,0.0,400000,900000,12,478,700000,100000,1200000,100000,1.0
101,2,1.0,1.0,300000,1100000,2,702,300000,200000,500000,200000,0.0
102,2,1.0,1.0,4300000,12900000,20,618,11400000,3600000,11400000,2400000,0.0
103,4,0.0,0.0,1600000,4500000,12,633,700000,1700000,4100000,1900000,0.0
104,5,1.0,1.0,6200000,23600000,10,331,18500000,10300000,23800000,8700000,1.0
105,3,1.0,1.0,4200000,9700000,16,841,7800000,300000,16700000,5100000,0.0
106,4,1.0,1.0,9000000,18100000,12,764,600000,16500000,20800000,11600000,0.0
107,0,0.0,0.0,2700000,10600000,6,591,1300000,2700000,9900000,1800000,0.0
108,1,0.0,1.0,9700000,35900000,2,719,19600000,7600000,20400000,10900000,0.0
109,2,0.0,0.0,3300000,6800000,14,317,3400000,300000,11700000,3600000,1.0
110,0,1.0,0.0,300000,1100000,8,778,800000,200000,900000,100000,0.0
111,3,0.0,1.0,7400000,18200000,14,302,5600000,3100000,17900000,5000000,1.0
112,5,1.0,0.0,7100000,19700000,8,502,7300000,5600000,25300000,9800000,1.0
113,5,1.0,1.0,7300000,22100000,18,879,19500000,10600000,19300000,9800000,0.0
114,1,1.0,0.0,8400000,23400000,14,437,15400000,5800000,33400000,8100000,1.0
115,0,1.0,1.0,3300000,10800000,12,797,600000,6000000,7700000,3300000,0.0
116,4,1.0,1.0,5800000,23200000,18,456,16100000,4200000,22600000,7500000,1.0
117,0,1.0,0.0,600000,1600000,6,647,1500000,600000,1500000,700000,0.0
118,0,1.0,0.0,7200000,15800000,12,379,12700000,12200000,21500000,3600000,1.0
119,1,1.0,1.0,9100000,32900000,2,717,2200000,2000000,23600000,5900000,0.0
120,5,0.0,0.0,900000,2300000,16,545,100000,200000,2700000,800000,1.0
121,2,0.0,0.0,800000,3200000,8,317,300000,1000000,2000000,900000,1.0
122,1,1.0,0.0,8500000,32900000,10,570,5100000,6200000,20500000,5500000,0.0
123,0,1.0,1.0,9000000,18700000,18,865,26800000,0,20900000,11300000,0.0
124,3,0.0,0.0,7000000,19500000,14,719,12200000,10300000,18200000,10200000,0.0
125,3,0.0,0.0,200000,600000,16,821,400000,100000,500000,100000,0.0
126,4,1.0,1.0,400000,800000,10,859,900000,500000,800000,200000,0.0
127,3,1.0,0.0,5100000,18200000,10,395,100000,8000000,15500000,6300000,1.0
128,2,1.0,1.0,700000,2600000,12,429,1600000,1300000,2700000,800000,1.0
129,3,0.0,0.0,400000,1200000,12,861,200000,600000,1100000,200000,0.0
130,0,1.0,1.0,9500000,20800000,14,565,15100000,11900000,33900000,13400000,0.0
131,5,0.0,0.0,8800000,22600000,10,357,7900000,8600000,18200000,4900000,1.0
132,3,1.0,1.0,1800000,3600000,18,465,600000,500000,5400000,2600000,1.0
133,4,1.0,1.0,6800000,13900000,8,479,11700000,9100000,25700000,9600000,1.0
134,3,1.0,0.0,1500000,5500000,16,717,2100000,800000,4400000,1300000,0.0
135,3,0.0,0.0,1600000,5500000,12,425,600000,800000,5400000,900000,1.0
136,2,1.0,0.0,4600000,16700000,2,786,200000,5900000,13900000,6100000,0.0
137,5,1.0,1.0,2200000,6700000,6,382,4400000,1300000,8600000,1100000,1.0
138,3,1.0,1.0,2900000,8500000,12,564,1000000,3100000,7500000,1800000,0.0
139,0,0.0,0.0,200000,700000,8,501,500000,200000,700000,100000,1.0
140,2,1.0,1.0,2500000,9400000,10,727,6600000,4100000,9500000,3300000,0.0
141,4,1.0,0.0,3600000,7500000,6,894,1100000,6500000,7400000,2800000,0.0
142,0,0.0,1.0,5500000,16700000,18,829,5500000,1300000,12800000,5900000,0.0
143,4,1.0,0.0,6600000,17400000,20,506,2600000,10000000,25900000,7200000,1.0
144,2,0.0,1.0,8600000,32100000,6,802,9400000,16700000,24500000,9800000,0.0
145,5,1.0,0.0,600000,1500000,14,543,300000,900000,2100000,300000,1.0
146,3,0.0,1.0,1400000,3200000,20,772,2400000,900000,5100000,1600000,0.0
147,3,0.0,0.0,4000000,11100000,12,572,9700000,100000,12500000,2400000,0.0
148,0,1.0,1.0,4900000,11900000,16,709,14600000,900000,18500000,3800000,0.0
149,5,0.0,0.0,2000000,6200000,18,402,4000000,2100000,7200000,1100000,1.0
150,1,1.0,1.0,5200000,19300000,8,481,14300000,9500000,18800000,4200000,1.0
151,5,0.0,1.0,8900000,28800000,6,772,13600000,5500000,20400000,8400000,0.0
152,1,0.0,1.0,6500000,20600000,2,306,15900000,1900000,18100000,3200000,0.0
153,2,1.0,0.0,1300000,4500000,6,415,0,900000,2900000,1200000,1.0
154,3,1.0,0.0,9400000,35000000,16,548,18200000,4400000,36100000,4800000,1.0
155,5,1.0,0.0,5000000,11200000,8,701,9100000,500000,14000000,4600000,0.0
156,2,0.0,0.0,3000000,7700000,12,890,4700000,4300000,8400000,2100000,0.0
157,5,1.0,1.0,9900000,33300000,6,364,5300000,18700000,27800000,8300000,1.0
158,5,0.0,1.0,700000,1300000,20,704,1600000,0,2200000,600000,0.0
159,3,0.0,1.0,4000000,10600000,10,318,1500000,5100000,8000000,4900000,1.0
160,5,1.0,0.0,3100000,9600000,2,761,5800000,1800000,10400000,4200000,0.0
161,4,1.0,0.0,4500000,15100000,6,693,3700000,1500000,17800000,6000000,0.0
162,3,1.0,0.0,9700000,20600000,16,524,24200000,11100000,27400000,6100000,1.0
163,2,1.0,1.0,2000000,5300000,10,681,4900000,1400000,4300000,2900000,0.0
164,2,0.0,1.0,8100000,22300000,18,737,22300000,12600000,27000000,7300000,0.0
165,0,1.0,0.0,5700000,15900000,16,638,100000,9500000,16300000,4500000,0.0
166,4,1.0,0.0,5800000,12800000,2,656,500000,5000000,16000000,2800000,0.0
167,1,0.0,0.0,1800000,6500000,6,540,2500000,3200000,5000000,1100000,1.0
168,4,1.0,1.0,9100000,35200000,6,341,1000000,300000,23100000,8200000,1.0
169,0,1.0,1.0,4800000,17500000,2,371,11700000,6800000,18700000,3500000,0.0
170,3,1.0,1.0,3800000,10500000,12,886,4000000,500000,14900000,2300000,0.0
171,0,1.0,0.0,1900000,4100000,18,801,400000,800000,4800000,1200000,0.0
172,3,1.0,1.0,3600000,9500000,16,748,7700000,2400000,9700000,2600000,0.0
173,2,1.0,1.0,7400000,28200000,8,376,21900000,5000000,17400000,5200000,1.0
174,4,1.0,1.0,6600000,14300000,8,371,10800000,9500000,18500000,7400000,1.0
175,2,0.0,0.0,1800000,5300000,6,826,4500000,700000,6500000,1300000,0.0
176,4,1.0,0.0,9200000,27200000,12,873,4500000,1800000,33800000,11400000,0.0
177,5,1.0,1.0,2400000,8600000,8,309,500000,600000,5700000,2800000,1.0
178,4,1.0,0.0,5600000,13300000,20,869,3300000,7500000,20000000,6500000,0.0
179,5,0.0,0.0,3800000,13900000,12,534,4700000,2900000,8200000,2800000,1.0
180,3,1.0,1.0,4500000,17900000,6,787,9800000,3600000,14300000,4200000,0.0
181,0,0.0,1.0,900000,2200000,16,566,100000,700000,2000000,600000,0.0
182,0,1.0,0.0,2800000,9900000,8,742,4900000,1300000,6700000,1700000,0.0
183,2,1.0,0.0,7500000,23100000,4,824,12100000,10900000,26300000,9500000,0.0
184,4,0.0,0.0,1400000,3100000,14,575,3000000,2100000,4900000,1400000,0.0
185,2,0.0,1.0,3800000,10900000,10,766,1900000,3900000,8600000,3000000,0.0
186,1,1.0,1.0,1700000,5000000,10,888,2900000,900000,4100000,2200000,0.0
187,3,0.0,1.0,9000000,30400000,6,638,16800000,11000000,26900000,9200000,0.0
188,5,1.0,1.0,7300000,23300000,6,622,7100000,11600000,26400000,10500000,0.0
189,1,1.0,0.0,7400000,19800000,18,458,12600000,6200000,27700000,4000000,1.0
190,1,1.0,0.0,9000000,28200000,16,327,1700000,2300000,24000000,11200000,1.0
191,0,1.0,0.0,3000000,6500000,2,612,8800000,3400000,6700000,1700000,0.0
192,1,0.0,0.0,800000,2900000,8,682,2200000,1100000,2900000,700000,0.0
193,2,0.0,0.0,4800000,13200000,2,583,13700000,5800000,9500000,5200000,0.0
194,5,1.0,0.0,6400000,18300000,8,697,10000000,3600000,22500000,3600000,0.0
195,3,0.0,0.0,9200000,27100000,12,306,5800000,11500000,28000000,9600000,1.0
196,4,1.0,1.0,400000,1500000,2,669,-100000,600000,900000,500000,0.0
197,2,1.0,0.0,2800000,6000000,18,816,6300000,4200000,8000000,3400000,0.0
198,4,1.0,1.0,8500000,28900000,20,455,15200000,5800000,22500000,9400000,1.0
199,3,0.0,1.0,4700000,16400000,10,318,11400000,8100000,16200000,4300000,1.0
200,4,1.0,1.0,9800000,21200000,20,355,22000000,8900000,31800000,14400000,1.0
201,2,1.0,1.0,3800000,8900000,16,389,200000,5600000,12200000,2200000,1.0
202,2,0.0,0.0,500000,1500000,2,888,1500000,300000,1500000,600000,0.0
203,2,0.0,1.0,6900000,15600000,6,352,13000000,5300000,22600000,10000000,1.0
204,4,1.0,1.0,9600000,30100000,12,870,300000,6700000,38200000,5600000,0.0
205,3,1.0,0.0,2900000,6500000,18,827,8300000,600000,10400000,3200000,0.0
206,2,0.0,0.0,9800000,20900000,12,768,3400000,10200000,38600000,13400000,0.0
207,0,0.0,0.0,7100000,15400000,18,707,10300000,10800000,19600000,5800000,0.0
208,1,1.0,1.0,7700000,19100000,10,355,11300000,4900000,21900000,6600000,1.0
209,3,0.0,0.0,1400000,3300000,2,652,100000,2100000,3500000,1900000,0.0
210,3,0.0,0.0,7800000,15900000,2,665,14400000,900000,27200000,5400000,0.0
211,5,1.0,1.0,1700000,6000000,18,420,500000,1600000,3700000,2300000,1.0
212,2,1.0,0.0,8500000,32700000,18,471,12600000,9400000,33900000,12500000,1.0
213,5,1.0,0.0,1900000,7500000,20,715,5100000,2800000,6500000,2800000,0.0
214,2,1.0,1.0,6700000,15200000,10,689,0,8200000,15000000,6800000,0.0
215,3,0.0,1.0,6900000,16400000,4,787,11100000,6100000,26400000,3800000,0.0
216,2,0.0,0.0,2600000,7800000,4,819,3100000,4300000,5700000,1500000,0.0
217,4,0.0,1.0,9600000,21100000,6,809,16100000,9500000,34700000,8700000,0.0
218,1,1.0,1.0,6800000,17000000,2,744,15500000,3900000,23700000,3500000,0.0
219,0,1.0,0.0,3200000,11300000,6,484,3500000,5500000,8500000,2100000,1.0
220,4,1.0,0.0,2900000,10400000,6,673,5100000,1700000,10600000,1700000,0.0
221,3,0.0,1.0,7900000,21200000,18,695,13800000,10600000,21800000,4900000,0.0
222,4,1.0,1.0,3900000,12400000,12,473,6400000,4700000,13100000,3800000,1.0
223,4,0.0,1.0,4600000,11000000,2,491,9000000,4000000,16100000,3500000,1.0
224,3,1.0,1.0,700000,1700000,8,733,1200000,800000,2400000,500000,0.0
225,0,1.0,0.0,5200000,15600000,20,434,14100000,5800000,18100000,5500000,1.0
226,3,1.0,1.0,5900000,20600000,10,777,1900000,4600000,21200000,6400000,0.0
227,4,0.0,0.0,7200000,19100000,4,774,9400000,7000000,17900000,3600000,0.0
228,1,1.0,1.0,8700000,27000000,10,717,25500000,8600000,17500000,9100000,0.0
229,3,1.0,1.0,1100000,3500000,12,503,3000000,400000,2200000,1200000,1.0
230,1,0.0,1.0,4000000,10900000,14,598,3600000,6600000,13600000,4400000,0.0
231,2,0.0,0.0,9800000,32400000,2,543,24200000,17500000,25700000,7700000,0.0
232,0,1.0,1.0,2700000,6800000,20,796,700000,4200000,7000000,1900000,0.0
233,3,1.0,1.0,8800000,34600000,8,386,14800000,16500000,18400000,6000000,1.0
234,5,1.0,1.0,3300000,7800000,16,632,8500000,500000,7100000,4900000,0.0
235,1,0.0,1.0,6900000,23400000,4,481,18700000,1100000,23400000,10200000,0.0
236,3,0.0,1.0,900000,3500000,4,770,700000,0,2000000,600000,1.0
237,3,0.0,1.0,4100000,15500000,6,667,2800000,1600000,14700000,4000000,0.0
238,3,1.0,1.0,4700000,17500000,8,585,1200000,3100000,9600000,4900000,0.0
239,5,0.0,1.0,3400000,11600000,16,479,9200000,5700000,11200000,2400000,1.0
240,2,0.0,0.0,9600000,22500000,18,851,7400000,16200000,24300000,12700000,0.0
241,3,1.0,1.0,7000000,16200000,6,378,20000000,12600000,20300000,5500000,1.0
242,5,0.0,0.0,5700000,12900000,18,807,4100000,900000,18600000,5500000,0.0
243,1,1.0,1.0,8200000,32400000,18,831,22800000,12300000,17700000,7800000,0.0
244,2,1.0,0.0,2100000,5100000,12,674,2200000,3200000,6400000,2400000,0.0
245,1,1.0,1.0,8000000,28100000,18,725,1900000,12800000,23000000,7500000,0.0
246,2,1.0,0.0,8000000,29300000,4,600,16500000,13200000,29400000,6500000,0.0
247,0,1.0,1.0,9400000,27000000,10,536,4400000,1700000,33800000,4800000,1.0
248,0,0.0,0.0,8400000,20600000,10,477,1500000,1500000,25000000,11900000,1.0
249,1,1.0,1.0,1900000,5000000,6,560,1000000,1900000,6300000,1400000,0.0
250,0,1.0,1.0,4200000,16400000,20,539,9500000,2100000,11400000,3100000,1.0
251,5,0.0,0.0,2600000,9100000,8,852,3700000,700000,10300000,3300000,0.0
252,3,1.0,0.0,3700000,8500000,20,853,8300000,5700000,7500000,4900000,0.0
253,0,0.0,0.0,8800000,30900000,12,729,1700000,700000,25700000,11400000,0.0
254,2,1.0,0.0,2100000,4700000,2,546,6000000,3200000,5700000,1500000,1.0
255,3,0.0,1.0,900000,2400000,10,489,800000,0,2800000,500000,1.0
256,3,0.0,1.0,9800000,35400000,6,869,14400000,16400000,22800000,10300000,0.0
257,2,1.0,0.0,8000000,20000000,2,502,4100000,2200000,31600000,9900000,1.0
258,0,0.0,0.0,9800000,38800000,8,652,23200000,19000000,29700000,5400000,0.0
259,0,1.0,1.0,300000,1100000,8,789,400000,100000,800000,400000,0.0
260,4,1.0,0.0,2700000,8100000,4,325,5000000,800000,9900000,3400000,0.0
261,3,0.0,1.0,7400000,19600000,2,716,4100000,8900000,29100000,4200000,0.0
262,3,0.0,0.0,9200000,34300000,18,523,25600000,4000000,29100000,8800000,1.0
263,5,1.0,0.0,9500000,22200000,20,352,24500000,0,30800000,7000000,1.0
264,5,0.0,1.0,3800000,14400000,2,345,3300000,800000,13000000,4700000,0.0
265,0,0.0,0.0,8300000,19400000,18,649,2500000,16100000,24300000,11300000,0.0
266,2,0.0,1.0,2800000,7400000,18,666,100000,2300000,6300000,3400000,0.0
267,0,0.0,0.0,8600000,20900000,10,813,11300000,11900000,26000000,4800000,0.0
268,0,1.0,0.0,5400000,16800000,10,599,5300000,7400000,14500000,7600000,0.0
269,5,0.0,1.0,4200000,9400000,6,678,4700000,5500000,9900000,5700000,0.0
270,5,1.0,0.0,5200000,12200000,20,513,13400000,2000000,16800000,5400000,1.0
271,5,0.0,0.0,9400000,27900000,4,870,1100000,200000,29500000,10400000,0.0
272,3,0.0,0.0,8800000,20400000,8,483,3200000,11400000,28200000,11800000,1.0
273,1,0.0,1.0,5900000,16700000,16,308,5800000,8800000,19100000,5300000,1.0
274,3,0.0,1.0,1700000,4900000,16,591,4700000,1000000,4300000,1400000,0.0
275,1,1.0,0.0,7000000,23000000,10,886,14000000,3700000,26700000,3600000,0.0
276,4,1.0,0.0,1700000,4000000,6,829,0,1600000,5200000,1700000,0.0
277,0,1.0,0.0,1500000,4900000,12,651,1600000,2800000,4600000,800000,0.0
278,4,1.0,0.0,2000000,4700000,18,733,3700000,3700000,7000000,2800000,0.0
279,5,0.0,1.0,3900000,15500000,12,433,9500000,5400000,7900000,4600000,1.0
280,1,0.0,1.0,900000,3600000,14,713,1300000,1000000,1800000,1200000,0.0
281,1,0.0,0.0,6900000,22500000,18,403,800000,8400000,16900000,6300000,1.0
282,0,0.0,1.0,2800000,7800000,10,405,7800000,2500000,7100000,3400000,1.0
283,3,0.0,1.0,6800000,19900000,10,516,16000000,6000000,26000000,8500000,1.0
284,4,1.0,1.0,600000,1800000,8,417,1700000,700000,1800000,800000,1.0
285,1,1.0,0.0,4700000,14000000,6,468,11300000,1800000,10600000,4600000,1.0
286,5,0.0,1.0,3000000,11800000,10,672,8700000,3600000,9800000,4100000,0.0
287,5,1.0,0.0,4000000,13900000,6,530,6000000,5600000,12500000,6000000,1.0
288,1,1.0,1.0,3100000,11300000,14,824,3700000,6000000,11000000,4400000,0.0
289,1,1.0,1.0,7700000,25500000,12,549,18100000,10600000,20500000,7000000,1.0
290,5,1.0,1.0,4300000,9300000,10,450,2100000,6700000,10000000,4100000,1.0
291,1,0.0,1.0,5800000,19500000,20,431,13800000,5000000,15600000,3300000,1.0
292,3,0.0,1.0,3600000,10700000,16,312,2300000,1600000,13100000,5200000,1.0
293,0,1.0,1.0,2900000,7600000,8,320,8000000,5600000,9600000,3100000,1.0
294,0,0.0,0.0,8800000,20200000,4,433,16000000,4200000,30500000,12400000,1.0
295,1,1.0,1.0,300000,1000000,10,431,400000,500000,900000,100000,1.0
296,5,1.0,1.0,8600000,28900000,8,516,9900000,1800000,30200000,6800000,1.0
297,2,1.0,1.0,3500000,12000000,14,476,1100000,6800000,12400000,2900000,1.0
298,5,0.0,0.0,800000,2600000,6,560,100000,200000,3000000,1000000,0.0
299,2,0.0,0.0,8000000,27100000,12,674,14400000,400000,25300000,6400000,0.0
300,0,1.0,1.0,9900000,38200000,6,573,17200000,10000000,20100000,5900000,0.0
301,2,1.0,0.0,3300000,6600000,6,331,6300000,2000000,8900000,2700000,1.0
302,4,0.0,1.0,2000000,6700000,12,633,100000,800000,4800000,2000000,0.0
303,3,1.0,0.0,4900000,12900000,18,877,1800000,7000000,17900000,3300000,0.0
304,5,1.0,1.0,9200000,23600000,12,656,1400000,11200000,36400000,4900000,0.0
305,0,1.0,0.0,7500000,18200000,6,782,7400000,12000000,19800000,4100000,0.0
306,5,1.0,0.0,9000000,29300000,4,531,10400000,9500000,35500000,5800000,0.0
307,3,1.0,0.0,1400000,4100000,8,455,3000000,1400000,2900000,2100000,1.0
308,3,0.0,0.0,9600000,19900000,14,452,4200000,16200000,28500000,6600000,1.0
309,2,0.0,0.0,8400000,33200000,14,474,19600000,15000000,25400000,11500000,1.0
310,3,1.0,0.0,6400000,24400000,4,483,7800000,2400000,19100000,4500000,0.0
311,4,0.0,0.0,5900000,16800000,8,481,6900000,11400000,19500000,3300000,1.0
312,2,0.0,1.0,2200000,5100000,20,859,3800000,1200000,6400000,3100000,0.0
313,4,0.0,1.0,5600000,14100000,14,696,9000000,9200000,16500000,6800000,0.0
314,4,1.0,0.0,9800000,28700000,6,778,16600000,7400000,29700000,11100000,0.0
315,4,0.0,0.0,4400000,14600000,4,499,1300000,6500000,16100000,5700000,0.0
316,2,1.0,1.0,2400000,4900000,4,888,6400000,4300000,5100000,3400000,0.0
317,1,0.0,0.0,4400000,10800000,12,674,9600000,2700000,17200000,5300000,0.0
318,4,0.0,0.0,3700000,13200000,4,802,9800000,2400000,12500000,4300000,0.0
319,4,1.0,1.0,2300000,7800000,8,540,1500000,3400000,4700000,2800000,1.0
320,4,0.0,1.0,5900000,19600000,8,726,17400000,6800000,20100000,8000000,0.0
321,4,1.0,1.0,6400000,23500000,2,485,7300000,2700000,23600000,3900000,0.0
322,4,0.0,1.0,4900000,17100000,6,612,1300000,7000000,19500000,5000000,0.0
323,3,1.0,1.0,9500000,24200000,8,879,3100000,17200000,26400000,12700000,0.0
324,2,1.0,0.0,5700000,16400000,12,708,3700000,800000,15000000,4400000,0.0
325,2,1.0,1.0,2700000,5700000,8,850,3500000,5000000,10500000,3900000,0.0
326,2,1.0,1.0,3900000,11300000,12,516,3100000,0,10400000,4600000,1.0
327,0,1.0,0.0,7800000,28800000,12,465,4700000,7500000,28800000,7400000,1.0
328,0,0.0,0.0,1100000,3200000,20,716,1800000,1400000,3600000,1500000,0.0
329,4,1.0,0.0,200000,600000,10,404,0,100000,400000,0,1.0
330,0,1.0,1.0,4700000,10600000,20,512,8400000,4000000,12300000,7000000,1.0
331,3,1.0,1.0,8200000,20600000,10,441,16100000,11400000,29100000,6100000,1.0
332,2,1.0,1.0,4600000,18400000,2,555,7700000,2400000,14200000,4200000,0.0
333,5,1.0,0.0,1800000,7000000,18,466,2600000,2100000,6000000,1900000,1.0
334,3,0.0,1.0,3200000,8600000,2,427,3900000,1800000,7100000,4700000,1.0
335,4,1.0,1.0,5500000,20000000,14,593,15100000,2700000,19900000,4900000,0.0
336,3,0.0,0.0,7900000,18300000,10,731,4200000,3400000,22200000,8400000,0.0
337,1,0.0,1.0,4000000,10100000,16,451,7000000,3900000,14300000,3900000,1.0
338,3,1.0,1.0,6800000,16900000,18,628,3600000,900000,15600000,4900000,0.0
339,1,1.0,0.0,2700000,9400000,18,704,5300000,2300000,6400000,2400000,0.0
340,2,1.0,0.0,6800000,23500000,12,341,19300000,11800000,14300000,8500000,1.0
341,5,0.0,0.0,8600000,21000000,8,465,11700000,14900000,19500000,9900000,1.0
342,4,0.0,0.0,8000000,30100000,4,431,11900000,13800000,18800000,11500000,0.0
343,1,0.0,1.0,3700000,12600000,10,424,5400000,1100000,14200000,4400000,1.0
344,0,0.0,0.0,2600000,5100000,14,678,500000,1200000,6000000,3100000,0.0
345,4,0.0,0.0,4200000,16800000,6,381,9600000,3800000,14800000,5900000,1.0
346,5,0.0,1.0,8000000,28000000,10,449,18500000,1500000,17400000,3900000,1.0
347,1,1.0,0.0,7100000,23500000,12,768,6400000,12100000,22400000,7300000,0.0
348,0,1.0,0.0,2000000,7000000,6,666,0,1200000,4300000,1400000,1.0
349,4,1.0,1.0,5800000,13300000,14,742,16100000,9300000,16300000,7000000,0.0
350,3,1.0,1.0,6700000,15800000,4,445,10500000,7600000,14100000,9100000,1.0
351,2,0.0,0.0,7300000,28700000,14,634,5900000,3800000,21200000,10800000,0.0
352,4,1.0,0.0,3300000,9700000,14,782,2500000,0,10400000,2200000,0.0
353,0,0.0,0.0,3000000,7000000,10,781,7200000,600000,11700000,2700000,0.0
354,4,1.0,0.0,7900000,17200000,14,318,14200000,9500000,23200000,9000000,1.0
355,5,1.0,0.0,7600000,24100000,18,721,21900000,11500000,22900000,7200000,0.0
356,5,1.0,0.0,3700000,9800000,4,563,9500000,5100000,11200000,3000000,0.0
357,2,1.0,0.0,8400000,26300000,4,419,22900000,7900000,29200000,6200000,0.0
358,0,0.0,1.0,8200000,20800000,14,372,3800000,100000,26100000,5200000,1.0
359,0,1.0,0.0,2900000,9500000,18,885,4300000,2300000,6500000,3500000,0.0
360,1,1.0,1.0,9900000,38400000,12,596,10000000,9300000,36500000,6800000,0.0
361,0,0.0,0.0,4400000,14100000,2,349,3300000,1300000,8800000,6200000,0.0
362,1,1.0,1.0,9000000,32200000,16,468,4500000,16400000,28600000,10900000,1.0
363,3,1.0,1.0,6800000,26900000,16,818,14700000,10400000,26300000,7300000,0.0
364,2,1.0,0.0,8700000,28000000,12,543,16900000,6000000,22900000,6700000,1.0
365,3,0.0,0.0,9400000,21900000,16,685,8100000,5600000,34500000,5000000,0.0
366,3,1.0,1.0,6000000,12500000,18,851,14600000,5000000,16800000,5000000,0.0
367,1,1.0,1.0,9400000,29800000,10,377,24100000,18500000,30900000,11700000,1.0
368,0,1.0,1.0,1000000,4000000,10,620,2400000,1300000,3700000,1100000,0.0
369,3,0.0,1.0,900000,2300000,20,611,600000,1500000,1900000,500000,0.0
370,4,1.0,0.0,2100000,7700000,4,767,1200000,1700000,6900000,1300000,0.0
371,5,0.0,1.0,1100000,3200000,20,592,3200000,700000,3500000,500000,0.0
372,0,0.0,1.0,600000,2300000,4,319,1600000,800000,2300000,700000,0.0
373,4,1.0,1.0,9200000,25500000,10,900,9400000,10500000,27400000,12800000,0.0
374,2,1.0,1.0,3600000,12800000,18,814,8600000,4100000,10300000,4100000,0.0
375,5,1.0,1.0,1300000,5000000,10,755,2100000,2200000,4800000,1900000,0.0
376,5,0.0,1.0,7700000,16800000,20,584,8600000,4800000,23400000,8000000,0.0
377,4,0.0,1.0,9500000,23500000,14,380,22900000,6700000,25100000,7300000,1.0
378,2,1.0,1.0,5000000,17600000,20,465,6200000,5200000,16500000,5200000,1.0
379,0,1.0,0.0,500000,1800000,2,531,1300000,500000,1900000,700000,0.0
380,1,0.0,1.0,8300000,32100000,16,814,18500000,2700000,28900000,7500000,0.0
381,0,0.0,0.0,5300000,17900000,6,678,4700000,3900000,14400000,3600000,0.0
382,2,1.0,1.0,9300000,29000000,12,655,7900000,6800000,29900000,4900000,0.0
383,3,1.0,0.0,2300000,7400000,2,682,6500000,2400000,7600000,2100000,0.0
384,1,1.0,0.0,400000,1300000,6,695,200000,500000,800000,100000,0.0
385,3,1.0,0.0,3200000,10800000,4,833,2600000,1000000,8700000,2600000,0.0
386,5,1.0,1.0,9400000,35300000,16,302,4100000,12500000,37000000,12900000,1.0
387,1,0.0,0.0,2300000,6600000,2,357,5900000,200000,6000000,2200000,1.0
388,5,1.0,0.0,4300000,14500000,12,302,12500000,4300000,12500000,5100000,1.0
389,0,0.0,1.0,6200000,22400000,18,873,15700000,6600000,15800000,8200000,0.0
390,0,1.0,1.0,7200000,19800000,12,658,12700000,8100000,25000000,7300000,0.0
391,5,0.0,1.0,2400000,8700000,18,877,2800000,2900000,7100000,1100000,0.0
392,3,1.0,0.0,2900000,6300000,8,648,3400000,3400000,7600000,1400000,0.0
393,1,0.0,0.0,1400000,5200000,12,730,2900000,0,3700000,700000,0.0
394,4,1.0,1.0,2200000,8200000,14,737,5800000,2800000,8200000,1400000,0.0
395,2,0.0,1.0,800000,3200000,10,584,0,200000,2100000,700000,1.0
396,0,0.0,0.0,600000,1700000,2,621,400000,400000,2000000,200000,0.0
397,4,0.0,1.0,700000,2700000,16,583,1100000,1200000,1400000,300000,0.0
398,2,1.0,0.0,8400000,25900000,16,621,8600000,13400000,33500000,4200000,0.0
399,2,1.0,0.0,7100000,21500000,16,610,5800000,12100000,14200000,9300000,0.0
400,4,0.0,0.0,5400000,15700000,18,452,13700000,2600000,16500000,6600000,1.0
401,5,0.0,0.0,3700000,7300000,18,339,9300000,100000,13900000,5300000,1.0
402,3,0.0,1.0,5200000,15200000,16,650,1300000,5700000,13500000,4100000,0.0
403,4,1.0,1.0,200000,700000,10,672,200000,200000,300000,300000,0.0
404,3,0.0,0.0,500000,1000000,20,501,800000,800000,900000,200000,1.0
405,2,1.0,1.0,1800000,5700000,4,809,1200000,1900000,6300000,2400000,0.0
406,5,0.0,1.0,9200000,29400000,8,318,18000000,5900000,33800000,5400000,1.0
407,4,1.0,0.0,900000,3300000,10,649,0,400000,1800000,1200000,0.0
408,3,1.0,0.0,7500000,28300000,12,367,9200000,11300000,22700000,7000000,1.0
409,5,1.0,0.0,3000000,11800000,6,847,8200000,2200000,7100000,2300000,0.0
410,5,0.0,0.0,7100000,18900000,12,360,10700000,1100000,19800000,8500000,1.0
411,1,0.0,1.0,3500000,7200000,2,865,4100000,3200000,11900000,4200000,0.0
412,4,1.0,0.0,4900000,18800000,16,880,4200000,4700000,13200000,2600000,0.0
413,1,0.0,0.0,4100000,8400000,20,608,1400000,8000000,10000000,4400000,0.0
414,0,0.0,1.0,800000,2100000,6,760,300000,100000,1600000,600000,0.0
415,3,0.0,1.0,1700000,4600000,12,385,1500000,1300000,5200000,1700000,1.0
416,0,0.0,1.0,6100000,23300000,12,478,3800000,2300000,17700000,4900000,1.0
417,1,0.0,1.0,2100000,7700000,16,327,5000000,500000,4700000,2300000,1.0
418,0,0.0,0.0,3100000,9300000,6,663,1300000,1400000,8100000,3800000,0.0
419,2,1.0,1.0,1700000,3500000,20,693,2200000,1400000,4800000,1700000,0.0
420,3,0.0,0.0,1700000,5400000,6,710,4800000,700000,5800000,1700000,0.0
421,4,1.0,1.0,4000000,14500000,6,711,2400000,5700000,10900000,4100000,0.0
422,5,0.0,0.0,5600000,18400000,8,386,11300000,6700000,11300000,5600000,1.0
423,4,0.0,1.0,3900000,11900000,10,855,10200000,4000000,10200000,2800000,0.0
424,4,0.0,1.0,6100000,15300000,14,573,1100000,9900000,13300000,8400000,0.0
425,0,0.0,1.0,1100000,2800000,18,431,500000,300000,4300000,1400000,1.0
426,2,0.0,0.0,5500000,14800000,8,364,13000000,4500000,12600000,4500000,1.0
427,4,0.0,1.0,1100000,3600000,14,711,2500000,500000,3600000,600000,0.0
428,4,1.0,1.0,400000,900000,20,771,1000000,500000,1600000,500000,0.0
429,3,0.0,0.0,9200000,36400000,18,669,3100000,12700000,30900000,12300000,0.0
430,4,1.0,1.0,9300000,27500000,18,338,21500000,500000,34900000,6600000,1.0
431,1,0.0,0.0,1100000,3500000,8,562,2300000,1200000,3200000,500000,0.0
432,3,1.0,0.0,5600000,18700000,2,769,8000000,8200000,17300000,4800000,0.0
433,0,0.0,1.0,6300000,21500000,8,629,600000,3400000,22000000,5200000,0.0
434,3,0.0,0.0,8800000,18100000,6,699,6400000,2100000,18500000,9400000,0.0
435,0,1.0,0.0,8400000,20800000,20,590,5100000,8900000,32100000,10800000,0.0
436,3,0.0,1.0,1600000,5700000,4,707,3300000,2700000,6200000,2300000,0.0
437,3,1.0,1.0,4500000,11400000,8,391,8500000,6800000,9900000,4500000,1.0
438,5,1.0,0.0,6500000,18500000,4,891,13600000,3300000,23600000,7100000,0.0
439,3,0.0,1.0,9500000,20600000,2,731,13400000,3800000,20700000,9200000,0.0
440,3,1.0,0.0,4700000,16700000,12,775,4000000,1700000,17300000,3500000,0.0
441,5,0.0,1.0,9600000,32400000,2,897,3500000,15400000,26800000,6200000,0.0
442,5,0.0,0.0,8000000,26700000,20,794,8000000,14700000,29900000,7800000,0.0
443,2,0.0,0.0,7700000,16700000,6,555,12900000,2900000,18100000,8500000,0.0
444,1,1.0,1.0,3600000,10300000,12,536,6800000,500000,12200000,2700000,1.0
445,2,1.0,0.0,700000,1700000,10,839,100000,700000,2000000,900000,0.0
446,0,0.0,1.0,1400000,5100000,6,890,4100000,1900000,5200000,1900000,0.0
447,1,0.0,1.0,8600000,27900000,20,415,12200000,14800000,27100000,7900000,1.0
448,4,0.0,0.0,4700000,15700000,4,868,3300000,2500000,13800000,4800000,0.0
449,3,0.0,1.0,2900000,5800000,12,353,8400000,2600000,10100000,3100000,1.0
450,4,1.0,0.0,9000000,29000000,16,590,4600000,15600000,29200000,12300000,0.0
451,5,0.0,1.0,500000,900000,18,618,1400000,600000,1200000,400000,0.0
452,2,1.0,1.0,700000,1700000,10,539,1400000,1000000,1900000,900000,1.0
453,0,0.0,0.0,6800000,27000000,4,429,17100000,7600000,21400000,9400000,0.0
454,2,0.0,0.0,1800000,4700000,8,792,4500000,1200000,4100000,2200000,0.0
455,0,1.0,0.0,6000000,12400000,2,608,3000000,2100000,17900000,6800000,0.0
456,4,0.0,1.0,5400000,21500000,14,555,4300000,1500000,14300000,7500000,0.0
457,5,0.0,1.0,8400000,17500000,12,620,15300000,13600000,26000000,5800000,0.0
458,0,0.0,0.0,7400000,20900000,6,635,15600000,14000000,21000000,7200000,0.0
459,2,0.0,0.0,3200000,12500000,10,457,6100000,2000000,8200000,4300000,1.0
460,1,0.0,1.0,5400000,21400000,8,350,2600000,1000000,19700000,6800000,1.0
461,5,0.0,1.0,1000000,2500000,14,885,2200000,100000,2300000,1100000,0.0
462,0,0.0,0.0,4400000,14700000,16,638,4000000,2700000,14400000,2700000,0.0
463,1,0.0,1.0,3800000,10500000,12,710,1800000,6200000,12500000,2500000,0.0
464,3,1.0,1.0,6100000,20900000,18,470,500000,8500000,18000000,7500000,1.0
465,5,1.0,1.0,5500000,17300000,16,874,1000000,2900000,13700000,7900000,0.0
466,5,1.0,1.0,500000,1800000,18,411,1000000,500000,1300000,200000,1.0
467,0,1.0,1.0,300000,1100000,2,482,200000,100000,1100000,400000,0.0
468,1,0.0,1.0,6200000,16900000,2,396,10600000,7500000,23700000,7600000,1.0
469,0,1.0,0.0,300000,900000,20,436,0,400000,600000,200000,1.0
470,0,1.0,1.0,6900000,22100000,20,303,13600000,4600000,22000000,6900000,1.0
471,4,0.0,0.0,3700000,11400000,12,728,4200000,5800000,7300000,2300000,0.0
472,3,1.0,1.0,8800000,28600000,10,775,5200000,5000000,32000000,9600000,0.0
473,5,0.0,1.0,8200000,23500000,12,402,15100000,1500000,24300000,5800000,1.0
474,1,1.0,1.0,9200000,31500000,18,698,5300000,6100000,20400000,8300000,0.0
475,0,1.0,0.0,2400000,7800000,14,665,5200000,2900000,6200000,2900000,0.0
476,4,1.0,0.0,4100000,13500000,18,490,4700000,6200000,13900000,2000000,1.0
477,1,0.0,0.0,8000000,31900000,12,504,23800000,1500000,22100000,6000000,1.0
478,3,1.0,1.0,3600000,8600000,8,790,5400000,5900000,9800000,5200000,0.0
479,1,1.0,1.0,700000,2700000,20,669,100000,1000000,2600000,500000,0.0
480,4,1.0,0.0,8300000,30700000,6,381,21700000,2300000,26700000,4600000,1.0
481,0,0.0,1.0,5300000,15000000,2,900,1700000,2100000,21000000,5800000,0.0
482,4,0.0,0.0,8300000,24900000,16,506,15400000,5600000,26700000,7000000,1.0
483,3,1.0,1.0,2500000,8800000,12,538,4900000,1800000,9100000,3300000,1.0
484,3,0.0,1.0,5400000,14400000,8,677,11000000,7900000,20800000,3100000,0.0
485,4,0.0,0.0,1600000,4900000,8,685,3200000,2000000,3800000,1500000,0.0
486,2,1.0,0.0,2400000,6200000,12,860,4900000,3700000,9500000,1100000,0.0
487,5,1.0,0.0,6300000,14800000,6,608,16100000,10500000,21800000,5400000,0.0
488,4,0.0,1.0,2500000,5300000,10,540,2300000,2800000,7100000,1700000,1.0
489,0,0.0,1.0,7500000,16800000,16,492,21500000,4800000,25400000,11100000,1.0
490,3,1.0,0.0,2900000,8500000,14,834,1200000,4500000,8800000,1800000,0.0
491,3,0.0,1.0,1000000,3500000,16,834,800000,1700000,3000000,700000,0.0
492,2,0.0,1.0,8600000,28800000,8,890,23300000,5900000,21200000,7200000,0.0
493,1,1.0,0.0,300000,1100000,12,443,600000,400000,1200000,200000,1.0
494,5,1.0,0.0,2300000,5700000,18,329,5600000,3300000,4900000,2700000,1.0
495,2,1.0,1.0,2400000,5400000,12,739,300000,2500000,5000000,3000000,0.0
496,5,0.0,1.0,9800000,30300000,6,867,20800000,16000000,30200000,7600000,0.0
497,2,1.0,0.0,8100000,24800000,6,307,200000,4000000,31100000,10500000,1.0
498,3,0.0,0.0,6700000,15500000,18,492,2100000,2000000,26300000,9400000,1.0
499,1,1.0,1.0,8400000,24700000,18,698,23000000,13200000,32700000,12200000,0.0
500,2,0.0,0.0,200000,700000,8,851,400000,200000,800000,200000,0.0
501,2,0.0,0.0,4700000,12500000,14,375,1300000,6300000,10100000,5400000,1.0
502,0,0.0,1.0,4300000,14300000,14,601,3800000,900000,16700000,5700000,0.0
503,4,1.0,0.0,2200000,7000000,20,756,3600000,3900000,5700000,1200000,0.0
504,4,0.0,1.0,8600000,19200000,4,868,20400000,1500000,32800000,9300000,0.0
505,4,0.0,1.0,2000000,7200000,10,838,2500000,300000,7600000,1000000,0.0
506,4,1.0,1.0,4200000,15900000,14,375,7200000,7900000,16200000,3000000,1.0
507,0,1.0,1.0,5100000,12500000,18,778,3300000,1000000,14800000,3200000,0.0
508,2,0.0,1.0,4100000,11200000,6,442,12200000,4100000,10000000,4500000,1.0
509,1,0.0,1.0,9900000,39500000,12,808,11800000,3700000,30200000,13500000,0.0
510,1,1.0,1.0,3200000,9000000,20,372,2700000,2800000,7200000,3800000,1.0
511,2,0.0,0.0,5500000,19000000,4,597,1100000,4000000,18700000,5300000,0.0
512,0,0.0,1.0,7800000,29100000,20,435,21100000,13000000,17300000,9700000,1.0
513,3,0.0,1.0,3400000,9700000,20,728,1500000,1500000,7300000,2400000,0.0
514,4,0.0,1.0,7900000,25900000,14,373,10900000,14300000,27700000,7600000,1.0
515,3,0.0,1.0,8900000,18500000,10,367,6100000,0,32000000,10300000,1.0
516,2,0.0,0.0,7300000,19100000,14,552,2000000,13400000,16800000,4000000,0.0
517,4,1.0,1.0,3300000,10600000,8,465,500000,4400000,7300000,2800000,1.0
518,4,0.0,1.0,2900000,10500000,8,607,4400000,5500000,7600000,3800000,0.0
519,2,0.0,1.0,500000,1300000,4,427,1400000,500000,1800000,600000,1.0
520,3,1.0,0.0,7200000,21200000,4,711,10800000,4200000,24900000,5700000,0.0
521,3,1.0,0.0,8300000,24100000,14,823,5900000,700000,24000000,7700000,0.0
522,1,1.0,1.0,8700000,20500000,6,523,19300000,6500000,23700000,4800000,1.0
523,4,1.0,1.0,7100000,27900000,10,328,9000000,13400000,26500000,7700000,1.0
524,3,0.0,1.0,9800000,28200000,12,721,15800000,6500000,21900000,9600000,0.0
525,0,0.0,1.0,6900000,17000000,20,599,18100000,9400000,26600000,4300000,0.0
526,0,1.0,0.0,2400000,5000000,14,580,5900000,4400000,5500000,3200000,0.0
527,1,1.0,1.0,2100000,4900000,10,744,200000,2000000,5400000,1000000,0.0
528,2,0.0,1.0,7200000,23900000,4,559,4200000,12200000,17800000,10800000,0.0
529,2,0.0,0.0,4600000,13500000,16,587,7700000,5900000,10600000,5000000,0.0
530,5,0.0,1.0,9900000,31800000,18,817,23400000,700000,32600000,11500000,0.0
531,4,1.0,1.0,300000,1000000,20,655,0,100000,1100000,400000,0.0
532,5,0.0,1.0,6900000,23900000,6,382,17100000,6900000,21500000,8900000,1.0
533,2,0.0,1.0,1700000,4300000,6,765,5000000,1500000,3400000,900000,0.0
534,2,0.0,1.0,4400000,10000000,20,516,7400000,7600000,12200000,5100000,1.0
535,4,1.0,1.0,4300000,15000000,8,383,4700000,100000,9000000,4900000,1.0
536,2,1.0,0.0,3700000,14100000,6,633,800000,200000,11300000,3400000,0.0
537,1,0.0,0.0,5900000,15200000,2,547,17100000,2000000,14700000,3600000,1.0
538,5,1.0,1.0,8600000,26300000,10,843,23300000,9800000,18100000,11300000,0.0
539,3,1.0,1.0,3400000,13200000,8,783,6500000,300000,13000000,4900000,0.0
540,3,1.0,1.0,1000000,3200000,14,790,1900000,100000,3600000,1100000,0.0
541,1,1.0,1.0,4400000,14200000,16,409,12700000,1300000,12600000,4500000,1.0
542,0,1.0,0.0,3600000,7800000,14,376,9800000,6900000,11900000,3000000,1.0
543,3,1.0,0.0,1400000,2700000,8,625,3100000,1800000,3400000,1000000,0.0
544,0,1.0,0.0,5300000,10900000,18,707,12900000,2600000,12700000,7600000,0.0
545,3,0.0,1.0,9400000,20500000,6,645,17400000,13000000,24500000,10200000,0.0
546,4,1.0,1.0,6600000,22100000,6,887,3600000,3500000,19800000,4700000,0.0
547,5,0.0,0.0,9800000,37600000,18,319,19200000,5100000,19900000,5100000,1.0
548,1,1.0,0.0,1900000,4900000,20,647,4100000,2100000,6800000,1700000,0.0
549,2,1.0,1.0,5800000,22500000,6,888,11900000,2600000,17100000,4800000,0.0
550,2,1.0,0.0,3100000,10400000,10,420,6900000,5900000,10000000,3500000,1.0
551,0,0.0,0.0,6800000,18400000,2,791,4000000,900000,20200000,9900000,0.0
552,5,1.0,0.0,4600000,16200000,12,891,5900000,1200000,10800000,3700000,0.0
553,2,1.0,1.0,200000,700000,16,641,600000,200000,600000,100000,0.0
554,3,1.0,1.0,9500000,22800000,6,319,200000,18800000,34100000,9400000,1.0
555,5,1.0,1.0,6200000,22200000,20,819,13500000,6600000,21700000,8700000,0.0
556,4,1.0,1.0,9700000,32300000,18,387,11600000,14300000,20000000,5400000,1.0
557,5,0.0,1.0,4200000,12300000,2,686,10500000,200000,15600000,4200000,0.0
558,1,0.0,1.0,5700000,12000000,4,415,15700000,900000,17300000,7400000,1.0
559,2,0.0,1.0,200000,500000,6,885,-100000,0,300000,200000,1.0
560,4,0.0,0.0,8000000,25500000,4,722,17200000,13900000,26200000,4900000,0.0
561,4,0.0,0.0,5200000,20400000,20,761,4700000,1600000,14300000,6200000,0.0
562,1,0.0,1.0,7100000,15200000,8,389,5900000,900000,24300000,5900000,1.0
563,1,0.0,1.0,9300000,27900000,12,600,2100000,4200000,29000000,6600000,0.0
564,5,0.0,0.0,2000000,6100000,2,407,1900000,1900000,4600000,2000000,0.0
565,3,0.0,1.0,3900000,14000000,18,829,5200000,4000000,11600000,2700000,0.0
566,2,1.0,0.0,2800000,5900000,6,895,1000000,3900000,10900000,1500000,0.0
567,5,0.0,1.0,3000000,11100000,12,441,8500000,2500000,7300000,2000000,1.0
568,4,1.0,0.0,4500000,9800000,16,895,9800000,8200000,13900000,5500000,0.0
569,4,0.0,0.0,1900000,4300000,4,826,2400000,0,7000000,900000,0.0
570,1,0.0,0.0,2300000,7200000,8,453,3000000,2100000,8100000,3400000,1.0
571,0,0.0,0.0,4700000,17500000,2,701,5400000,2300000,11700000,7000000,0.0
572,2,1.0,1.0,1300000,2700000,8,627,100000,300000,2600000,1300000,0.0
573,3,0.0,0.0,3100000,11000000,2,543,5900000,2200000,9000000,2400000,0.0
574,0,0.0,0.0,8400000,17500000,18,411,13200000,5300000,31300000,10400000,1.0
575,5,0.0,1.0,1700000,5800000,4,583,2000000,1800000,6000000,2300000,0.0
576,2,1.0,0.0,1900000,7500000,2,889,600000,1100000,7100000,2600000,0.0
577,3,1.0,0.0,2400000,8600000,8,684,3400000,2400000,6200000,1600000,0.0
578,5,0.0,0.0,6800000,20500000,10,578,500000,11800000,27200000,3400000,0.0
579,1,0.0,0.0,2900000,10900000,20,445,6600000,2800000,9300000,2600000,1.0
580,4,0.0,1.0,8900000,26300000,10,369,23900000,7000000,27400000,12100000,1.0
581,1,1.0,0.0,8800000,22200000,18,794,8400000,11900000,21000000,10500000,0.0
582,0,0.0,1.0,8200000,19200000,16,492,16500000,9200000,20000000,7200000,1.0
583,3,1.0,1.0,3600000,13200000,16,557,9800000,4000000,9900000,2100000,0.0
584,4,0.0,1.0,9500000,31800000,6,519,5900000,1300000,28400000,12200000,1.0
585,0,1.0,1.0,1900000,5700000,18,699,5500000,200000,6500000,2000000,0.0
586,3,1.0,1.0,9100000,24600000,2,741,8000000,4000000,35500000,13600000,0.0
587,5,0.0,0.0,1100000,3800000,18,508,200000,1800000,2300000,900000,1.0
588,5,1.0,1.0,1100000,2800000,10,647,2700000,2000000,4300000,1400000,0.0
589,1,0.0,0.0,9300000,28600000,14,656,17300000,9100000,27400000,12500000,0.0
590,4,0.0,1.0,3900000,10600000,2,439,300000,7600000,14800000,2500000,1.0
591,5,1.0,1.0,1500000,4000000,12,350,2900000,1900000,4400000,1200000,1.0
592,5,0.0,0.0,800000,2200000,6,493,900000,500000,2800000,1000000,1.0
593,4,0.0,0.0,600000,1800000,6,851,100000,1100000,2100000,800000,0.0
594,2,0.0,0.0,4400000,12500000,18,492,7900000,1200000,10100000,2700000,1.0
595,4,0.0,1.0,2700000,5400000,6,861,6300000,2400000,6700000,2700000,0.0
596,3,1.0,1.0,6200000,14600000,2,664,18300000,8400000,16800000,6600000,0.0
597,5,0.0,1.0,700000,1300000,16,362,2100000,1300000,2000000,1000000,1.0
598,0,0.0,0.0,3400000,9400000,6,703,600000,6000000,8600000,2600000,0.0
599,1,1.0,1.0,4900000,16800000,12,758,1700000,2700000,11100000,5900000,0.0
600,3,1.0,1.0,4200000,9700000,2,396,700000,8200000,8600000,4300000,1.0
601,0,0.0,1.0,5300000,10600000,2,828,8100000,6700000,17400000,5800000,0.0
602,5,0.0,1.0,3700000,10000000,20,709,8000000,800000,12000000,2200000,0.0
603,4,1.0,1.0,5600000,17500000,10,528,14200000,2300000,12100000,7200000,1.0
604,2,0.0,1.0,4300000,16000000,14,623,9800000,6700000,17000000,4500000,0.0
605,4,1.0,1.0,7100000,24500000,14,599,9100000,7000000,20400000,6800000,0.0
606,4,0.0,1.0,5400000,12700000,4,622,11000000,3300000,15100000,6500000,0.0
607,0,1.0,0.0,6000000,13100000,6,385,16600000,7600000,22000000,7400000,1.0
608,4,0.0,1.0,4100000,12500000,2,579,10900000,7200000,12200000,2000000,0.0
609,4,1.0,0.0,8300000,17900000,20,846,12700000,1300000,26800000,12200000,0.0
610,3,0.0,0.0,8100000,23900000,10,449,7100000,6100000,28300000,8900000,1.0
611,1,1.0,0.0,7200000,24900000,14,666,3600000,11600000,16600000,5800000,0.0
612,5,0.0,0.0,7200000,17500000,4,380,2300000,400000,17500000,6200000,1.0
613,2,0.0,1.0,3500000,8100000,4,589,3800000,6700000,12500000,2700000,0.0
614,1,0.0,0.0,6200000,19500000,12,845,9100000,2900000,15300000,4000000,0.0
615,3,1.0,0.0,5200000,17300000,10,401,2600000,1400000,12700000,6400000,1.0
616,0,1.0,0.0,4500000,14500000,2,766,6100000,8400000,17200000,6600000,0.0
617,5,1.0,0.0,5400000,15100000,12,522,5200000,4700000,13900000,5700000,1.0
618,3,1.0,1.0,2000000,6900000,6,834,2200000,2800000,6400000,3000000,0.0
619,3,0.0,0.0,8900000,25400000,8,588,19400000,12100000,18800000,4500000,0.0
620,2,0.0,0.0,5000000,10600000,4,570,11900000,900000,14800000,7100000,0.0
621,2,0.0,0.0,4900000,17600000,6,860,13600000,7500000,12700000,5600000,0.0
622,4,0.0,1.0,5300000,19200000,4,655,14200000,6900000,17800000,3900000,0.0
623,3,1.0,1.0,8500000,27700000,4,457,3600000,400000,18900000,5200000,0.0
624,5,0.0,1.0,700000,2100000,14,863,100000,1200000,2700000,600000,0.0
625,3,1.0,1.0,5900000,18900000,4,742,10800000,4500000,23200000,8000000,0.0
626,3,0.0,0.0,3500000,13300000,4,798,7400000,5300000,12100000,3600000,0.0
627,5,1.0,1.0,7700000,18900000,16,552,15600000,6100000,23900000,6600000,0.0
628,2,1.0,1.0,4500000,12500000,12,418,400000,4300000,12400000,4300000,1.0
629,0,0.0,0.0,9100000,22200000,6,419,7400000,600000,18200000,9800000,1.0
630,1,1.0,1.0,9000000,29900000,2,668,22100000,7200000,24400000,4700000,0.0
631,2,1.0,0.0,8900000,29200000,8,608,10800000,5200000,33500000,11700000,0.0
632,5,1.0,0.0,6500000,13800000,10,342,15300000,2300000,14400000,7300000,1.0
633,4,1.0,1.0,8100000,18000000,8,817,1400000,7800000,16900000,10800000,0.0
634,1,1.0,0.0,8400000,29900000,16,476,16100000,2400000,32700000,7500000,1.0
635,0,1.0,0.0,5300000,20000000,6,881,15900000,3700000,19500000,4000000,0.0
636,2,0.0,0.0,4100000,15600000,12,838,5500000,4800000,15100000,2700000,0.0
637,3,1.0,0.0,6900000,27400000,4,406,10200000,6500000,23900000,5300000,0.0
638,1,0.0,1.0,5200000,19500000,12,778,5200000,4300000,19900000,5800000,0.0
639,5,1.0,1.0,2000000,7400000,14,799,3600000,3700000,4300000,1100000,0.0
640,3,0.0,0.0,4600000,17800000,20,716,12600000,2600000,10800000,4500000,0.0
641,0,0.0,1.0,7100000,20100000,16,756,8000000,5000000,17600000,5400000,0.0
642,0,1.0,0.0,9300000,20100000,10,743,4800000,1800000,21900000,13600000,0.0
643,3,1.0,0.0,5400000,19400000,20,731,13800000,3200000,20000000,4300000,0.0
644,3,1.0,0.0,4100000,8500000,2,833,12000000,0,16200000,3400000,0.0
645,4,1.0,0.0,4900000,11400000,8,470,12000000,7500000,14700000,4800000,1.0
646,5,0.0,1.0,5400000,21200000,20,734,7300000,1800000,11500000,7500000,0.0
647,0,0.0,0.0,3000000,9600000,12,620,7900000,0,8600000,3600000,0.0
648,0,1.0,1.0,6800000,14400000,8,812,15200000,4500000,21100000,6400000,0.0
649,4,0.0,1.0,5100000,14000000,12,459,9800000,0,10400000,6800000,1.0
650,0,0.0,1.0,9800000,32600000,10,704,7000000,12100000,30000000,4900000,0.0
651,1,0.0,1.0,1600000,4100000,6,391,4300000,1400000,5700000,700000,1.0
652,4,0.0,0.0,8000000,29100000,4,421,3100000,12000000,27000000,8800000,0.0
653,5,0.0,0.0,2900000,6700000,14,796,3800000,3700000,9700000,4200000,0.0
654,4,0.0,0.0,9200000,30300000,10,607,24000000,16600000,29600000,8900000,0.0
655,3,1.0,0.0,9500000,20400000,14,376,2300000,6600000,25900000,8400000,1.0
656,0,0.0,1.0,3700000,8500000,8,424,1900000,5600000,14800000,4100000,1.0
657,5,0.0,1.0,7100000,20800000,6,442,2900000,7100000,28200000,7100000,1.0
658,5,1.0,0.0,5600000,17600000,14,448,6700000,3500000,18900000,6800000,1.0
659,0,0.0,1.0,1200000,2700000,2,638,1500000,500000,2700000,1500000,0.0
660,3,1.0,0.0,1600000,5600000,6,710,3100000,800000,6000000,1600000,0.0
661,4,1.0,1.0,1600000,4800000,20,641,4200000,1000000,4100000,1400000,0.0
662,2,1.0,0.0,5300000,20200000,10,348,9200000,9500000,17300000,6100000,1.0
663,5,1.0,0.0,9100000,19900000,20,519,9300000,16400000,28900000,10500000,1.0
664,4,1.0,1.0,9400000,35000000,10,517,10700000,15100000,27500000,6700000,1.0
665,3,1.0,0.0,5900000,22400000,6,375,6500000,10500000,18100000,4800000,1.0
666,2,0.0,1.0,1100000,3400000,10,426,300000,800000,3900000,1400000,1.0
667,4,0.0,1.0,3100000,11500000,14,785,3200000,3100000,9100000,4200000,0.0
668,4,1.0,0.0,2200000,8600000,20,373,4100000,1300000,5900000,1400000,1.0
669,1,0.0,0.0,6000000,20100000,6,476,13900000,10000000,15200000,5500000,1.0
670,1,0.0,1.0,2000000,5600000,18,320,2400000,2300000,4600000,2100000,1.0
671,4,0.0,0.0,7200000,22900000,18,657,14600000,400000,17400000,8800000,0.0
672,1,1.0,1.0,500000,1900000,12,868,200000,500000,1800000,300000,0.0
673,1,1.0,1.0,5800000,13900000,6,345,4000000,9300000,20900000,5500000,1.0
674,0,1.0,0.0,200000,300000,6,472,400000,100000,700000,0,1.0
675,4,1.0,1.0,4600000,9500000,20,613,5200000,5900000,13700000,3000000,0.0
676,5,1.0,1.0,4600000,12800000,14,769,13100000,8600000,12100000,3500000,0.0
677,1,0.0,0.0,6500000,23100000,20,741,11400000,8500000,25700000,7900000,0.0
678,4,1.0,1.0,4400000,16600000,14,889,800000,1400000,14900000,5900000,0.0
679,0,1.0,1.0,900000,3600000,10,683,1400000,700000,3500000,400000,0.0
680,0,1.0,1.0,3200000,7400000,18,780,4200000,2600000,9000000,2800000,0.0
681,3,0.0,0.0,600000,1100000,8,538,500000,800000,1400000,300000,1.0
682,1,1.0,0.0,5200000,12600000,10,721,1100000,8700000,13900000,3600000,0.0
683,3,1.0,1.0,6400000,15200000,14,467,15500000,9100000,18400000,3200000,1.0
684,2,1.0,0.0,1000000,2500000,6,551,1700000,200000,3700000,900000,0.0
685,2,1.0,0.0,6800000,14800000,14,803,11300000,3300000,19600000,6600000,0.0
686,0,0.0,0.0,3000000,8400000,10,361,7700000,200000,7300000,1800000,1.0
687,1,1.0,1.0,8700000,30700000,6,708,20600000,4500000,27600000,9300000,0.0
688,4,0.0,1.0,8800000,20900000,18,766,13500000,15400000,34500000,13100000,0.0
689,1,1.0,1.0,3900000,11500000,2,464,9300000,5700000,12400000,5100000,1.0
690,5,0.0,0.0,1700000,4300000,2,517,100000,200000,6200000,1600000,1.0
691,3,1.0,1.0,900000,2300000,6,747,1200000,200000,2900000,600000,0.0
692,1,1.0,0.0,7200000,24700000,6,596,8800000,1400000,21700000,5800000,0.0
693,0,0.0,0.0,9200000,25400000,2,783,25400000,2000000,19600000,12400000,0.0
694,3,1.0,0.0,5700000,19400000,2,335,7400000,10600000,20600000,7100000,0.0
695,5,1.0,1.0,1100000,2700000,4,889,1900000,1000000,2200000,500000,0.0
696,2,1.0,1.0,1100000,2200000,4,874,1900000,1300000,2100000,900000,0.0
697,0,0.0,1.0,6000000,23900000,4,394,6700000,5800000,21900000,4500000,0.0
698,2,0.0,1.0,8100000,28500000,20,420,1500000,1400000,31800000,10000000,1.0
699,2,1.0,1.0,6500000,25100000,20,848,11500000,8600000,17400000,4400000,0.0
700,0,0.0,1.0,7600000,17900000,16,788,1700000,7800000,27100000,5900000,0.0
701,1,0.0,0.0,2200000,4900000,8,509,3800000,0,5400000,2900000,1.0
702,4,0.0,1.0,6300000,23900000,6,899,-100000,11400000,20600000,6700000,0.0
703,4,1.0,1.0,6700000,15800000,12,466,7500000,4600000,19900000,6600000,1.0
704,5,0.0,1.0,1300000,4300000,2,595,1300000,500000,2900000,1500000,0.0
705,1,1.0,0.0,2800000,6700000,12,322,1900000,2000000,8600000,2100000,1.0
706,3,0.0,0.0,7000000,18900000,2,691,6300000,7400000,15200000,3900000,0.0
707,3,1.0,1.0,8800000,26700000,10,379,10100000,15500000,27000000,9700000,1.0
708,0,0.0,0.0,8900000,25800000,18,531,12400000,3400000,22900000,5400000,1.0
709,5,1.0,0.0,7000000,21800000,4,631,8100000,7100000,14600000,10000000,0.0
710,0,0.0,1.0,6900000,18600000,10,330,19600000,9400000,16400000,4500000,1.0
711,5,0.0,0.0,9200000,29200000,16,383,17700000,13300000,30400000,5700000,1.0
712,0,0.0,1.0,6100000,19700000,16,678,13700000,2300000,19300000,5500000,0.0
713,1,0.0,1.0,4400000,14700000,8,894,11400000,6300000,9400000,2400000,0.0
714,4,1.0,0.0,9900000,22700000,12,567,28300000,9900000,29700000,5400000,0.0
715,5,1.0,0.0,3900000,14000000,4,708,700000,1800000,15600000,5200000,0.0
716,3,0.0,0.0,6800000,21200000,2,433,10700000,1900000,23200000,6300000,0.0
717,4,1.0,0.0,3600000,8700000,14,302,6400000,3700000,7800000,4100000,1.0
718,4,0.0,0.0,700000,2600000,14,736,2100000,600000,1900000,400000,0.0
719,2,1.0,1.0,4000000,8500000,6,323,11200000,1000000,14300000,4100000,1.0
720,4,0.0,0.0,1800000,4100000,12,670,1900000,2900000,4700000,2200000,0.0
721,3,1.0,0.0,5600000,21000000,12,609,8800000,11000000,15800000,4900000,0.0
722,4,1.0,0.0,6800000,24200000,18,349,18800000,0,15800000,9400000,1.0
723,5,1.0,1.0,600000,1500000,2,319,100000,1100000,2100000,600000,1.0
724,1,1.0,0.0,4200000,16200000,14,391,5800000,2100000,14100000,2600000,1.0
725,4,1.0,0.0,5000000,18700000,10,755,3600000,600000,13000000,2600000,0.0
726,1,1.0,0.0,4100000,12200000,6,354,7300000,5600000,16300000,3500000,1.0
727,3,1.0,1.0,2200000,8800000,2,877,5000000,1300000,6400000,3100000,0.0
728,1,1.0,0.0,3400000,8600000,16,312,6400000,6100000,8400000,3000000,1.0
729,0,0.0,0.0,7100000,15900000,14,746,9500000,3900000,23500000,8000000,0.0
730,3,0.0,0.0,5800000,19600000,16,313,11100000,8100000,22700000,6300000,1.0
731,2,0.0,0.0,3400000,12900000,14,857,3400000,2500000,8700000,1900000,0.0
732,2,1.0,0.0,7700000,18300000,20,504,14600000,500000,18300000,4600000,1.0
733,0,0.0,0.0,500000,1200000,14,556,900000,0,1800000,500000,0.0
734,2,0.0,1.0,5300000,11000000,14,393,6800000,2400000,20500000,5200000,1.0
735,0,0.0,0.0,4700000,14400000,14,881,11000000,6100000,17600000,2400000,0.0
736,2,0.0,1.0,4300000,12200000,14,719,5100000,2600000,14000000,5700000,0.0
737,2,0.0,1.0,900000,2500000,16,458,-100000,100000,3200000,1100000,1.0
738,4,0.0,0.0,2000000,7500000,14,857,4300000,1500000,4200000,2100000,0.0
739,2,0.0,1.0,2000000,7600000,16,429,5300000,3100000,5800000,2200000,1.0
740,3,1.0,0.0,4100000,15900000,12,538,3900000,800000,8800000,5700000,1.0
741,1,1.0,0.0,6900000,14400000,10,828,4600000,13000000,26700000,9000000,0.0
742,5,0.0,1.0,2300000,6100000,6,339,5100000,2500000,8300000,2400000,1.0
743,5,0.0,1.0,5800000,16600000,18,376,2500000,7500000,21100000,2800000,1.0
744,5,1.0,0.0,8000000,30000000,14,549,14800000,200000,17300000,7000000,1.0
745,3,1.0,1.0,3700000,12700000,18,587,11000000,3100000,8800000,4100000,0.0
746,0,1.0,0.0,2600000,8400000,18,861,0,3500000,6200000,3800000,0.0
747,0,1.0,0.0,3000000,7000000,12,409,6400000,4900000,8000000,3500000,1.0
748,4,0.0,0.0,2700000,10200000,4,528,7800000,2200000,10000000,1600000,0.0
749,4,1.0,0.0,5700000,19600000,8,691,8800000,2200000,12100000,3000000,0.0
750,2,0.0,0.0,1500000,3600000,4,584,3900000,1300000,4800000,1700000,0.0
751,5,1.0,0.0,6800000,20000000,4,459,14500000,3000000,25000000,4900000,1.0
752,1,0.0,1.0,8100000,31700000,10,755,0,12700000,30100000,4700000,0.0
753,3,1.0,1.0,9200000,27700000,20,688,4800000,16300000,25800000,11200000,0.0
754,1,1.0,1.0,7600000,26000000,6,384,2600000,1200000,20000000,7900000,1.0
755,4,0.0,0.0,600000,1600000,20,869,1400000,1000000,1700000,200000,0.0
756,1,1.0,1.0,4700000,18700000,20,445,2100000,0,11100000,4000000,1.0
757,0,0.0,0.0,1400000,5500000,6,393,500000,1500000,5400000,1800000,1.0
758,3,0.0,1.0,9400000,24600000,10,414,8800000,13400000,23800000,5600000,1.0
759,2,0.0,0.0,9700000,19900000,16,395,2800000,13700000,37000000,10800000,1.0
760,3,1.0,1.0,8900000,21000000,14,815,200000,10800000,21600000,6400000,0.0
761,5,0.0,0.0,4600000,10500000,8,758,3900000,4300000,15800000,2900000,0.0
762,5,1.0,1.0,5600000,14500000,10,457,6900000,7800000,20600000,4600000,1.0
763,0,0.0,1.0,1000000,3200000,10,854,2600000,800000,2900000,1200000,0.0
764,3,0.0,0.0,3500000,10300000,16,324,2400000,900000,12600000,2400000,1.0
765,0,1.0,0.0,7900000,31500000,14,849,19400000,10300000,26600000,10600000,0.0
766,3,0.0,1.0,6100000,24200000,12,672,300000,11100000,23500000,5000000,0.0
767,3,1.0,1.0,8900000,20900000,6,859,9600000,16500000,29300000,11100000,0.0
768,4,0.0,0.0,5300000,15400000,8,584,5100000,1700000,14000000,5000000,0.0
769,5,1.0,0.0,1300000,4800000,4,346,3200000,1600000,3400000,1600000,0.0
770,3,0.0,0.0,4000000,12800000,18,635,6000000,7000000,12900000,4200000,0.0
771,2,1.0,0.0,8700000,22700000,4,365,8200000,14800000,30200000,7200000,1.0
772,1,1.0,0.0,9500000,20000000,16,856,24900000,0,35700000,6200000,0.0
773,5,0.0,1.0,9000000,20000000,2,440,17100000,1000000,28500000,7600000,1.0
774,0,0.0,1.0,7300000,23300000,2,616,15700000,5900000,25800000,4100000,0.0
775,3,0.0,1.0,7400000,25700000,2,461,5700000,2900000,15100000,5100000,0.0
776,5,1.0,0.0,3100000,10800000,10,681,5100000,1700000,7400000,1500000,0.0
777,2,0.0,0.0,4300000,9400000,2,485,11000000,8100000,11000000,2200000,1.0
778,1,0.0,1.0,2400000,8300000,6,684,5500000,3500000,5300000,2300000,0.0
779,1,0.0,0.0,5400000,17900000,14,727,13100000,0,12300000,4700000,0.0
780,2,1.0,0.0,1600000,5100000,6,784,1400000,2400000,4500000,1400000,0.0
781,3,1.0,1.0,9900000,20400000,4,865,26300000,3600000,36500000,12800000,0.0
782,3,1.0,0.0,5800000,20100000,18,791,1400000,10800000,16300000,5600000,0.0
783,4,1.0,0.0,2200000,8500000,16,866,4000000,1900000,6800000,2800000,0.0
784,0,0.0,0.0,5000000,14400000,2,761,-100000,7300000,12600000,4500000,0.0
785,2,1.0,1.0,600000,2100000,18,572,400000,500000,1400000,300000,0.0
786,4,0.0,0.0,2200000,8600000,6,601,2700000,2900000,6700000,3300000,0.0
787,1,0.0,1.0,2600000,5500000,14,820,2700000,2400000,9300000,2000000,0.0
788,4,1.0,0.0,1200000,4300000,8,598,1600000,1800000,3200000,1300000,0.0
789,2,0.0,0.0,3100000,8700000,18,544,5300000,1100000,12200000,1500000,1.0
790,5,1.0,1.0,4600000,14500000,14,561,2300000,6200000,10200000,5800000,0.0
791,4,0.0,1.0,9300000,35500000,6,547,2800000,17800000,27000000,13900000,1.0
792,4,0.0,0.0,6300000,13400000,2,504,10500000,10900000,14500000,9400000,1.0
793,2,1.0,0.0,5900000,20800000,14,530,7100000,5800000,13100000,8800000,1.0
794,2,0.0,1.0,2900000,10600000,6,614,1000000,300000,7600000,3600000,0.0
795,4,1.0,0.0,6100000,22400000,18,351,11800000,5000000,24400000,4800000,1.0
796,4,0.0,1.0,5900000,19700000,10,431,3300000,9200000,22700000,5300000,1.0
797,1,1.0,1.0,4600000,18400000,10,403,200000,8800000,17300000,2900000,1.0
798,2,1.0,0.0,7000000,20200000,8,668,16600000,5000000,26100000,9100000,0.0
799,3,1.0,1.0,5100000,10400000,18,399,8000000,4300000,20100000,4600000,1.0
800,1,0.0,0.0,3100000,10600000,14,665,6200000,800000,9500000,3900000,0.0
801,2,0.0,0.0,4100000,12800000,16,344,10300000,7000000,15800000,4100000,1.0
802,0,0.0,0.0,1800000,5400000,16,555,3900000,2900000,5100000,1700000,0.0
803,4,1.0,1.0,8200000,26900000,20,301,23800000,13600000,31000000,9900000,1.0
804,2,1.0,1.0,800000,2100000,6,726,2000000,0,2600000,600000,0.0
805,2,0.0,0.0,8400000,23100000,6,689,5700000,2500000,18900000,11900000,0.0
806,0,1.0,0.0,8500000,33900000,4,665,8500000,12800000,17900000,4500000,0.0
807,3,1.0,1.0,3300000,12700000,16,608,3600000,6200000,12600000,4500000,0.0
808,3,1.0,0.0,5800000,12800000,20,335,4400000,3000000,15300000,8000000,1.0
809,3,1.0,0.0,4400000,10500000,18,677,100000,2000000,12100000,5000000,0.0
810,1,1.0,0.0,2600000,8500000,2,491,1700000,1800000,5300000,2600000,0.0
811,2,1.0,1.0,9600000,28100000,20,763,23000000,11800000,27500000,10300000,0.0
812,5,1.0,1.0,5200000,18100000,8,809,2400000,6900000,14000000,5500000,0.0
813,5,1.0,1.0,9700000,36400000,16,544,3500000,15000000,31300000,5200000,1.0
814,1,0.0,1.0,200000,800000,14,624,600000,0,600000,0,0.0
815,3,0.0,0.0,6500000,16800000,10,388,9500000,800000,14900000,7200000,1.0
816,4,0.0,1.0,7200000,23100000,14,644,13300000,3500000,18300000,4200000,0.0
817,0,1.0,0.0,5200000,18400000,14,600,7300000,9700000,16500000,3600000,0.0
818,2,1.0,0.0,6500000,14100000,2,709,1000000,12700000,20900000,4000000,0.0
819,5,0.0,1.0,2300000,5600000,8,642,2600000,1900000,8600000,2500000,0.0
820,0,1.0,1.0,3300000,10400000,4,423,7400000,4700000,11600000,3200000,0.0
821,0,1.0,1.0,2000000,5900000,12,900,3800000,2400000,7100000,3000000,0.0
822,2,0.0,1.0,8300000,19500000,4,415,2300000,9400000,21700000,8600000,1.0
823,4,0.0,1.0,3800000,14300000,4,645,1300000,1100000,10900000,4600000,0.0
824,0,1.0,0.0,5700000,15600000,16,742,700000,5800000,11400000,6800000,0.0
825,4,1.0,0.0,7300000,19800000,8,724,5500000,6000000,29000000,10300000,0.0
826,1,0.0,0.0,1600000,5400000,12,707,600000,1700000,6200000,800000,0.0
827,5,1.0,1.0,800000,2500000,4,780,500000,900000,1700000,400000,0.0
828,4,1.0,0.0,6300000,21900000,10,538,9600000,5400000,19300000,7800000,1.0
829,2,0.0,0.0,8800000,17700000,14,706,22900000,4300000,30300000,9200000,0.0
830,0,0.0,0.0,7300000,14500000,16,811,1000000,12400000,16100000,9600000,0.0
831,2,0.0,1.0,3800000,9100000,14,849,6300000,2400000,9500000,2500000,0.0
832,3,0.0,0.0,6200000,16700000,10,880,15800000,8200000,20100000,9100000,0.0
833,5,1.0,1.0,3500000,9500000,4,664,9500000,500000,7800000,5200000,0.0
834,5,0.0,1.0,1400000,5000000,2,465,0,2600000,5300000,1500000,0.0
835,3,1.0,1.0,3500000,12000000,2,786,600000,6400000,10700000,1700000,0.0
836,1,0.0,1.0,600000,2000000,10,326,400000,1000000,2400000,700000,1.0
837,0,1.0,0.0,4100000,10800000,16,399,5900000,7600000,12700000,5300000,1.0
838,2,1.0,1.0,5400000,11500000,6,841,6800000,100000,11100000,6600000,0.0
839,2,1.0,1.0,2000000,6700000,14,638,4900000,200000,4900000,2300000,0.0
840,4,0.0,1.0,3500000,8900000,4,478,4000000,3900000,11300000,3800000,1.0
841,0,0.0,1.0,8300000,30000000,4,600,14600000,12500000,24800000,12000000,0.0
842,0,0.0,1.0,6700000,15600000,16,768,300000,1800000,26000000,3800000,0.0
843,0,1.0,0.0,1900000,6500000,10,523,2400000,1100000,6200000,1100000,1.0
844,2,0.0,1.0,6500000,20900000,14,327,8200000,100000,22800000,4700000,1.0
845,1,0.0,1.0,600000,1800000,8,799,1000000,700000,2200000,800000,0.0
846,5,0.0,0.0,7000000,23000000,18,803,18700000,6300000,27800000,4100000,0.0
847,2,0.0,0.0,7700000,15400000,18,524,12900000,5100000,21000000,6600000,1.0
848,1,0.0,0.0,2600000,6600000,6,506,2300000,1900000,9600000,2100000,1.0
849,1,0.0,0.0,9200000,18800000,2,351,22400000,2200000,31500000,13000000,1.0
850,2,0.0,1.0,1800000,4200000,8,648,1200000,3100000,6200000,1600000,0.0
851,1,1.0,0.0,4900000,18500000,4,612,6100000,5900000,16400000,2900000,0.0
852,1,0.0,0.0,5700000,12400000,14,396,5400000,7500000,17600000,5600000,1.0
853,3,1.0,0.0,300000,800000,2,458,500000,0,1100000,200000,1.0
854,3,0.0,1.0,1700000,3400000,6,488,100000,500000,4500000,1600000,1.0
855,4,0.0,0.0,7000000,18900000,6,475,1300000,6100000,14700000,5200000,1.0
856,1,1.0,0.0,2200000,7000000,18,417,2000000,3900000,6500000,1900000,1.0
857,2,1.0,0.0,6800000,18700000,8,781,17600000,900000,23700000,5400000,0.0
858,1,1.0,1.0,2400000,6200000,12,337,3400000,2100000,9400000,2300000,1.0
859,0,1.0,1.0,600000,1800000,12,511,300000,200000,2200000,400000,1.0
860,4,0.0,0.0,6200000,17300000,6,837,12600000,3700000,24700000,4600000,0.0
861,1,1.0,0.0,7600000,24600000,12,810,1300000,10500000,30300000,5200000,0.0
862,2,1.0,0.0,4800000,10600000,8,588,3700000,5200000,15000000,4500000,0.0
863,5,0.0,0.0,4200000,9200000,12,870,3200000,2400000,12300000,5700000,0.0
864,0,1.0,1.0,7200000,20700000,10,733,15600000,12000000,19200000,9900000,0.0
865,5,1.0,1.0,6400000,20300000,16,348,10000000,10900000,20400000,6900000,1.0
866,0,1.0,1.0,8900000,23000000,12,741,5600000,11200000,27100000,7100000,0.0
867,3,1.0,0.0,5100000,14500000,12,306,700000,8800000,11600000,2900000,1.0
868,2,0.0,1.0,6300000,19500000,18,428,15900000,7200000,19900000,6500000,1.0
869,3,0.0,0.0,6600000,22100000,4,455,3800000,3000000,25100000,7400000,0.0
870,1,1.0,1.0,4800000,14700000,2,356,7100000,8800000,13400000,5500000,0.0
871,0,0.0,0.0,200000,400000,4,594,500000,0,400000,100000,0.0
872,0,1.0,1.0,7500000,25800000,18,844,9100000,600000,18600000,6500000,0.0
873,4,0.0,0.0,9000000,34700000,4,771,4800000,9500000,34100000,7700000,0.0
874,2,0.0,0.0,5400000,12500000,4,622,14400000,2900000,11800000,5400000,0.0
875,1,1.0,1.0,1700000,4500000,20,480,200000,600000,5400000,1900000,1.0
876,4,0.0,0.0,4300000,11500000,20,337,11100000,6000000,17000000,5200000,1.0
877,1,0.0,0.0,5200000,11200000,6,698,14100000,7600000,18800000,2700000,0.0
878,4,1.0,0.0,4400000,17000000,18,302,1000000,2100000,14000000,5700000,1.0
879,1,1.0,1.0,3900000,7800000,14,349,11200000,500000,11800000,3600000,1.0
880,0,0.0,0.0,1100000,3300000,10,482,2800000,300000,2900000,1600000,1.0
881,2,0.0,0.0,2500000,8200000,10,429,1500000,4100000,5900000,2200000,1.0
882,4,0.0,0.0,500000,1300000,8,471,500000,300000,1500000,700000,1.0
883,0,0.0,1.0,9000000,32400000,10,895,16800000,5800000,20700000,9500000,0.0
884,1,1.0,1.0,5100000,20300000,18,757,11800000,3400000,13400000,3200000,0.0
885,2,0.0,0.0,5200000,13500000,2,777,7000000,5200000,15500000,6100000,0.0
886,5,1.0,1.0,4400000,8900000,4,761,8100000,1000000,14200000,3000000,0.0
887,1,0.0,0.0,1900000,4200000,12,821,5200000,1500000,5000000,2700000,0.0
888,4,1.0,1.0,9200000,26500000,6,662,1000000,400000,26900000,5300000,0.0
889,2,1.0,1.0,4800000,16500000,10,350,2000000,6500000,11400000,2900000,1.0
890,4,1.0,0.0,4900000,10700000,20,321,1200000,400000,11100000,6500000,1.0
891,3,0.0,1.0,4800000,10100000,4,368,9100000,5100000,16500000,3500000,1.0
892,4,0.0,0.0,9300000,24900000,14,455,27600000,4700000,35100000,13900000,1.0
893,5,1.0,1.0,7500000,24600000,8,744,1600000,3600000,16700000,9300000,0.0
894,1,0.0,0.0,5900000,16800000,4,806,11200000,9700000,22800000,7100000,0.0
895,0,0.0,0.0,9400000,27900000,6,456,21400000,18500000,35600000,7800000,1.0
896,5,0.0,0.0,5300000,13400000,8,719,1600000,200000,11400000,5300000,0.0
897,4,0.0,0.0,3700000,9000000,18,668,7800000,1600000,13400000,3100000,0.0
898,0,0.0,1.0,2500000,5800000,18,494,5100000,4400000,8500000,2300000,1.0
899,4,1.0,0.0,2800000,10800000,2,841,700000,2600000,7100000,4100000,0.0
900,0,0.0,1.0,5400000,21400000,8,721,8200000,6400000,16700000,7400000,0.0
901,5,0.0,0.0,3100000,9400000,10,414,200000,5300000,8000000,2800000,1.0
902,5,1.0,0.0,4800000,15500000,10,812,9500000,1500000,17800000,3500000,0.0
903,1,1.0,0.0,8800000,17500000,20,832,1800000,3600000,24000000,7400000,0.0
904,2,0.0,0.0,4100000,14900000,12,571,-100000,5200000,13000000,3400000,0.0
905,5,1.0,0.0,9700000,37000000,14,459,28700000,17900000,22800000,5600000,1.0
906,2,0.0,1.0,6400000,24100000,6,592,2500000,6300000,20200000,6000000,0.0
907,5,0.0,0.0,3400000,13100000,20,527,900000,4500000,8600000,4000000,1.0
908,4,1.0,0.0,3500000,10200000,12,333,7600000,6400000,8100000,3400000,1.0
909,3,1.0,0.0,3200000,10000000,18,532,3300000,100000,9800000,2100000,1.0
910,2,0.0,1.0,4900000,13100000,18,754,8200000,3300000,16500000,7200000,0.0
911,0,0.0,1.0,1300000,4800000,4,835,500000,100000,3300000,800000,1.0
912,4,0.0,0.0,2500000,5400000,10,592,3400000,1500000,9900000,2900000,0.0
913,0,0.0,0.0,7500000,27300000,20,553,11600000,2800000,26200000,6100000,0.0
914,2,0.0,0.0,700000,2000000,8,806,1900000,1100000,2200000,400000,0.0
915,4,0.0,1.0,8200000,28500000,2,378,6800000,11200000,26400000,11500000,0.0
916,1,1.0,0.0,6900000,26200000,4,534,14500000,11900000,14900000,9400000,0.0
917,1,1.0,1.0,1500000,5900000,16,400,4200000,2400000,4800000,1500000,1.0
918,3,0.0,0.0,6300000,18300000,18,543,1800000,9400000,17700000,3500000,1.0
919,0,1.0,1.0,8800000,25600000,10,715,25300000,2500000,34900000,8600000,0.0
920,4,0.0,1.0,8900000,20700000,6,684,1100000,9200000,20400000,6700000,0.0
921,3,1.0,1.0,2100000,6100000,8,346,5500000,600000,4500000,2900000,1.0
922,1,0.0,1.0,9200000,29200000,6,669,9900000,12900000,23400000,11700000,0.0
923,2,1.0,0.0,3600000,8000000,12,566,10500000,3000000,8900000,2700000,0.0
924,0,1.0,1.0,8600000,23600000,2,361,25800000,5300000,24700000,7500000,1.0
925,5,0.0,0.0,3000000,8000000,6,333,3200000,400000,8200000,2200000,1.0
926,3,1.0,1.0,5200000,16300000,8,335,9500000,7000000,13600000,7300000,1.0
927,3,0.0,1.0,7200000,20400000,10,558,0,13200000,27200000,10600000,0.0
928,1,1.0,1.0,4000000,15600000,12,436,10400000,2800000,14800000,3200000,1.0
929,1,1.0,0.0,2400000,5200000,2,371,6100000,3100000,8500000,1400000,1.0
930,2,1.0,1.0,5500000,18400000,10,515,6800000,4400000,18500000,4100000,1.0
931,0,1.0,1.0,9000000,24300000,10,599,12900000,3400000,26900000,6400000,0.0
932,0,1.0,1.0,7900000,24000000,20,728,18600000,15600000,21800000,7400000,0.0
933,2,1.0,1.0,6200000,21600000,20,679,18600000,2500000,24500000,9100000,0.0
934,3,0.0,1.0,7900000,29200000,4,399,23200000,5500000,30200000,6900000,0.0
935,3,1.0,0.0,1200000,4500000,6,819,1400000,1100000,4400000,900000,0.0
936,1,0.0,0.0,4700000,11700000,6,308,11800000,1100000,15100000,3700000,1.0
937,5,0.0,1.0,5900000,15600000,2,730,12600000,4700000,15900000,5900000,0.0
938,4,1.0,1.0,1400000,5100000,14,312,4000000,1000000,3200000,1400000,1.0
939,3,1.0,1.0,4700000,12800000,16,740,2200000,8600000,11700000,6100000,0.0
940,5,0.0,1.0,7600000,20000000,10,522,21500000,1400000,20400000,4300000,1.0
941,4,0.0,0.0,7200000,16900000,4,702,15900000,7100000,22000000,9600000,0.0
942,4,1.0,1.0,1400000,4300000,16,447,3600000,1200000,5300000,1000000,1.0
943,5,0.0,0.0,1400000,2900000,4,829,800000,600000,5400000,1600000,0.0
944,2,0.0,0.0,7900000,18500000,18,727,20200000,12400000,19600000,7100000,0.0
945,5,1.0,1.0,7600000,18700000,14,509,8500000,8500000,22200000,3700000,1.0
946,3,0.0,1.0,9600000,34200000,2,745,2500000,2000000,33000000,6700000,0.0
947,1,1.0,0.0,2300000,6600000,18,513,4600000,900000,9000000,1600000,1.0
948,2,1.0,0.0,8100000,18500000,6,372,19100000,10200000,31000000,7900000,1.0
949,2,0.0,1.0,300000,700000,4,411,600000,0,1200000,100000,1.0
950,4,0.0,0.0,4700000,10800000,20,495,11300000,6800000,17000000,4500000,1.0
951,5,1.0,0.0,1100000,2500000,4,827,2400000,1000000,4100000,600000,0.0
952,4,1.0,0.0,8600000,25100000,6,820,14400000,5000000,26000000,8300000,0.0
953,5,0.0,1.0,8700000,28100000,10,660,25500000,800000,25900000,10100000,0.0
954,0,1.0,0.0,2200000,8600000,4,563,900000,1000000,4400000,2800000,0.0
955,1,1.0,1.0,500000,1400000,10,883,900000,0,1700000,300000,0.0
956,0,1.0,1.0,9100000,22000000,12,387,25300000,15600000,31700000,7000000,1.0
957,1,0.0,0.0,2200000,8700000,12,613,500000,1800000,5700000,2400000,0.0
958,0,1.0,1.0,2200000,8000000,14,335,2800000,3700000,6900000,2900000,1.0
959,1,0.0,1.0,9600000,34500000,2,795,9500000,900000,32000000,9300000,0.0
960,1,0.0,1.0,6500000,13900000,8,369,9600000,300000,17200000,8300000,1.0
961,4,0.0,1.0,2400000,7400000,18,888,2700000,1600000,7600000,3200000,0.0
962,4,1.0,0.0,5500000,12300000,6,742,12900000,2700000,19800000,4300000,0.0
963,0,0.0,0.0,5000000,14400000,4,874,3000000,9300000,14100000,3900000,0.0
964,1,0.0,0.0,2700000,8100000,16,691,2000000,3600000,8100000,2100000,0.0
965,3,1.0,1.0,8500000,30300000,12,762,12700000,3700000,20000000,4200000,0.0
966,1,0.0,0.0,4400000,10700000,18,324,2200000,3300000,12700000,5400000,1.0
967,4,1.0,0.0,500000,1800000,20,777,900000,300000,1300000,200000,0.0
968,0,0.0,0.0,8300000,21400000,2,662,6100000,12300000,24500000,10200000,0.0
969,2,1.0,1.0,6000000,13000000,12,462,2100000,2500000,14600000,5600000,1.0
970,3,1.0,1.0,4000000,10400000,14,609,2100000,6900000,11700000,4600000,0.0
971,5,0.0,1.0,4400000,11700000,20,590,900000,2700000,15500000,2300000,0.0
972,3,0.0,1.0,4400000,15800000,18,779,7200000,5400000,14900000,3600000,0.0
973,2,0.0,1.0,1900000,5000000,14,641,1000000,900000,5500000,2400000,0.0
974,0,0.0,1.0,5000000,18400000,12,752,14600000,4000000,10500000,6500000,0.0
975,0,0.0,0.0,8000000,23700000,10,305,22200000,11600000,17200000,12000000,1.0
976,4,1.0,0.0,8200000,20700000,10,546,10800000,7000000,25000000,10600000,1.0
977,2,0.0,0.0,7000000,24200000,8,833,13700000,4100000,26100000,9100000,0.0
978,2,1.0,0.0,2400000,8800000,18,421,3200000,1500000,6700000,1400000,1.0
979,5,0.0,0.0,6600000,18800000,4,639,3200000,1100000,25100000,4300000,0.0
980,3,0.0,0.0,3200000,6900000,20,735,1500000,3700000,9200000,3100000,0.0
981,0,1.0,1.0,2600000,5400000,2,377,100000,4900000,6100000,2700000,1.0
982,3,1.0,0.0,6900000,15600000,20,310,4500000,3600000,20400000,4800000,1.0
983,4,0.0,0.0,4800000,14000000,2,695,11300000,1700000,15400000,4600000,0.0
984,1,1.0,1.0,300000,1200000,4,355,700000,300000,800000,200000,0.0
985,1,1.0,1.0,4300000,14100000,12,525,2100000,1100000,14100000,5500000,1.0
986,5,1.0,0.0,700000,2400000,20,330,1300000,700000,2500000,500000,1.0
987,5,0.0,0.0,9400000,25800000,14,625,28200000,15400000,30800000,11100000,0.0
988,3,1.0,1.0,800000,2900000,10,644,600000,500000,2900000,400000,0.0
989,5,1.0,0.0,4400000,14900000,4,865,8200000,6200000,14900000,3500000,0.0
990,1,0.0,1.0,4700000,14800000,6,661,8500000,6000000,13600000,6400000,0.0
991,2,1.0,0.0,2300000,5000000,8,884,1400000,1700000,6100000,1500000,0.0
992,5,0.0,1.0,8500000,26700000,10,803,500000,16600000,24400000,9600000,0.0
993,2,0.0,0.0,7600000,28300000,12,800,19700000,14800000,15600000,7800000,0.0
994,2,0.0,0.0,3200000,12600000,18,796,6200000,3500000,9600000,2000000,0.0
995,4,1.0,0.0,2400000,5000000,4,716,1500000,2800000,6900000,1400000,0.0
996,0,0.0,1.0,500000,1100000,18,479,1500000,500000,1800000,600000,1.0
997,3,1.0,1.0,8500000,28300000,2,810,25200000,4300000,18500000,10700000,0.0
998,0,0.0,1.0,8900000,20900000,18,568,18800000,700000,32700000,5300000,0.0
999,0,0.0,0.0,2800000,5600000,8,842,0,1300000,6100000,1900000,0.0
1000,3,1.0,1.0,2900000,7000000,4,806,5700000,5600000,5900000,3000000,0.0
1001,1,0.0,1.0,4900000,17700000,8,722,9200000,7300000,16400000,3000000,0.0
1002,5,1.0,0.0,9600000,20700000,14,442,25800000,9800000,31800000,8200000,1.0
1003,3,0.0,1.0,3300000,9800000,6,360,4500000,600000,11000000,4400000,1.0
1004,3,1.0,0.0,2800000,5900000,4,461,1600000,400000,8900000,2800000,1.0
1005,2,0.0,0.0,7800000,22200000,10,735,9700000,4600000,23000000,6900000,0.0
1006,4,0.0,1.0,2500000,8400000,12,761,6300000,1300000,8400000,1600000,0.0
1007,0,0.0,0.0,4400000,10600000,20,653,6800000,4600000,16800000,5400000,0.0
1008,0,1.0,0.0,7900000,30800000,4,726,5000000,14600000,23800000,5500000,0.0
1009,1,0.0,0.0,8900000,22600000,18,617,8400000,15500000,27900000,11700000,0.0
1010,0,0.0,0.0,5600000,13400000,2,460,3400000,4100000,14800000,4100000,1.0
1011,1,1.0,0.0,1400000,3300000,8,306,3200000,800000,2700000,800000,1.0
1012,5,0.0,1.0,500000,1400000,4,471,500000,100000,1300000,300000,1.0
1013,1,0.0,1.0,5100000,15300000,4,628,6900000,3300000,17600000,2700000,0.0
1014,3,0.0,0.0,9800000,25600000,10,404,24400000,6700000,37000000,11500000,1.0
1015,2,0.0,1.0,8600000,21600000,16,804,15400000,300000,26800000,7100000,0.0
1016,3,1.0,0.0,1600000,3900000,20,804,900000,2500000,3200000,800000,0.0
1017,1,1.0,1.0,2500000,6700000,2,502,3400000,2600000,9400000,1400000,1.0
1018,0,0.0,0.0,9500000,22600000,6,861,24700000,13200000,29000000,5600000,0.0
1019,2,1.0,1.0,3000000,7800000,14,555,6600000,2700000,9600000,1700000,0.0
1020,0,1.0,0.0,5100000,13600000,18,351,1700000,3700000,14400000,7600000,1.0
1021,2,1.0,1.0,7600000,23600000,6,358,20200000,2900000,22100000,10900000,1.0
1022,5,0.0,0.0,8800000,18800000,14,836,17300000,10100000,32700000,5400000,0.0
1023,4,1.0,1.0,1100000,2900000,4,554,2800000,1000000,4100000,1600000,0.0
1024,3,0.0,0.0,8700000,30500000,2,443,11800000,1800000,24600000,8100000,0.0
1025,5,1.0,0.0,6100000,23600000,4,725,17400000,5100000,15600000,4800000,0.0
1026,2,1.0,1.0,1900000,7000000,14,818,4800000,3500000,4500000,2100000,0.0
1027,1,1.0,0.0,9900000,38700000,6,670,19400000,12600000,35800000,6500000,0.0
1028,0,0.0,0.0,5800000,21100000,6,414,7900000,2400000,16000000,5600000,1.0
1029,2,1.0,1.0,9500000,37000000,8,887,21800000,18300000,19200000,11700000,0.0
1030,3,0.0,1.0,7900000,26600000,12,409,17100000,1400000,22500000,8700000,1.0
1031,1,1.0,1.0,1300000,4500000,14,679,2700000,2100000,3700000,1600000,0.0
1032,4,0.0,1.0,700000,2600000,18,478,600000,600000,2100000,300000,1.0
1033,3,0.0,0.0,600000,1200000,2,752,1100000,500000,2300000,700000,0.0
1034,0,0.0,0.0,9400000,33000000,4,616,15400000,5000000,25100000,7800000,0.0
1035,2,1.0,1.0,3800000,12500000,14,842,3700000,6700000,14600000,5300000,0.0
1036,3,0.0,1.0,7800000,26300000,20,840,1200000,11300000,24100000,5300000,0.0
1037,3,0.0,1.0,7800000,27700000,6,430,2000000,8000000,26100000,5300000,1.0
1038,4,1.0,0.0,2700000,7000000,4,351,1100000,2300000,8300000,2700000,1.0
1039,5,1.0,0.0,600000,2300000,4,347,0,0,1900000,200000,1.0
1040,3,1.0,1.0,8000000,28800000,10,576,18800000,7500000,16300000,11900000,0.0
1041,0,1.0,1.0,4000000,11000000,8,799,4400000,6100000,14700000,4200000,0.0
1042,1,1.0,1.0,3300000,10800000,2,550,6000000,3800000,11000000,4700000,0.0
1043,2,0.0,0.0,5800000,13300000,4,878,8400000,5400000,18600000,4500000,0.0
1044,3,0.0,1.0,2400000,4800000,12,895,6800000,300000,7300000,3300000,0.0
1045,4,1.0,0.0,7600000,29700000,6,603,3200000,2900000,27800000,11000000,0.0
1046,2,1.0,1.0,2500000,6900000,12,325,5800000,1600000,6400000,3600000,1.0
1047,2,0.0,0.0,3300000,11800000,4,393,5700000,3700000,6800000,2600000,0.0
1048,3,0.0,0.0,9800000,30300000,2,612,10700000,4600000,32100000,5600000,0.0
1049,0,0.0,1.0,1000000,3800000,8,553,2500000,1000000,2100000,1300000,0.0
1050,0,1.0,1.0,2500000,8800000,14,389,7300000,1400000,8500000,3600000,1.0
1051,0,0.0,0.0,1900000,6800000,4,782,100000,3400000,4900000,2400000,0.0
1052,3,0.0,0.0,3100000,8500000,12,493,8700000,5100000,12000000,2000000,1.0
1053,5,0.0,1.0,6000000,11900000,2,629,2500000,0,19200000,4200000,0.0
1054,5,1.0,0.0,6500000,21600000,10,419,1600000,10900000,22300000,6600000,1.0
1055,2,1.0,1.0,5900000,15800000,2,444,14300000,4300000,20300000,5500000,1.0
1056,5,1.0,1.0,6500000,15800000,16,301,9200000,9900000,17400000,7100000,1.0
1057,0,0.0,1.0,3800000,11200000,20,479,1100000,6400000,12000000,5400000,1.0
1058,3,1.0,1.0,3000000,11400000,10,424,1800000,4200000,10900000,1500000,1.0
1059,0,0.0,0.0,4300000,16900000,18,469,200000,5800000,12000000,6200000,1.0
1060,4,1.0,1.0,3500000,8300000,2,897,7900000,5500000,12600000,1800000,0.0
1061,3,1.0,0.0,300000,500000,2,477,700000,200000,800000,400000,1.0
1062,3,1.0,1.0,600000,1400000,16,509,600000,300000,2400000,900000,1.0
1063,0,0.0,1.0,800000,1700000,4,752,2300000,1100000,3200000,400000,0.0
1064,0,1.0,1.0,5600000,19100000,14,875,16700000,4700000,15100000,7700000,0.0
1065,2,1.0,1.0,1800000,3600000,4,343,3400000,1100000,6200000,1500000,1.0
1066,0,0.0,0.0,6800000,20800000,20,819,16500000,11900000,26700000,8000000,0.0
1067,2,0.0,1.0,4200000,16800000,2,433,3300000,0,14100000,3700000,0.0
1068,1,1.0,1.0,200000,400000,6,768,300000,100000,600000,0,0.0
1069,2,0.0,1.0,8500000,31800000,6,714,17000000,900000,26600000,5600000,0.0
1070,2,1.0,1.0,2800000,10100000,16,531,2900000,2900000,7200000,4100000,1.0
1071,0,0.0,1.0,3600000,8600000,6,529,3500000,3300000,11300000,5200000,1.0
1072,1,1.0,0.0,6200000,19500000,20,448,3300000,7100000,22400000,8000000,1.0
1073,1,0.0,0.0,2700000,10000000,2,584,6500000,2700000,7700000,3400000,0.0
1074,1,0.0,0.0,6800000,22900000,4,501,3900000,9400000,17300000,4400000,0.0
1075,2,1.0,0.0,6300000,24500000,18,848,10200000,3500000,18200000,8200000,0.0
1076,4,1.0,0.0,8800000,19100000,6,586,17600000,8800000,20600000,12400000,0.0
1077,1,0.0,0.0,5900000,13000000,2,386,16300000,5000000,12000000,3800000,1.0
1078,5,1.0,1.0,9800000,37900000,18,301,6700000,4900000,34300000,6200000,1.0
1079,2,0.0,0.0,3300000,8300000,6,653,4700000,3100000,8300000,4600000,0.0
1080,4,0.0,1.0,300000,500000,14,448,700000,100000,800000,100000,1.0
1081,1,1.0,1.0,4800000,11600000,16,696,1400000,9400000,11800000,6500000,0.0
1082,1,0.0,0.0,7500000,28300000,16,707,9700000,1100000,16300000,6700000,0.0
1083,2,1.0,0.0,8600000,21700000,4,429,5500000,10800000,30900000,6000000,1.0
1084,4,1.0,0.0,8900000,21100000,6,631,4200000,200000,25800000,6200000,0.0
1085,5,1.0,1.0,9600000,29600000,4,446,22900000,3500000,36600000,13200000,0.0
1086,0,0.0,1.0,7700000,18100000,18,705,6100000,5100000,23800000,6300000,0.0
1087,3,1.0,1.0,7000000,15200000,2,709,10300000,12500000,20700000,4000000,0.0
1088,4,1.0,1.0,7800000,19500000,14,739,1900000,9000000,20400000,4400000,0.0
1089,3,0.0,0.0,5100000,11000000,6,336,-100000,5800000,11600000,7500000,1.0
1090,4,0.0,0.0,9400000,32600000,4,898,18200000,4000000,22000000,10200000,0.0
1091,4,1.0,1.0,600000,2100000,6,558,1300000,1000000,2200000,300000,0.0
1092,3,0.0,0.0,5100000,13300000,4,589,11200000,2700000,20200000,6100000,0.0
1093,2,0.0,1.0,3800000,14400000,2,301,2300000,1400000,7600000,2400000,1.0
1094,2,1.0,1.0,5300000,21200000,14,516,2200000,5000000,20900000,7700000,1.0
1095,5,1.0,0.0,1100000,3600000,12,315,1300000,700000,3100000,1400000,1.0
1096,3,1.0,0.0,6400000,14400000,10,546,10600000,10000000,21200000,5100000,1.0
1097,0,1.0,1.0,5100000,14500000,14,559,11000000,1100000,12300000,6000000,0.0
1098,3,0.0,1.0,5300000,16900000,2,350,15800000,3100000,14300000,6800000,0.0
1099,1,0.0,0.0,6700000,18700000,8,583,9300000,4100000,17100000,6900000,0.0
1100,2,1.0,0.0,4000000,9400000,8,874,4400000,3700000,10200000,4800000,0.0
1101,2,1.0,1.0,3900000,11600000,8,808,5800000,3100000,12900000,5000000,0.0
1102,1,0.0,1.0,1600000,4900000,16,487,4300000,1100000,3900000,2000000,1.0
1103,3,0.0,0.0,2700000,7800000,14,870,5400000,5300000,5700000,2100000,0.0
1104,3,0.0,0.0,1400000,3800000,8,840,1700000,200000,5300000,1500000,0.0
1105,4,1.0,1.0,8000000,19200000,18,682,2500000,8900000,19000000,5300000,0.0
1106,3,0.0,1.0,8200000,28900000,10,668,23800000,4500000,28700000,10900000,0.0
1107,5,0.0,1.0,4800000,10300000,8,781,4800000,6800000,11100000,4300000,0.0
1108,4,0.0,0.0,8100000,19000000,6,375,4100000,14500000,19100000,11900000,1.0
1109,4,1.0,0.0,5900000,14900000,14,857,2600000,9500000,16000000,3500000,0.0
1110,5,0.0,1.0,8100000,32100000,6,823,18200000,1800000,24100000,6500000,0.0
1111,0,0.0,0.0,1400000,5000000,8,686,1800000,1900000,3200000,1500000,0.0
1112,1,0.0,0.0,1600000,6300000,2,721,3000000,600000,5200000,900000,0.0
1113,4,0.0,0.0,4600000,9400000,18,545,800000,2400000,11500000,6300000,1.0
1114,1,1.0,0.0,2900000,8900000,6,523,900000,5600000,9700000,1800000,1.0
1115,2,0.0,1.0,8600000,24900000,20,607,13600000,7600000,31800000,5400000,0.0
1116,4,1.0,0.0,3800000,14900000,20,428,6500000,3500000,12200000,2500000,1.0
1117,0,1.0,0.0,8200000,20300000,4,666,13100000,10200000,25900000,7800000,0.0
1118,3,0.0,0.0,3200000,10100000,20,704,3400000,4800000,9000000,3900000,0.0
1119,0,1.0,1.0,8100000,23800000,10,794,5400000,15500000,20700000,8800000,0.0
1120,1,0.0,1.0,9800000,23300000,12,430,3200000,12600000,30500000,13900000,1.0
1121,0,1.0,0.0,200000,500000,20,615,500000,200000,600000,200000,0.0
1122,0,1.0,0.0,6600000,14100000,20,360,6800000,5100000,25400000,7800000,1.0
1123,0,1.0,0.0,9100000,18300000,14,458,6100000,9200000,34100000,10000000,1.0
1124,2,1.0,0.0,5500000,20400000,12,887,8800000,9400000,12300000,3300000,0.0
1125,4,1.0,0.0,7200000,27400000,8,735,14100000,14200000,19400000,9500000,0.0
1126,1,1.0,0.0,2400000,5600000,16,379,3700000,600000,7200000,3400000,1.0
1127,4,0.0,0.0,9600000,25500000,20,544,4000000,11400000,23800000,11100000,1.0
1128,1,0.0,1.0,5800000,16700000,12,721,1100000,9700000,17200000,7500000,0.0
1129,4,1.0,0.0,2300000,6000000,8,676,6000000,400000,4800000,2200000,0.0
1130,1,1.0,0.0,300000,1200000,4,342,800000,100000,1100000,200000,0.0
1131,0,1.0,0.0,9900000,27000000,16,566,3500000,17300000,36900000,11500000,0.0
1132,2,1.0,0.0,3500000,14000000,2,355,8700000,1600000,11800000,2900000,0.0
1133,2,0.0,0.0,4800000,18500000,20,605,5700000,5500000,14700000,5800000,0.0
1134,2,1.0,0.0,1600000,5200000,16,525,300000,2900000,5600000,1600000,1.0
1135,5,0.0,1.0,800000,2500000,12,403,500000,0,3200000,800000,1.0
1136,1,0.0,1.0,9000000,33500000,18,727,18800000,10500000,28100000,5300000,0.0
1137,1,0.0,0.0,8300000,28900000,12,529,18300000,3900000,32500000,5800000,1.0
1138,4,0.0,0.0,2800000,6100000,18,415,2200000,4200000,8400000,2000000,1.0
1139,1,0.0,1.0,6400000,17300000,10,879,10000000,1100000,15400000,8200000,0.0
1140,2,1.0,1.0,6000000,12600000,16,649,4800000,5300000,23900000,5100000,0.0
1141,0,0.0,0.0,2900000,9800000,16,395,5400000,4300000,8600000,2400000,1.0
1142,0,0.0,0.0,6500000,24100000,20,488,3300000,6000000,22900000,9700000,1.0
1143,1,0.0,1.0,200000,400000,8,569,200000,200000,700000,300000,0.0
1144,1,1.0,0.0,8400000,24600000,14,817,1800000,13100000,31300000,8200000,0.0
1145,1,0.0,1.0,6100000,17800000,20,706,16000000,10900000,16900000,4300000,0.0
1146,2,0.0,1.0,8000000,31200000,8,553,6800000,3500000,21000000,10300000,0.0
1147,5,1.0,1.0,900000,1800000,14,464,2300000,300000,1800000,700000,1.0
1148,2,0.0,0.0,7300000,20000000,6,729,13100000,10700000,17900000,9100000,0.0
1149,4,1.0,1.0,3700000,7400000,12,363,4800000,6800000,10500000,4400000,1.0
1150,2,0.0,0.0,5200000,17200000,12,565,3500000,1300000,20000000,6300000,0.0
1151,1,0.0,0.0,7200000,21000000,14,421,3500000,11600000,21800000,4600000,1.0
1152,0,1.0,1.0,9400000,34200000,10,512,13100000,15600000,32600000,6300000,1.0
1153,3,1.0,1.0,3400000,12400000,2,730,2500000,3900000,12200000,4600000,0.0
1154,0,0.0,0.0,600000,2300000,8,627,1800000,500000,2200000,300000,0.0
1155,0,1.0,1.0,3300000,10000000,16,434,3000000,4100000,12900000,4100000,1.0
1156,2,0.0,1.0,5900000,14300000,2,410,11900000,4400000,16900000,4100000,1.0
1157,3,1.0,0.0,1300000,3600000,16,624,2400000,2300000,3300000,1900000,0.0
1158,4,0.0,1.0,5700000,16900000,4,656,13000000,7400000,22000000,8400000,0.0
1159,2,1.0,0.0,7700000,27300000,16,758,7300000,4600000,24800000,9100000,0.0
1160,4,1.0,1.0,7000000,23500000,18,336,15000000,9500000,19700000,7800000,1.0
1161,5,0.0,0.0,8100000,21900000,18,378,5200000,3400000,16200000,9600000,1.0
1162,1,0.0,1.0,1900000,4200000,4,620,4700000,2800000,7500000,900000,0.0
1163,2,0.0,0.0,4500000,9100000,18,593,-100000,600000,12400000,2500000,0.0
1164,0,1.0,1.0,9600000,34000000,12,710,23800000,10300000,38100000,7800000,0.0
1165,1,1.0,1.0,5400000,20700000,8,753,1900000,800000,19000000,3600000,0.0
1166,1,1.0,1.0,7800000,27200000,16,454,16100000,3400000,17100000,11400000,1.0
1167,1,0.0,1.0,8200000,19100000,8,619,17200000,12200000,31500000,6600000,0.0
1168,2,0.0,0.0,8900000,28500000,6,367,22200000,16600000,21500000,9300000,1.0
1169,1,0.0,0.0,1400000,3100000,20,384,200000,1200000,4200000,1800000,1.0
1170,2,0.0,0.0,1700000,5900000,16,610,3100000,300000,3700000,1300000,0.0
1171,0,0.0,0.0,5300000,19500000,12,802,9800000,3300000,15200000,3200000,0.0
1172,3,0.0,0.0,6500000,25200000,10,858,15400000,10900000,14000000,8100000,0.0
1173,2,0.0,0.0,5900000,14000000,8,599,4700000,9500000,17800000,6700000,0.0
1174,4,0.0,1.0,9800000,27000000,2,395,18700000,3000000,23000000,9700000,1.0
1175,3,0.0,1.0,7700000,16200000,6,380,11500000,15100000,22500000,6400000,1.0
1176,1,0.0,0.0,7900000,27100000,10,803,20000000,9800000,22200000,6600000,0.0
1177,4,0.0,0.0,3500000,8900000,20,809,7100000,1500000,13700000,3200000,0.0
1178,4,1.0,0.0,2400000,6600000,2,722,6100000,3300000,5600000,3000000,0.0
1179,5,0.0,0.0,9900000,35700000,10,392,7900000,4300000,39200000,13000000,1.0
1180,0,0.0,0.0,3900000,14500000,8,545,5900000,3000000,10300000,3400000,1.0
1181,2,1.0,1.0,7300000,28500000,10,799,21500000,3100000,15800000,4300000,0.0
1182,0,0.0,1.0,6400000,21900000,12,727,15400000,10100000,24000000,5300000,0.0
1183,4,0.0,0.0,7100000,19800000,18,530,7100000,3400000,20900000,7100000,1.0
1184,2,1.0,0.0,8800000,19000000,14,637,13700000,13900000,27100000,6100000,0.0
1185,5,0.0,0.0,7400000,21000000,4,561,21300000,3800000,26400000,3900000,0.0
1186,2,1.0,0.0,4400000,12000000,20,421,9300000,2700000,15700000,3400000,1.0
1187,3,0.0,1.0,8600000,30300000,14,459,12000000,4100000,23800000,9100000,1.0
1188,3,1.0,0.0,6900000,26000000,14,828,14800000,4200000,18500000,3600000,0.0
1189,4,0.0,0.0,9600000,27500000,20,679,23400000,7500000,37800000,6300000,0.0
1190,2,0.0,1.0,8100000,25700000,8,455,22300000,11500000,19800000,9500000,1.0
1191,0,1.0,0.0,2600000,9400000,18,879,2800000,1400000,5100000,2300000,0.0
1192,3,0.0,1.0,9300000,26100000,14,636,4700000,16100000,34500000,11600000,0.0
1193,2,1.0,1.0,2100000,5600000,16,426,400000,300000,7100000,1200000,1.0
1194,4,1.0,1.0,9000000,21500000,14,508,16600000,17300000,24300000,13100000,1.0
1195,3,1.0,1.0,7000000,19200000,4,768,8600000,13700000,19200000,7700000,0.0
1196,3,1.0,0.0,2200000,6400000,20,667,6300000,3900000,8300000,2900000,0.0
1197,5,0.0,1.0,7500000,28200000,2,440,8200000,5800000,24400000,6000000,0.0
1198,1,0.0,1.0,8300000,16800000,2,366,22000000,6600000,27300000,4500000,1.0
1199,2,1.0,0.0,300000,600000,2,383,600000,300000,1100000,400000,1.0
1200,0,1.0,1.0,300000,800000,4,603,800000,200000,600000,200000,0.0
1201,3,0.0,0.0,3900000,14900000,4,728,4700000,4000000,14900000,5500000,0.0
1202,0,1.0,0.0,6600000,20300000,6,549,10800000,900000,23100000,9800000,1.0
1203,0,0.0,0.0,4100000,10700000,8,855,11500000,700000,11200000,3100000,0.0
1204,5,0.0,1.0,1800000,5300000,12,461,2800000,2000000,4700000,2000000,1.0
1205,3,1.0,1.0,7000000,16100000,16,379,2000000,5200000,23000000,10000000,1.0
1206,2,1.0,1.0,5100000,13700000,6,559,7800000,9800000,12700000,5100000,0.0
1207,1,1.0,1.0,300000,600000,8,816,600000,300000,1100000,200000,0.0
1208,4,1.0,1.0,4300000,11400000,2,560,10000000,3900000,8900000,3300000,0.0
1209,0,0.0,1.0,3200000,12000000,14,645,5200000,1400000,12100000,3400000,0.0
1210,4,1.0,1.0,4200000,11500000,6,551,10600000,7600000,11300000,5000000,0.0
1211,0,1.0,1.0,9600000,22900000,8,515,4300000,14700000,33300000,7800000,1.0
1212,4,0.0,0.0,1300000,3600000,10,657,3200000,1900000,2900000,1100000,0.0
1213,3,1.0,0.0,2400000,9300000,2,682,3100000,4400000,5200000,1500000,0.0
1214,0,0.0,0.0,600000,1600000,10,588,1600000,100000,1100000,300000,0.0
1215,5,0.0,1.0,9600000,38000000,10,359,2100000,13600000,38200000,9400000,1.0
1216,0,0.0,0.0,400000,1200000,4,766,900000,300000,1200000,300000,0.0
1217,4,0.0,0.0,5900000,19900000,14,469,14200000,6800000,22100000,3200000,1.0
1218,0,0.0,1.0,700000,1400000,10,618,1300000,200000,1700000,500000,0.0
1219,0,1.0,1.0,8600000,17700000,20,711,22000000,0,30800000,7400000,0.0
1220,0,0.0,1.0,9000000,34000000,4,549,2000000,8900000,20000000,12400000,0.0
1221,3,0.0,1.0,5100000,20400000,6,754,1700000,2600000,11800000,7600000,0.0
1222,4,1.0,1.0,500000,1500000,6,461,1300000,500000,1700000,200000,1.0
1223,2,0.0,0.0,1600000,3800000,10,837,3800000,1100000,5500000,1600000,0.0
1224,0,0.0,1.0,9800000,23900000,14,459,1000000,13400000,21100000,7200000,1.0
1225,4,0.0,0.0,7800000,29700000,20,614,22000000,700000,26800000,6300000,0.0
1226,4,1.0,0.0,6500000,24000000,16,373,5600000,5100000,15600000,6700000,1.0
1227,5,0.0,1.0,7500000,26500000,12,512,16500000,2900000,23700000,6000000,1.0
1228,4,0.0,1.0,8900000,23400000,18,781,16500000,3100000,24900000,5800000,0.0
1229,4,0.0,1.0,1800000,5800000,14,305,600000,3300000,3600000,2000000,1.0
1230,1,1.0,1.0,7600000,27800000,6,447,1300000,700000,20100000,10900000,1.0
1231,4,0.0,1.0,1200000,4600000,6,757,1900000,200000,4800000,1500000,0.0
1232,5,0.0,1.0,2700000,10400000,2,723,2800000,700000,10300000,1400000,0.0
1233,1,1.0,1.0,4600000,10900000,12,463,1200000,1200000,10900000,6600000,1.0
1234,2,1.0,0.0,6900000,18700000,10,699,12800000,5700000,21200000,5200000,0.0
1235,4,0.0,1.0,8400000,25200000,2,308,8100000,9300000,27700000,10500000,0.0
1236,0,0.0,0.0,300000,500000,18,702,300000,400000,1200000,100000,0.0
1237,2,1.0,1.0,9500000,37500000,4,456,10200000,16800000,34100000,12900000,0.0
1238,3,0.0,1.0,1900000,5900000,8,651,700000,2100000,6200000,1500000,0.0
1239,3,1.0,0.0,4200000,14500000,20,840,4500000,5900000,8900000,4600000,0.0
1240,4,0.0,1.0,2200000,7900000,18,848,5100000,1700000,8500000,1600000,0.0
1241,5,0.0,1.0,7100000,19700000,4,727,7700000,12900000,23600000,5800000,0.0
1242,4,0.0,0.0,3500000,11600000,10,335,6300000,5200000,10300000,2300000,1.0
1243,5,1.0,0.0,400000,800000,18,304,900000,500000,1400000,400000,1.0
1244,2,0.0,1.0,8800000,34400000,2,712,10500000,12500000,29300000,5900000,0.0
1245,0,1.0,0.0,1800000,6600000,10,737,5000000,2000000,6000000,1500000,0.0
1246,1,0.0,1.0,7600000,29300000,14,690,13900000,4000000,30000000,9100000,0.0
1247,1,0.0,1.0,1000000,3200000,4,888,2000000,1500000,2200000,1300000,0.0
1248,2,1.0,1.0,8200000,27200000,10,839,9200000,6400000,25500000,6000000,0.0
1249,5,1.0,1.0,3600000,12400000,8,333,8800000,1000000,10700000,4000000,1.0
1250,5,0.0,0.0,9400000,23700000,18,862,21500000,3500000,22400000,5600000,0.0
1251,5,1.0,0.0,2600000,9100000,4,309,6400000,1400000,5900000,3400000,0.0
1252,5,1.0,0.0,9500000,30700000,10,823,16300000,3700000,30300000,13100000,0.0
1253,0,0.0,1.0,3500000,11700000,14,649,2700000,700000,11400000,4800000,0.0
1254,5,1.0,1.0,9800000,35700000,10,726,9400000,18900000,31200000,12000000,0.0
1255,4,0.0,0.0,800000,3100000,18,712,400000,700000,1900000,1100000,0.0
1256,0,1.0,0.0,9700000,37300000,20,701,12100000,16200000,24100000,10500000,0.0
1257,3,0.0,0.0,6200000,21300000,12,655,6500000,11600000,19200000,5000000,0.0
1258,1,1.0,1.0,4400000,16600000,18,385,800000,5300000,13400000,5100000,1.0
1259,2,0.0,0.0,1800000,3800000,4,777,5100000,2700000,4600000,1400000,0.0
1260,3,0.0,0.0,1700000,5300000,14,696,300000,700000,4500000,800000,0.0
1261,3,0.0,0.0,3900000,14100000,16,496,2500000,2200000,13700000,2900000,1.0
1262,2,0.0,1.0,2200000,7900000,6,659,3400000,1800000,8600000,2400000,0.0
1263,3,1.0,1.0,6300000,17700000,2,542,16800000,900000,16400000,5300000,1.0
1264,2,1.0,0.0,2200000,8700000,18,729,3900000,3300000,7600000,1300000,0.0
1265,1,0.0,0.0,8100000,28400000,6,744,20300000,10500000,21800000,7700000,0.0
1266,4,1.0,0.0,6800000,17000000,2,749,18000000,3800000,27100000,9400000,0.0
1267,0,0.0,0.0,4700000,14800000,20,755,12300000,5000000,15400000,3700000,0.0
1268,3,0.0,1.0,2200000,5300000,2,506,1600000,1700000,5800000,2800000,1.0
1269,3,0.0,1.0,3500000,13000000,6,391,6100000,3500000,13300000,4300000,1.0
1270,1,1.0,1.0,3500000,11600000,10,898,3100000,2700000,9000000,4500000,0.0
1271,5,1.0,0.0,500000,1500000,12,527,100000,600000,1100000,200000,1.0
1272,5,1.0,0.0,9900000,35800000,20,470,9500000,18400000,39100000,14700000,1.0
1273,1,0.0,0.0,8400000,25000000,12,694,5300000,14900000,23000000,7700000,0.0
1274,1,0.0,0.0,5000000,18800000,14,325,13100000,5700000,12800000,4300000,1.0
1275,4,1.0,1.0,5500000,13400000,10,880,300000,800000,19900000,2800000,0.0
1276,5,0.0,1.0,3000000,11900000,14,459,6000000,4800000,11700000,4200000,1.0
1277,3,1.0,1.0,9400000,21400000,10,323,5100000,15500000,29600000,11300000,1.0
1278,4,0.0,0.0,7600000,29000000,8,739,22100000,8100000,22100000,8800000,0.0
1279,0,1.0,1.0,5500000,16300000,10,724,11900000,1500000,11900000,6200000,0.0
1280,1,0.0,0.0,3100000,7400000,18,487,8400000,1200000,9200000,4500000,1.0
1281,3,0.0,0.0,7700000,27700000,4,439,13900000,7500000,27100000,6200000,0.0
1282,2,0.0,0.0,9800000,25400000,2,655,19900000,4600000,21300000,7900000,0.0
1283,3,1.0,0.0,3200000,9200000,14,443,3300000,1100000,7200000,4500000,1.0
1284,2,0.0,0.0,700000,2600000,20,489,100000,200000,2400000,900000,1.0
1285,4,1.0,1.0,3100000,8600000,14,427,3100000,3800000,9900000,3700000,1.0
1286,0,0.0,1.0,4500000,10500000,20,417,9800000,2000000,9600000,5800000,1.0
1287,5,1.0,1.0,8900000,24800000,18,842,16200000,5000000,20000000,8100000,0.0
1288,3,1.0,0.0,5900000,23200000,2,307,15500000,10000000,21100000,6300000,0.0
1289,2,1.0,0.0,1500000,4500000,18,428,4500000,1200000,5600000,1100000,1.0
1290,4,1.0,1.0,6300000,15200000,16,415,15500000,1800000,20700000,7900000,1.0
1291,3,1.0,1.0,6500000,18200000,20,405,10400000,2800000,21300000,6700000,1.0
1292,4,0.0,0.0,8000000,31500000,18,683,10300000,7900000,30100000,9600000,0.0
1293,1,0.0,1.0,3300000,10600000,14,742,300000,600000,8400000,4500000,0.0
1294,4,1.0,0.0,3900000,10000000,10,530,10900000,200000,12300000,1900000,1.0
1295,3,0.0,0.0,1600000,3500000,10,844,4500000,2200000,5200000,1600000,0.0
1296,2,1.0,1.0,3900000,13900000,18,715,5000000,5600000,9900000,2100000,0.0
1297,3,0.0,1.0,8000000,26300000,12,476,21700000,6600000,16400000,9000000,1.0
1298,2,0.0,0.0,2200000,4800000,6,721,1800000,100000,6900000,2200000,0.0
1299,4,1.0,0.0,7600000,30300000,12,339,20400000,8000000,22200000,5800000,1.0
1300,5,1.0,1.0,2700000,6800000,6,461,4500000,2000000,8200000,1700000,1.0
1301,2,0.0,1.0,6300000,23200000,12,556,7000000,8300000,24200000,5300000,0.0
1302,3,1.0,0.0,7700000,18700000,8,483,15100000,5600000,24600000,10200000,1.0
1303,2,0.0,0.0,4500000,17200000,18,406,4100000,6300000,13800000,3300000,1.0
1304,2,0.0,1.0,9400000,24800000,14,513,24200000,18200000,37200000,7500000,1.0
1305,0,1.0,0.0,4600000,12600000,16,574,3400000,6200000,15100000,3600000,0.0
1306,0,0.0,1.0,5200000,15700000,6,692,3800000,7000000,12800000,5500000,0.0
1307,5,0.0,1.0,8000000,29800000,18,867,17700000,14100000,22800000,9200000,0.0
1308,1,1.0,1.0,9900000,38500000,2,875,19600000,2900000,20200000,6500000,0.0
1309,4,0.0,1.0,8500000,18600000,10,597,16600000,3200000,21000000,11600000,0.0
1310,2,0.0,1.0,4900000,12000000,20,513,14200000,8100000,18300000,4800000,1.0
1311,3,0.0,1.0,7000000,24200000,2,354,18200000,7000000,15900000,7900000,0.0
1312,2,1.0,0.0,9600000,25900000,18,647,11800000,9900000,35600000,11500000,0.0
1313,1,0.0,0.0,9700000,23700000,6,875,11500000,14400000,38100000,10400000,0.0
1314,1,0.0,0.0,6200000,14300000,20,819,7500000,11700000,16700000,4300000,0.0
1315,4,1.0,1.0,4100000,9600000,10,521,11900000,7100000,14100000,4900000,1.0
1316,0,0.0,1.0,6100000,19900000,20,761,4500000,3700000,12700000,7100000,0.0
1317,0,0.0,0.0,700000,1900000,18,572,1400000,1000000,2000000,300000,0.0
1318,3,0.0,0.0,6400000,24100000,12,571,19000000,11500000,13200000,7500000,0.0
1319,4,0.0,1.0,3800000,7800000,20,891,4600000,7000000,14300000,3300000,0.0
1320,1,1.0,0.0,4900000,14800000,12,895,8600000,8200000,18300000,5200000,0.0
1321,2,0.0,0.0,2100000,6600000,20,580,3800000,4100000,6200000,2100000,0.0
1322,2,0.0,0.0,6200000,23400000,8,605,10000000,10800000,21800000,9200000,0.0
1323,4,1.0,0.0,1600000,5100000,8,705,2400000,800000,5100000,1900000,0.0
1324,1,1.0,1.0,1300000,5000000,20,423,900000,800000,3900000,1600000,1.0
1325,5,1.0,1.0,7300000,22500000,2,846,9800000,4700000,20300000,5700000,0.0
1326,2,1.0,0.0,2100000,5000000,4,542,700000,600000,6600000,3100000,1.0
1327,5,1.0,0.0,600000,2400000,18,631,600000,300000,2100000,900000,0.0
1328,4,0.0,0.0,7000000,24500000,18,318,4300000,1700000,16300000,3600000,1.0
1329,1,1.0,1.0,3000000,6800000,10,541,5800000,5700000,10700000,2900000,1.0
1330,1,0.0,0.0,900000,2900000,20,782,0,1500000,3500000,800000,0.0
1331,2,0.0,0.0,9600000,35000000,2,888,12600000,6500000,37900000,5800000,0.0
1332,0,0.0,0.0,1500000,3600000,14,747,200000,1400000,3000000,1200000,0.0
1333,0,0.0,1.0,5000000,18900000,6,641,4300000,8500000,19600000,6700000,0.0
1334,3,0.0,1.0,500000,1700000,4,640,400000,700000,1300000,200000,0.0
1335,4,1.0,0.0,7600000,28100000,12,324,12500000,8500000,19900000,11100000,1.0
1336,4,0.0,0.0,5500000,21200000,20,359,4200000,5300000,18600000,6400000,1.0
1337,0,1.0,1.0,6600000,23300000,12,338,2400000,800000,18900000,9300000,1.0
1338,0,0.0,0.0,1400000,3200000,14,384,3100000,800000,3400000,2000000,1.0
1339,5,1.0,1.0,8800000,26600000,16,545,19100000,16600000,30400000,7600000,1.0
1340,5,1.0,0.0,6200000,24200000,18,610,10200000,7800000,19600000,8300000,0.0
1341,2,0.0,1.0,8300000,27900000,18,840,12600000,3500000,19100000,9200000,0.0
1342,3,1.0,0.0,2400000,8100000,6,630,5100000,2900000,9100000,2300000,0.0
1343,1,0.0,0.0,9100000,31200000,4,508,12800000,11700000,31100000,7800000,0.0
1344,0,1.0,1.0,9500000,34900000,4,535,800000,14100000,25600000,14000000,0.0
1345,1,0.0,0.0,1200000,3400000,20,717,3100000,1500000,2500000,900000,0.0
1346,2,0.0,1.0,7700000,19300000,8,735,1200000,1900000,23800000,10400000,0.0
1347,5,0.0,1.0,7800000,22000000,20,528,5800000,8800000,24700000,4900000,1.0
1348,0,0.0,1.0,9400000,20000000,4,350,3300000,1400000,37200000,4700000,1.0
1349,0,1.0,0.0,1700000,5700000,12,422,3400000,1100000,6500000,900000,1.0
1350,5,0.0,0.0,4000000,13700000,6,496,-100000,1400000,15800000,3700000,1.0
1351,4,1.0,0.0,4200000,15500000,18,794,7300000,700000,13400000,2200000,0.0
1352,2,0.0,0.0,2400000,7700000,6,719,6000000,1700000,6700000,1600000,0.0
1353,3,1.0,1.0,2700000,6100000,14,630,3900000,2800000,10600000,2300000,0.0
1354,3,1.0,1.0,600000,1800000,4,843,1400000,300000,1700000,400000,0.0
1355,2,0.0,0.0,4600000,15600000,2,764,7700000,1500000,16000000,5800000,0.0
1356,3,0.0,0.0,7200000,17700000,4,662,13100000,11500000,16300000,5300000,0.0
1357,0,1.0,0.0,4700000,15500000,16,311,12800000,200000,17500000,2700000,1.0
1358,4,1.0,0.0,4300000,10100000,2,606,9900000,1800000,8900000,5500000,0.0
1359,5,0.0,0.0,4700000,10200000,16,874,10800000,7700000,11100000,7000000,0.0
1360,4,1.0,1.0,8700000,30000000,4,370,17600000,15600000,34600000,12100000,0.0
1361,1,0.0,0.0,7000000,20500000,10,414,19700000,7500000,20700000,5100000,1.0
1362,2,1.0,0.0,600000,1100000,10,800,1200000,200000,2300000,900000,0.0
1363,1,1.0,0.0,6800000,16900000,12,779,13800000,10200000,23400000,4400000,0.0
1364,1,1.0,0.0,6400000,14100000,20,553,11700000,4500000,20000000,3600000,0.0
1365,4,1.0,0.0,7600000,29900000,18,445,4800000,13900000,18400000,5700000,1.0
1366,3,1.0,0.0,9000000,21400000,8,496,16400000,7300000,31800000,12500000,1.0
1367,0,0.0,1.0,2400000,5900000,10,650,5100000,3700000,5300000,2300000,0.0
1368,3,1.0,0.0,6800000,17900000,6,783,20000000,9800000,23600000,5500000,0.0
1369,5,0.0,1.0,3500000,13500000,10,535,3100000,5700000,12500000,3100000,1.0
1370,4,0.0,1.0,8900000,34000000,20,415,13500000,3100000,33600000,12800000,1.0
1371,0,1.0,0.0,6000000,15300000,8,709,8900000,1700000,16400000,3500000,0.0
1372,3,1.0,0.0,700000,2500000,14,819,1600000,1000000,2100000,900000,0.0
1373,0,1.0,1.0,6800000,17300000,18,841,10500000,8600000,16000000,8700000,0.0
1374,4,1.0,1.0,5300000,10700000,12,700,15800000,1900000,20500000,2900000,0.0
1375,1,0.0,1.0,1400000,4200000,4,881,2800000,1200000,5100000,1300000,0.0
1376,2,0.0,1.0,1400000,4600000,4,804,1900000,2200000,5200000,700000,0.0
1377,4,1.0,0.0,9200000,21700000,6,653,22700000,4600000,29400000,8600000,0.0
1378,1,0.0,1.0,7900000,29200000,2,663,19600000,12100000,28600000,10100000,0.0
1379,0,1.0,0.0,4500000,17500000,10,495,10300000,3500000,9700000,6200000,1.0
1380,1,1.0,0.0,3800000,9800000,8,335,100000,5100000,14200000,1800000,1.0
1381,5,0.0,1.0,1500000,4900000,6,618,3400000,1000000,3200000,900000,0.0
1382,3,1.0,0.0,1200000,2400000,12,480,3000000,100000,3100000,1700000,1.0
1383,4,1.0,0.0,1700000,4900000,18,843,4800000,2200000,6200000,1800000,0.0
1384,4,0.0,0.0,5200000,14100000,16,483,11800000,800000,19200000,2700000,1.0
1385,1,1.0,0.0,1600000,5100000,12,548,2200000,2700000,3600000,800000,1.0
1386,4,0.0,1.0,6600000,16000000,16,379,6500000,12600000,24700000,4500000,1.0
1387,5,1.0,1.0,9400000,26600000,20,771,10200000,12600000,36900000,11700000,0.0
1388,4,0.0,1.0,300000,500000,2,353,600000,100000,1200000,400000,1.0
1389,5,1.0,0.0,4600000,11500000,16,668,6500000,3100000,10200000,5500000,0.0
1390,3,1.0,1.0,6100000,21300000,2,387,7100000,3100000,16300000,4100000,0.0
1391,0,1.0,1.0,1500000,4100000,12,789,3600000,1600000,5800000,1300000,0.0
1392,0,0.0,1.0,400000,900000,2,855,-100000,500000,1300000,400000,0.0
1393,0,1.0,0.0,8700000,33600000,14,751,7100000,13700000,22800000,7000000,0.0
1394,3,1.0,0.0,7000000,21600000,12,739,1600000,7600000,24500000,8400000,0.0
1395,4,0.0,0.0,4700000,13100000,14,492,1000000,4500000,14100000,6400000,1.0
1396,4,1.0,1.0,7600000,23800000,16,896,3700000,4500000,15400000,6400000,0.0
1397,1,1.0,1.0,9200000,24500000,4,545,25700000,0,20600000,13300000,1.0
1398,5,1.0,0.0,9400000,36800000,20,891,13900000,16600000,19300000,8900000,0.0
1399,0,0.0,0.0,4800000,15100000,6,848,1300000,300000,18800000,3500000,0.0
1400,3,1.0,1.0,600000,2400000,12,884,600000,800000,1400000,600000,0.0
1401,3,0.0,1.0,4900000,14300000,14,439,10300000,5600000,17400000,5100000,1.0
1402,3,0.0,1.0,3300000,8500000,12,586,7500000,5100000,7800000,3900000,0.0
1403,3,0.0,1.0,9100000,18800000,20,308,14500000,10200000,20500000,4800000,1.0
1404,5,0.0,0.0,6100000,23500000,16,300,300000,700000,22800000,4800000,1.0
1405,3,0.0,1.0,8400000,19600000,2,741,21500000,200000,18700000,8300000,0.0
1406,4,0.0,0.0,7900000,31400000,8,698,16500000,11400000,28700000,5100000,0.0
1407,2,1.0,1.0,6100000,22300000,10,733,12100000,9700000,17200000,5600000,0.0
1408,3,1.0,1.0,2000000,4200000,16,571,1700000,3900000,5800000,1300000,0.0
1409,3,0.0,1.0,9900000,29900000,20,490,10500000,9100000,27100000,7400000,1.0
1410,2,1.0,0.0,9500000,25400000,16,451,19000000,2900000,33800000,11400000,1.0
1411,4,0.0,1.0,1900000,6800000,6,559,3600000,2200000,6200000,1200000,0.0
1412,4,0.0,1.0,6900000,21400000,10,577,12500000,2200000,14900000,6300000,0.0
1413,2,1.0,1.0,1500000,5000000,4,613,4400000,1300000,5200000,2100000,0.0
1414,4,1.0,0.0,1900000,3800000,20,785,1000000,600000,6100000,1500000,0.0
1415,0,0.0,1.0,2300000,6000000,8,690,5500000,2900000,6000000,2000000,0.0
1416,2,1.0,0.0,7800000,17100000,14,351,19000000,7200000,19300000,7100000,1.0
1417,4,1.0,0.0,400000,1000000,10,447,0,300000,900000,300000,1.0
1418,0,0.0,1.0,9400000,19200000,20,708,21200000,16300000,23400000,13200000,0.0
1419,2,0.0,0.0,9100000,21700000,12,549,25500000,11000000,34700000,12200000,1.0
1420,1,0.0,1.0,9000000,18800000,8,797,4100000,9400000,22900000,7500000,0.0
1421,4,1.0,0.0,7100000,14300000,14,537,13700000,10400000,18200000,6100000,1.0
1422,3,0.0,0.0,800000,2500000,12,828,1700000,0,1500000,700000,0.0
1423,0,0.0,1.0,4500000,9600000,14,471,3200000,7700000,11000000,3600000,1.0
1424,5,0.0,0.0,8500000,25400000,4,336,8500000,1200000,30600000,9000000,1.0
1425,3,1.0,1.0,2500000,9800000,16,424,4700000,3200000,5800000,1300000,1.0
1426,2,0.0,0.0,1500000,3300000,18,440,800000,2300000,3000000,1800000,1.0
1427,0,1.0,0.0,6200000,17300000,8,583,3700000,3900000,13600000,3300000,0.0
1428,1,1.0,1.0,1300000,2900000,6,480,2900000,300000,2900000,1400000,1.0
1429,5,1.0,0.0,6600000,25800000,10,670,4600000,7200000,20600000,8500000,0.0
1430,0,0.0,1.0,5300000,13700000,6,329,8800000,7600000,11200000,2800000,1.0
1431,5,1.0,0.0,1400000,3000000,6,754,3500000,2700000,5300000,1400000,0.0
1432,2,1.0,1.0,2900000,7800000,18,588,400000,100000,11600000,4200000,0.0
1433,3,1.0,0.0,6500000,16500000,4,551,5300000,800000,18500000,7600000,0.0
1434,3,0.0,0.0,8300000,18900000,4,316,20200000,9700000,21300000,8200000,1.0
1435,2,1.0,1.0,8900000,32200000,12,382,0,11300000,20500000,5400000,1.0
1436,3,0.0,0.0,5300000,15000000,6,717,7000000,4100000,17100000,5300000,0.0
1437,0,0.0,0.0,2800000,7300000,6,676,3500000,2200000,5700000,3200000,0.0
1438,1,1.0,0.0,8000000,27800000,6,667,6000000,12600000,22500000,9900000,0.0
1439,3,1.0,0.0,3900000,10500000,20,821,1600000,6300000,11000000,3900000,0.0
1440,0,0.0,0.0,6200000,20100000,20,345,9300000,5900000,17400000,4100000,1.0
1441,3,1.0,1.0,5900000,19200000,10,442,9500000,500000,18300000,4700000,1.0
1442,1,0.0,1.0,6000000,23300000,12,672,2000000,11300000,19600000,6400000,0.0
1443,3,1.0,1.0,9100000,29300000,2,508,19000000,5100000,31600000,11900000,0.0
1444,5,0.0,1.0,3400000,12300000,10,615,7000000,1600000,11400000,3500000,0.0
1445,1,0.0,1.0,1800000,4400000,8,689,3200000,2500000,3800000,1600000,0.0
1446,1,0.0,0.0,300000,1200000,18,747,100000,0,700000,200000,1.0
1447,1,0.0,1.0,9000000,22800000,10,412,0,15600000,32000000,4700000,1.0
1448,1,0.0,0.0,6400000,16900000,2,703,6300000,7300000,15900000,7400000,0.0
1449,5,1.0,0.0,5800000,22200000,16,884,1200000,4800000,19500000,8500000,0.0
1450,5,0.0,1.0,2600000,8600000,18,651,1000000,100000,7800000,2600000,0.0
1451,4,1.0,0.0,6600000,17300000,14,793,16700000,1400000,17500000,3900000,0.0
1452,2,1.0,0.0,6100000,21800000,4,407,9800000,100000,20200000,5800000,0.0
1453,2,1.0,0.0,4100000,11100000,8,390,800000,3100000,10100000,3400000,1.0
1454,3,1.0,1.0,300000,1000000,12,469,600000,400000,700000,300000,1.0
1455,4,0.0,0.0,4700000,10400000,6,373,6800000,8600000,14300000,5400000,1.0
1456,4,0.0,1.0,1500000,5800000,2,304,2400000,1600000,3300000,1400000,0.0
1457,5,1.0,0.0,2700000,8300000,8,833,4600000,1300000,6800000,3300000,0.0
1458,2,0.0,0.0,6900000,20900000,2,302,18700000,10700000,26900000,9200000,0.0
1459,0,0.0,0.0,7600000,28700000,6,397,11000000,13200000,24600000,3800000,1.0
1460,1,0.0,0.0,4100000,10000000,6,891,4900000,300000,12600000,3600000,0.0
1461,3,1.0,0.0,4100000,12200000,2,457,700000,500000,14100000,4900000,1.0
1462,4,1.0,0.0,1600000,3200000,16,657,200000,100000,5700000,1200000,0.0
1463,2,1.0,1.0,400000,1400000,2,480,200000,700000,1600000,200000,0.0
1464,5,0.0,1.0,4400000,17300000,20,840,3600000,5100000,12900000,2300000,0.0
1465,2,1.0,1.0,3800000,8000000,12,866,6000000,600000,8400000,1900000,0.0
1466,0,1.0,0.0,4300000,17000000,8,619,4100000,6600000,17100000,3900000,0.0
1467,1,0.0,1.0,9000000,33500000,2,748,7900000,9800000,25700000,11500000,0.0
1468,3,1.0,1.0,9500000,25500000,12,881,27000000,14100000,21600000,8900000,0.0
1469,2,0.0,1.0,6900000,13900000,8,829,14300000,8100000,22400000,4600000,0.0
1470,3,1.0,0.0,4300000,11100000,6,312,4800000,3800000,10100000,3300000,1.0
1471,3,1.0,0.0,6600000,21400000,10,467,15200000,6000000,20300000,5200000,1.0
1472,1,0.0,1.0,5200000,14300000,18,650,5400000,2300000,17600000,3600000,0.0
1473,3,0.0,1.0,400000,1100000,6,711,100000,300000,1400000,100000,0.0
1474,4,1.0,0.0,1300000,4100000,18,886,2800000,500000,3800000,600000,0.0
1475,5,1.0,0.0,9700000,28400000,4,494,5300000,12000000,24400000,10000000,1.0
1476,2,0.0,1.0,5400000,10900000,14,741,1300000,6000000,20400000,5600000,0.0
1477,4,1.0,0.0,1200000,3300000,12,876,400000,100000,3800000,1000000,0.0
1478,0,0.0,1.0,7000000,26400000,14,610,14300000,0,13900000,5300000,0.0
1479,5,0.0,0.0,7600000,26000000,6,778,12900000,2400000,25500000,10900000,0.0
1480,5,0.0,1.0,700000,1800000,14,571,200000,400000,1900000,400000,0.0
1481,3,0.0,1.0,7500000,25100000,18,554,12500000,7900000,28500000,4700000,0.0
1482,0,1.0,1.0,2300000,6200000,8,712,6800000,1700000,8800000,1500000,0.0
1483,5,1.0,1.0,5600000,11500000,4,695,9500000,7100000,11700000,7800000,0.0
1484,0,1.0,1.0,5400000,10900000,20,366,3700000,500000,21000000,4800000,1.0
1485,1,1.0,1.0,1800000,5500000,10,426,5000000,1500000,5900000,1600000,1.0
1486,0,1.0,0.0,2900000,6900000,10,320,5100000,500000,7700000,1500000,1.0
1487,3,1.0,1.0,1400000,4600000,8,543,1500000,1200000,2700000,2000000,1.0
1488,2,0.0,0.0,2800000,11000000,16,525,8200000,1800000,5800000,2400000,1.0
1489,0,1.0,1.0,3300000,13100000,12,812,4800000,4900000,7500000,4300000,0.0
1490,0,1.0,0.0,7000000,25300000,14,697,15100000,10400000,14300000,6700000,0.0
1491,1,1.0,0.0,3900000,15100000,12,527,10600000,5100000,11100000,3800000,1.0
1492,1,1.0,0.0,5700000,17200000,4,512,4300000,7000000,21400000,3000000,0.0
1493,0,0.0,0.0,4100000,9200000,4,671,3400000,6300000,10400000,4900000,0.0
1494,1,0.0,1.0,2200000,8700000,20,539,1000000,4000000,8200000,2600000,1.0
1495,5,1.0,0.0,2200000,7200000,10,532,2700000,300000,7500000,1600000,1.0
1496,3,1.0,1.0,2500000,7700000,16,485,2000000,3600000,5600000,3200000,1.0
1497,0,1.0,1.0,900000,2100000,6,521,100000,1700000,2100000,700000,1.0
1498,1,1.0,0.0,2900000,7400000,10,874,400000,1200000,10100000,3300000,0.0
1499,2,1.0,0.0,9800000,22900000,10,788,1300000,10300000,27200000,14000000,0.0
1500,2,1.0,0.0,5200000,14800000,12,659,11500000,5200000,18100000,4100000,0.0
1501,1,0.0,1.0,8600000,19600000,16,498,14800000,3000000,21000000,5300000,1.0
1502,2,0.0,1.0,4800000,13200000,20,310,11800000,4600000,12900000,4200000,1.0
1503,0,0.0,0.0,2000000,4700000,6,785,2900000,1800000,6700000,1700000,0.0
1504,0,0.0,0.0,3600000,8700000,10,309,6300000,1000000,8600000,3300000,1.0
1505,3,1.0,1.0,5300000,19600000,2,433,14700000,9900000,10800000,3000000,0.0
1506,1,1.0,1.0,400000,1300000,18,801,100000,0,1500000,600000,0.0
1507,3,0.0,1.0,6500000,22400000,6,488,16800000,11700000,21700000,6800000,1.0
1508,0,1.0,1.0,2300000,6000000,16,756,2900000,2100000,7500000,1200000,0.0
1509,3,0.0,0.0,1000000,2800000,4,757,2500000,100000,3800000,900000,0.0
1510,5,1.0,0.0,3200000,10100000,6,828,8500000,6000000,8700000,3000000,0.0
1511,3,0.0,1.0,3400000,7200000,12,733,4800000,2700000,8100000,2200000,0.0
1512,0,1.0,0.0,9600000,38200000,8,421,1600000,14100000,33600000,13800000,1.0
1513,3,1.0,0.0,5300000,20300000,4,872,4300000,7300000,18400000,7600000,0.0
1514,3,0.0,0.0,4700000,17400000,10,393,12400000,5300000,18700000,5300000,1.0
1515,3,0.0,0.0,9700000,37800000,12,700,13400000,6100000,25800000,11900000,0.0
1516,5,0.0,0.0,8800000,21600000,18,613,15400000,12100000,30000000,8400000,0.0
1517,5,0.0,0.0,5900000,13400000,6,455,3200000,11200000,21600000,6900000,1.0
1518,4,0.0,1.0,2400000,7100000,16,871,7000000,300000,8500000,3500000,0.0
1519,4,0.0,1.0,7900000,21500000,16,497,2200000,5200000,23100000,7700000,1.0
1520,0,0.0,0.0,1400000,2700000,2,649,2600000,1000000,5500000,1100000,0.0
1521,0,0.0,1.0,3500000,10000000,14,709,5300000,1800000,9200000,5000000,0.0
1522,4,0.0,0.0,3400000,13500000,12,705,10000000,1100000,8300000,4900000,0.0
1523,2,0.0,0.0,6100000,23600000,2,476,4600000,2900000,22500000,3800000,0.0
1524,2,1.0,1.0,3000000,7100000,4,819,5400000,4800000,6000000,2100000,0.0
1525,5,1.0,1.0,3400000,9400000,16,535,3100000,5600000,12900000,3200000,1.0
1526,0,0.0,1.0,400000,1200000,14,889,1100000,200000,700000,200000,0.0
1527,0,0.0,0.0,5900000,11800000,12,468,9100000,10000000,17500000,6200000,1.0
1528,5,0.0,1.0,400000,800000,2,759,100000,500000,1300000,300000,0.0
1529,3,0.0,1.0,9000000,33600000,2,426,21600000,16200000,20700000,11900000,0.0
1530,0,0.0,1.0,8800000,23600000,8,712,400000,11300000,19300000,11100000,0.0
1531,4,0.0,1.0,2000000,4700000,2,615,500000,100000,6700000,3000000,0.0
1532,2,0.0,0.0,4700000,14000000,12,784,13400000,2700000,14800000,6900000,0.0
1533,4,1.0,0.0,2700000,6100000,16,677,100000,3300000,6500000,3800000,0.0
1534,1,1.0,0.0,2600000,7900000,12,306,2000000,2400000,7600000,3300000,1.0
1535,1,1.0,1.0,9000000,25400000,16,655,22000000,8800000,29100000,7200000,0.0
1536,4,1.0,0.0,5100000,19400000,8,755,2200000,300000,14900000,5300000,0.0
1537,2,0.0,0.0,6600000,25800000,18,598,3800000,3100000,16400000,5900000,0.0
1538,2,0.0,0.0,4400000,9800000,18,712,5400000,200000,8800000,6400000,0.0
1539,4,1.0,1.0,1500000,4600000,6,524,3700000,2000000,5000000,1400000,1.0
1540,1,1.0,0.0,6200000,23100000,16,838,9100000,1400000,23500000,7000000,0.0
1541,4,0.0,1.0,900000,2900000,6,560,1500000,900000,3100000,900000,0.0
1542,3,1.0,0.0,7700000,26400000,12,759,3400000,2900000,21900000,10800000,0.0
1543,2,0.0,1.0,600000,2400000,6,454,100000,600000,2300000,300000,1.0
1544,4,1.0,0.0,4300000,16500000,4,539,10600000,6100000,9300000,2100000,0.0
1545,2,1.0,1.0,8200000,27800000,16,827,11500000,8700000,26000000,10700000,0.0
1546,0,1.0,0.0,3500000,11900000,12,686,4400000,4800000,10100000,2500000,0.0
1547,1,0.0,1.0,9900000,34100000,14,371,24400000,7100000,29300000,6200000,1.0
1548,5,0.0,0.0,700000,1900000,4,784,500000,1000000,2100000,600000,0.0
1549,1,0.0,1.0,2100000,7300000,16,826,1600000,3500000,7700000,1400000,0.0
1550,2,1.0,0.0,3200000,10500000,12,502,4300000,1500000,10000000,4500000,1.0
1551,0,0.0,0.0,2900000,7800000,8,367,700000,3700000,7700000,3600000,1.0
1552,0,1.0,0.0,7000000,18300000,6,541,6300000,6400000,20800000,8300000,1.0
1553,1,0.0,0.0,3700000,13600000,16,608,400000,2200000,13400000,2800000,0.0
1554,3,1.0,1.0,4500000,13100000,12,570,10500000,2000000,10100000,5800000,0.0
1555,3,0.0,0.0,200000,800000,18,752,200000,200000,300000,200000,0.0
1556,5,1.0,1.0,5600000,20500000,8,873,5500000,9500000,19400000,7800000,0.0
1557,5,0.0,0.0,5400000,18600000,2,538,7700000,2700000,18800000,4000000,0.0
1558,4,1.0,0.0,300000,1000000,10,819,700000,300000,900000,200000,0.0
1559,1,0.0,1.0,7500000,29800000,18,770,1400000,5200000,28000000,8700000,0.0
1560,5,1.0,1.0,2500000,9600000,6,345,1900000,1900000,6800000,2600000,1.0
1561,4,0.0,1.0,3100000,8100000,12,730,6300000,4500000,9000000,4500000,0.0
1562,1,0.0,1.0,7600000,19300000,20,835,5800000,2300000,22000000,8200000,0.0
1563,3,1.0,1.0,500000,1700000,2,811,500000,500000,1400000,200000,0.0
1564,2,1.0,0.0,2700000,5900000,14,662,3200000,1600000,7300000,3800000,0.0
1565,2,1.0,1.0,3500000,13300000,4,420,6400000,1700000,8000000,2300000,0.0
1566,5,1.0,0.0,3700000,11700000,4,413,8400000,5500000,12000000,2700000,0.0
1567,2,1.0,1.0,5600000,20000000,10,367,13700000,5000000,19100000,6000000,1.0
1568,5,1.0,1.0,4800000,16400000,14,390,8400000,2400000,9500000,4000000,1.0
1569,4,1.0,1.0,5200000,12200000,2,602,10300000,800000,20500000,7700000,0.0
1570,3,0.0,0.0,2900000,11500000,16,843,2300000,2600000,10700000,4300000,0.0
1571,1,0.0,0.0,2700000,6800000,20,713,500000,3300000,6100000,1900000,0.0
1572,3,0.0,0.0,5000000,16200000,8,591,1900000,3400000,14000000,5000000,0.0
1573,2,1.0,1.0,2700000,9400000,14,701,400000,3400000,9900000,1900000,0.0
1574,4,1.0,1.0,2800000,10000000,12,655,4900000,3600000,8500000,3300000,0.0
1575,3,1.0,1.0,7300000,20000000,18,720,15500000,9900000,23000000,9800000,0.0
1576,0,0.0,1.0,5900000,15100000,10,794,6000000,4300000,14900000,5400000,0.0
1577,0,0.0,0.0,8100000,21300000,2,392,14200000,6600000,31500000,11000000,1.0
1578,3,0.0,1.0,1900000,7100000,6,583,400000,2800000,6500000,2000000,0.0
1579,5,0.0,0.0,1800000,6800000,18,457,2200000,1100000,3800000,1400000,1.0
1580,0,1.0,1.0,7600000,17800000,14,570,15200000,12100000,21500000,9900000,0.0
1581,1,0.0,0.0,9100000,30100000,14,890,17800000,12400000,32500000,7500000,0.0
1582,2,1.0,1.0,5300000,12300000,14,472,10000000,1600000,20400000,3300000,1.0
1583,2,1.0,0.0,3700000,10900000,12,788,1700000,700000,12200000,2600000,0.0
1584,0,1.0,0.0,9500000,35300000,6,605,10000000,12700000,31100000,7000000,0.0
1585,3,0.0,0.0,8300000,30500000,10,473,13300000,9400000,23300000,11800000,1.0
1586,5,0.0,0.0,6400000,21500000,16,728,300000,5200000,17400000,9600000,0.0
1587,5,0.0,1.0,5300000,17800000,16,505,9200000,8500000,14600000,4100000,1.0
1588,0,0.0,1.0,5600000,19300000,6,407,3400000,3600000,14200000,8400000,1.0
1589,1,0.0,1.0,900000,1700000,18,464,1300000,0,1900000,700000,1.0
1590,0,0.0,1.0,2400000,7200000,20,514,4100000,2100000,6700000,1800000,1.0
1591,1,0.0,0.0,9500000,23000000,10,627,28500000,11500000,21700000,9100000,0.0
1592,2,1.0,1.0,7400000,14900000,20,627,15900000,10100000,19000000,10300000,0.0
1593,4,1.0,1.0,1500000,3200000,10,858,1500000,0,4700000,1700000,0.0
1594,3,0.0,1.0,8800000,30200000,8,607,13600000,12700000,21500000,5900000,0.0
1595,5,1.0,1.0,4900000,14300000,4,663,8500000,6100000,19600000,5500000,0.0
1596,1,1.0,1.0,8100000,26900000,6,522,23000000,2100000,18700000,4200000,1.0
1597,2,1.0,1.0,2300000,9100000,20,610,3700000,600000,7800000,3400000,0.0
1598,5,1.0,1.0,3000000,6600000,16,462,5500000,3500000,9100000,3600000,1.0
1599,2,1.0,1.0,3900000,9300000,8,591,10900000,2700000,9600000,3300000,0.0
1600,4,0.0,1.0,1700000,6500000,20,636,1700000,900000,6200000,2300000,0.0
1601,0,1.0,1.0,2100000,4900000,10,359,1000000,800000,6100000,1000000,1.0
1602,4,0.0,1.0,9700000,25000000,4,542,9800000,12000000,29300000,13400000,1.0
1603,5,1.0,1.0,3500000,11800000,4,642,2300000,2900000,11900000,3600000,0.0
1604,5,1.0,1.0,1500000,5500000,4,414,800000,1400000,2900000,1200000,0.0
1605,3,1.0,1.0,8800000,26200000,20,865,19300000,9800000,27700000,12500000,0.0
1606,3,0.0,0.0,900000,3100000,10,369,1400000,100000,1700000,500000,1.0
1607,0,0.0,1.0,3500000,10800000,14,838,4700000,6800000,13900000,1700000,0.0
1608,5,1.0,0.0,5500000,21200000,4,582,12100000,8300000,17100000,3100000,0.0
1609,5,1.0,1.0,9800000,23200000,10,416,11000000,17300000,21600000,8500000,1.0
1610,5,0.0,0.0,2100000,5500000,20,705,5400000,1400000,4600000,1200000,0.0
1611,0,0.0,0.0,1800000,5700000,18,306,500000,700000,5600000,1700000,1.0
1612,5,0.0,1.0,5800000,13000000,8,851,6700000,8700000,17700000,4100000,0.0
1613,5,0.0,0.0,6700000,17200000,18,613,9700000,6800000,24600000,7100000,0.0
1614,3,0.0,0.0,4300000,16300000,10,366,6900000,6700000,12300000,5500000,1.0
1615,1,0.0,0.0,1200000,2800000,12,431,900000,400000,2900000,900000,1.0
1616,5,1.0,1.0,9700000,25900000,2,754,9000000,10000000,28500000,6700000,0.0
1617,5,0.0,1.0,5400000,11200000,10,447,300000,7900000,21400000,6000000,1.0
1618,1,1.0,1.0,5300000,14100000,14,510,13300000,10400000,18900000,7800000,1.0
1619,1,0.0,0.0,7300000,24200000,20,324,12900000,3700000,18400000,9000000,1.0
1620,5,0.0,0.0,9500000,19200000,2,523,13500000,1500000,21000000,6700000,1.0
1621,0,1.0,1.0,7200000,15600000,2,362,2700000,2400000,20800000,5900000,1.0
1622,3,0.0,1.0,9000000,32900000,6,657,9900000,600000,29200000,12000000,0.0
1623,5,1.0,0.0,6500000,23300000,12,790,600000,9700000,15500000,9500000,0.0
1624,1,0.0,1.0,9500000,30500000,18,500,1300000,3300000,20500000,5500000,1.0
1625,2,1.0,1.0,9900000,33200000,4,465,26300000,17000000,24400000,5000000,0.0
1626,4,1.0,0.0,2900000,8700000,6,409,3700000,5500000,8200000,2200000,1.0
1627,4,0.0,1.0,700000,1800000,20,626,500000,600000,1400000,300000,0.0
1628,5,1.0,0.0,4200000,13400000,16,545,9800000,8200000,12500000,3500000,1.0
1629,3,1.0,0.0,4200000,11400000,10,654,8800000,400000,16200000,5700000,0.0
1630,0,1.0,0.0,7600000,26500000,6,515,6200000,14900000,22000000,4000000,1.0
1631,2,0.0,1.0,7100000,18800000,12,838,1100000,5200000,16600000,4900000,0.0
1632,1,1.0,1.0,4700000,16000000,14,406,4000000,5300000,14300000,3300000,1.0
1633,0,0.0,1.0,9800000,23200000,10,573,23900000,3300000,23600000,14600000,0.0
1634,0,0.0,1.0,9800000,38700000,2,611,6600000,10400000,33000000,6000000,0.0
1635,0,1.0,0.0,5100000,13400000,16,649,6800000,1600000,15700000,3900000,0.0
1636,0,1.0,1.0,3300000,7700000,12,775,8200000,2100000,7400000,4200000,0.0
1637,3,0.0,0.0,4500000,12500000,12,469,4100000,7600000,14200000,3400000,1.0
1638,0,0.0,1.0,3900000,12800000,18,587,4500000,5300000,12600000,5000000,0.0
1639,3,0.0,1.0,3200000,9900000,10,316,9100000,5500000,8800000,3600000,1.0
1640,2,0.0,0.0,3200000,10400000,10,556,8200000,5600000,11500000,4500000,0.0
1641,2,1.0,0.0,9600000,31200000,12,578,9900000,2200000,26500000,13500000,0.0
1642,2,1.0,1.0,8700000,18900000,2,554,3900000,1900000,18000000,11500000,0.0
1643,2,1.0,1.0,1900000,6800000,6,892,2600000,2200000,6400000,900000,0.0
1644,2,1.0,1.0,2900000,10200000,10,315,8100000,400000,6500000,1600000,1.0
1645,0,1.0,0.0,6200000,12900000,10,695,1900000,3700000,22200000,4200000,0.0
1646,0,1.0,0.0,5900000,20300000,4,806,300000,3700000,16400000,4800000,0.0
1647,4,1.0,1.0,3200000,12800000,8,638,4300000,2600000,8000000,3800000,0.0
1648,1,1.0,1.0,1300000,5000000,4,610,3400000,800000,4500000,900000,0.0
1649,2,1.0,1.0,1300000,3200000,4,810,3800000,2100000,4300000,800000,0.0
1650,1,0.0,0.0,8700000,33200000,4,866,19600000,15900000,23700000,10500000,0.0
1651,3,1.0,0.0,6300000,23800000,10,760,12700000,1300000,18400000,8800000,0.0
1652,3,0.0,0.0,4300000,11200000,6,556,11000000,4300000,14500000,5100000,0.0
1653,3,1.0,1.0,6400000,23500000,12,684,17200000,10300000,25300000,7400000,0.0
1654,5,1.0,1.0,7700000,25800000,18,578,5000000,7700000,27200000,10600000,0.0
1655,2,1.0,0.0,6900000,23900000,12,814,13000000,1900000,26600000,6000000,0.0
1656,0,1.0,0.0,4200000,14800000,20,510,9200000,5700000,11900000,2600000,1.0
1657,4,1.0,0.0,3900000,9000000,2,674,8700000,5700000,14000000,3100000,0.0
1658,0,0.0,1.0,2000000,4900000,14,570,3800000,300000,6600000,1300000,0.0
1659,1,1.0,0.0,500000,1700000,2,680,700000,800000,1400000,700000,0.0
1660,0,0.0,0.0,3500000,8800000,12,803,5400000,300000,8400000,3400000,0.0
1661,2,1.0,1.0,3100000,10700000,16,357,9200000,1900000,7700000,3800000,1.0
1662,3,1.0,1.0,4900000,19000000,4,575,14100000,9100000,16500000,4600000,0.0
1663,1,1.0,0.0,1000000,3600000,4,546,2500000,0,2600000,500000,0.0
1664,2,0.0,0.0,6700000,21400000,8,370,3200000,11800000,20100000,8600000,1.0
1665,1,0.0,0.0,4100000,9400000,6,713,0,1000000,11100000,3100000,0.0
1666,4,1.0,1.0,1600000,3800000,2,896,1200000,400000,4800000,2000000,0.0
1667,3,0.0,1.0,2400000,9200000,14,626,300000,3600000,8500000,2000000,0.0
1668,0,0.0,0.0,2200000,6400000,4,854,900000,1600000,6500000,1300000,0.0
1669,4,0.0,0.0,3200000,8400000,18,802,400000,0,9100000,4700000,0.0
1670,4,1.0,1.0,1600000,4400000,20,382,1700000,300000,5200000,1900000,1.0
1671,2,1.0,0.0,3900000,14900000,6,415,2200000,4300000,9500000,4600000,1.0
1672,5,0.0,1.0,2000000,6300000,4,366,5300000,2200000,5400000,2800000,0.0
1673,1,0.0,1.0,7600000,25400000,10,595,7900000,400000,24900000,11000000,0.0
1674,1,1.0,0.0,9800000,21300000,2,356,23000000,12300000,25700000,14600000,1.0
1675,5,1.0,0.0,7900000,29900000,6,568,5800000,13900000,15900000,8700000,0.0
1676,1,0.0,0.0,1600000,4000000,10,615,2200000,2700000,5500000,1400000,0.0
1677,1,0.0,1.0,6400000,13900000,12,313,18600000,6300000,18600000,4900000,1.0
1678,1,0.0,1.0,6400000,17900000,6,575,6600000,7600000,23100000,5300000,0.0
1679,4,0.0,0.0,1600000,5500000,10,577,400000,1200000,4100000,1400000,0.0
1680,0,0.0,0.0,9200000,30700000,10,455,24900000,2000000,32900000,5200000,1.0
1681,1,1.0,0.0,7800000,24900000,6,500,15300000,10000000,16500000,4500000,1.0
1682,1,1.0,1.0,4000000,9400000,8,509,1000000,4100000,10800000,5500000,1.0
1683,2,1.0,1.0,6100000,19400000,8,379,5300000,10800000,14300000,4100000,1.0
1684,5,0.0,0.0,7100000,14500000,14,664,5300000,12900000,15700000,9200000,0.0
1685,0,1.0,1.0,2500000,9900000,6,623,6000000,1800000,6200000,1800000,0.0
1686,5,0.0,0.0,3200000,8700000,16,558,2600000,2500000,9100000,1800000,0.0
1687,4,0.0,0.0,1700000,4300000,18,580,1500000,2400000,6600000,1700000,0.0
1688,4,0.0,0.0,6300000,17600000,6,612,16000000,3300000,23500000,3200000,0.0
1689,4,0.0,1.0,700000,2400000,14,705,0,100000,2000000,700000,0.0
1690,4,0.0,1.0,1100000,2700000,18,301,2800000,1600000,3300000,1500000,1.0
1691,1,1.0,1.0,8900000,32000000,16,711,4300000,1200000,22100000,5200000,0.0
1692,3,0.0,0.0,300000,700000,20,735,900000,200000,900000,400000,0.0
1693,1,1.0,0.0,2200000,5200000,14,682,2600000,600000,6100000,1800000,0.0
1694,3,1.0,0.0,3400000,13500000,10,348,7900000,3700000,8200000,4700000,1.0
1695,0,0.0,1.0,7900000,23500000,20,750,16800000,15300000,21200000,4000000,0.0
1696,3,1.0,1.0,5800000,18200000,16,835,1000000,6100000,14600000,7900000,0.0
1697,0,0.0,1.0,9400000,20000000,6,389,16000000,7100000,19400000,10200000,1.0
1698,2,0.0,0.0,4800000,18900000,4,866,10200000,6000000,13900000,5900000,0.0
1699,3,1.0,0.0,7600000,26600000,4,689,5300000,600000,24300000,8600000,0.0
1700,0,1.0,0.0,5900000,17600000,16,645,13000000,3100000,23400000,8600000,0.0
1701,1,0.0,1.0,4300000,10100000,2,797,4400000,4500000,16300000,4700000,0.0
1702,5,0.0,0.0,6100000,17800000,6,849,2900000,10900000,16100000,7800000,0.0
1703,5,0.0,0.0,5400000,19700000,20,423,6500000,10000000,15700000,7300000,1.0
1704,1,1.0,1.0,5200000,11200000,2,370,9900000,10200000,16700000,6400000,1.0
1705,5,1.0,0.0,8500000,31300000,12,378,21400000,13100000,30400000,8800000,1.0
1706,4,1.0,0.0,900000,1900000,20,417,1000000,800000,2800000,900000,1.0
1707,1,1.0,0.0,1400000,4100000,20,530,1200000,1100000,3000000,1900000,1.0
1708,1,1.0,1.0,2400000,9300000,20,543,700000,800000,5000000,3400000,1.0
1709,4,0.0,0.0,6300000,15000000,18,750,800000,6500000,15400000,7700000,0.0
1710,1,0.0,0.0,3100000,7600000,20,346,700000,4600000,8100000,4400000,1.0
1711,4,0.0,1.0,6900000,19000000,14,330,9300000,7100000,18800000,8400000,1.0
1712,2,1.0,1.0,3000000,7400000,10,712,5100000,1000000,11600000,3800000,0.0
1713,0,1.0,0.0,3100000,10100000,14,376,6400000,2600000,11600000,4300000,1.0
1714,4,1.0,0.0,600000,1200000,14,338,500000,500000,2300000,500000,1.0
1715,4,1.0,1.0,4700000,13700000,14,600,12100000,8400000,17700000,5000000,0.0
1716,1,0.0,0.0,2500000,6900000,20,495,4800000,3300000,5700000,3700000,1.0
1717,0,0.0,0.0,9700000,30400000,4,300,17100000,16600000,38100000,9200000,0.0
1718,4,1.0,1.0,7600000,20000000,18,691,5000000,8700000,23400000,11200000,0.0
1719,1,0.0,0.0,8400000,24700000,8,519,12900000,16700000,17300000,6000000,1.0
1720,3,0.0,1.0,3800000,15100000,20,540,9400000,1000000,9300000,3600000,1.0
1721,3,1.0,1.0,3100000,11400000,16,562,3600000,3600000,7200000,3100000,0.0
1722,2,1.0,0.0,5700000,21300000,10,323,1600000,11200000,16200000,5100000,1.0
1723,1,0.0,1.0,5500000,19700000,10,312,12800000,4800000,19500000,3300000,1.0
1724,1,1.0,1.0,200000,600000,2,511,500000,100000,800000,200000,0.0
1725,3,1.0,1.0,3700000,13800000,10,621,4000000,800000,11900000,5300000,0.0
1726,2,1.0,1.0,1600000,4300000,20,512,3200000,2500000,6300000,900000,1.0
1727,4,0.0,0.0,3900000,11000000,2,786,7900000,1600000,10700000,2100000,0.0
1728,3,1.0,1.0,700000,1600000,18,303,600000,500000,2000000,600000,1.0
1729,3,0.0,1.0,5800000,16700000,18,633,8100000,8400000,14700000,3700000,0.0
1730,4,0.0,1.0,3800000,14000000,6,711,9500000,7300000,14500000,3100000,0.0
1731,2,0.0,0.0,6400000,16900000,16,472,11100000,6000000,16300000,4500000,1.0
1732,1,0.0,1.0,5500000,12100000,4,350,6300000,9200000,17200000,6900000,1.0
1733,1,1.0,1.0,6800000,13700000,10,879,500000,2600000,22000000,6800000,0.0
1734,4,1.0,0.0,6700000,13400000,10,436,3600000,1200000,23200000,7500000,1.0
1735,1,0.0,1.0,5300000,11500000,14,848,1300000,3600000,14700000,5700000,0.0
1736,2,0.0,0.0,6600000,23200000,16,555,9900000,6500000,23300000,3300000,0.0
1737,2,0.0,0.0,6600000,13100000,20,885,10900000,4300000,20600000,6200000,0.0
1738,0,1.0,0.0,7600000,25200000,6,888,12700000,10900000,24500000,7500000,0.0
1739,4,1.0,1.0,2500000,6100000,20,478,5900000,800000,9500000,3200000,1.0
1740,4,1.0,0.0,1100000,2500000,4,603,1900000,1400000,3900000,500000,0.0
1741,1,1.0,0.0,2300000,8200000,8,784,2000000,0,7600000,1100000,0.0
1742,1,0.0,1.0,3300000,11700000,4,682,3500000,5500000,12300000,1600000,0.0
1743,4,0.0,1.0,2600000,5900000,6,471,3500000,1900000,7300000,3400000,1.0
1744,4,1.0,1.0,9300000,36700000,20,808,16500000,14700000,26500000,7100000,0.0
1745,4,1.0,0.0,5300000,18500000,8,470,2900000,9300000,14900000,4900000,1.0
1746,2,1.0,0.0,5400000,13800000,20,574,900000,9200000,10900000,3700000,0.0
1747,4,1.0,1.0,3500000,12000000,8,314,7700000,100000,12600000,2700000,1.0
1748,2,0.0,0.0,4200000,10200000,14,407,5900000,4500000,12000000,2500000,1.0
1749,0,1.0,1.0,9200000,34900000,4,702,16900000,16000000,24100000,9800000,0.0
1750,2,0.0,0.0,4300000,9800000,2,499,4400000,4500000,12600000,5100000,1.0
1751,1,0.0,1.0,7500000,19900000,10,669,1800000,8800000,18100000,7300000,0.0
1752,5,1.0,1.0,5400000,18800000,20,326,9700000,10100000,14800000,3200000,1.0
1753,3,1.0,0.0,5500000,16200000,18,778,4700000,10700000,15300000,6100000,0.0
1754,2,1.0,1.0,2100000,4500000,2,787,4800000,2800000,6000000,2100000,0.0
1755,0,0.0,0.0,3700000,12300000,16,831,8000000,2200000,11200000,2400000,0.0
1756,0,0.0,0.0,8800000,32900000,18,576,1300000,8700000,32600000,5600000,0.0
1757,5,1.0,0.0,5800000,22800000,12,600,16000000,1100000,20700000,5700000,0.0
1758,4,0.0,0.0,7900000,30600000,2,569,7600000,3400000,20100000,7400000,0.0
1759,1,1.0,1.0,3100000,6300000,20,867,1900000,6100000,6600000,4000000,0.0
1760,0,1.0,0.0,4100000,14500000,12,441,9900000,300000,15700000,3900000,1.0
1761,2,1.0,1.0,9800000,32700000,2,304,4700000,19000000,24500000,8600000,0.0
1762,5,1.0,0.0,3300000,8400000,18,520,500000,6300000,11000000,4000000,1.0
1763,0,0.0,0.0,2000000,6200000,14,613,100000,1800000,5400000,1300000,0.0
1764,2,1.0,1.0,600000,1100000,8,885,700000,0,1200000,300000,0.0
1765,4,1.0,1.0,3600000,9500000,2,841,4900000,4400000,13500000,2100000,0.0
1766,2,1.0,0.0,7500000,29100000,20,815,12400000,9500000,25300000,9100000,0.0
1767,5,0.0,1.0,200000,400000,18,822,200000,300000,600000,300000,0.0
1768,4,1.0,0.0,9900000,29100000,18,772,24100000,19400000,26800000,11700000,0.0
1769,5,0.0,1.0,6100000,22500000,6,776,17600000,9900000,13800000,4800000,0.0
1770,4,1.0,1.0,3500000,10300000,10,337,9000000,5600000,10500000,4500000,1.0
1771,0,1.0,1.0,7800000,19000000,12,333,15400000,14900000,30600000,9600000,1.0
1772,3,1.0,1.0,8700000,29300000,4,312,9000000,2800000,30000000,4900000,0.0
1773,2,0.0,1.0,5500000,12400000,14,842,-100000,6800000,15800000,5800000,0.0
1774,3,0.0,1.0,1800000,5100000,8,790,100000,0,3700000,2000000,0.0
1775,2,0.0,0.0,8000000,31900000,16,806,19900000,1800000,23200000,5400000,0.0
1776,5,1.0,1.0,7500000,17000000,8,300,7800000,8300000,18900000,6700000,1.0
1777,5,0.0,1.0,3700000,12000000,12,605,4900000,1800000,13200000,3100000,0.0
1778,2,0.0,1.0,1600000,4700000,12,582,1500000,1300000,5200000,1000000,0.0
1779,5,0.0,0.0,1300000,2700000,6,607,800000,1500000,4700000,1600000,0.0
1780,5,0.0,1.0,2400000,8200000,10,709,2100000,3700000,8800000,2800000,0.0
1781,4,0.0,1.0,4100000,11600000,14,854,500000,6900000,12700000,5700000,0.0
1782,2,1.0,1.0,7300000,15200000,20,776,14700000,9600000,26400000,4100000,0.0
1783,1,0.0,1.0,8000000,24600000,12,649,10800000,1600000,21800000,9200000,0.0
1784,3,1.0,0.0,7900000,28000000,4,394,22800000,13200000,18200000,3900000,0.0
1785,4,1.0,0.0,7200000,18900000,16,371,6600000,14100000,18900000,4900000,1.0
1786,3,1.0,0.0,6200000,13200000,14,707,17200000,8900000,23100000,4200000,0.0
1787,2,1.0,1.0,5700000,18100000,20,491,6800000,100000,17700000,3900000,1.0
1788,0,0.0,1.0,5800000,14100000,16,570,8200000,4200000,16400000,3700000,0.0
1789,1,1.0,0.0,900000,3500000,18,395,2500000,800000,3000000,1300000,1.0
1790,0,1.0,1.0,2200000,7500000,10,497,2300000,2100000,5700000,1800000,1.0
1791,3,1.0,1.0,1800000,5300000,14,440,2000000,100000,3700000,1000000,1.0
1792,0,1.0,1.0,800000,2400000,16,825,700000,0,3100000,1100000,0.0
1793,2,0.0,1.0,7600000,18100000,14,320,14700000,2600000,28100000,8500000,1.0
1794,2,0.0,1.0,4100000,13500000,4,846,8900000,7800000,11400000,2400000,0.0
1795,3,0.0,1.0,4600000,10900000,12,856,13500000,5100000,9400000,3300000,0.0
1796,3,0.0,0.0,2300000,6800000,10,418,2800000,2700000,6300000,1400000,1.0
1797,0,1.0,1.0,8000000,21100000,6,306,16100000,11800000,28200000,8700000,1.0
1798,2,1.0,1.0,3800000,14500000,16,567,2400000,2600000,10500000,3000000,0.0
1799,2,1.0,1.0,9500000,36800000,6,493,24100000,13800000,32100000,6200000,1.0
1800,2,0.0,0.0,9300000,21200000,2,509,2800000,2600000,35800000,6600000,1.0
1801,4,0.0,0.0,4700000,17000000,4,364,2900000,4600000,18800000,6200000,0.0
1802,5,1.0,0.0,6000000,24000000,20,639,300000,7300000,15100000,6600000,0.0
1803,2,0.0,1.0,5500000,21700000,2,309,11800000,1000000,21600000,7600000,0.0
1804,0,1.0,1.0,4600000,14800000,6,433,12100000,4600000,11100000,6700000,1.0
1805,5,1.0,0.0,9900000,33600000,20,580,7000000,10800000,37400000,14700000,0.0
1806,1,0.0,1.0,6200000,16200000,4,888,-100000,12000000,24300000,4000000,0.0
1807,4,1.0,1.0,400000,1100000,6,644,1000000,300000,1600000,400000,0.0
1808,1,1.0,1.0,7800000,22200000,10,763,11200000,1400000,27000000,4900000,0.0
1809,0,0.0,1.0,2900000,10800000,20,694,6400000,200000,10600000,2100000,0.0
1810,3,1.0,0.0,500000,1200000,6,757,1300000,100000,1200000,600000,0.0
1811,0,1.0,0.0,2500000,6900000,12,471,7100000,4000000,5200000,1500000,1.0
1812,5,1.0,0.0,9000000,35200000,2,437,18400000,17800000,18300000,10400000,0.0
1813,4,1.0,1.0,5200000,11400000,10,406,14700000,2000000,13000000,4400000,1.0
1814,5,1.0,0.0,6000000,19700000,20,376,14700000,10700000,17100000,5500000,1.0
1815,1,0.0,0.0,5100000,13800000,14,350,6200000,2200000,12600000,3600000,1.0
1816,5,1.0,1.0,8000000,22500000,20,784,7600000,7300000,26000000,10800000,0.0
1817,4,0.0,1.0,9200000,25400000,14,765,21200000,6600000,25100000,5600000,0.0
1818,4,1.0,0.0,9800000,32200000,18,593,9500000,400000,34000000,14300000,0.0
1819,3,0.0,1.0,7600000,30000000,10,344,19000000,13700000,27600000,11100000,1.0
1820,1,0.0,0.0,5100000,11800000,12,314,14700000,7600000,12400000,4900000,1.0
1821,4,0.0,1.0,1500000,3300000,16,382,200000,2400000,3200000,1100000,1.0
1822,2,1.0,1.0,6200000,16500000,4,510,14100000,4700000,18200000,6300000,1.0
1823,2,0.0,1.0,6300000,24600000,8,464,7700000,2200000,13000000,6900000,1.0
1824,1,0.0,1.0,5500000,14900000,2,403,7400000,8900000,19700000,4100000,1.0
1825,3,1.0,0.0,8100000,30400000,12,606,900000,1100000,31900000,11600000,0.0
1826,1,0.0,0.0,6300000,22000000,20,646,9500000,7900000,13500000,5500000,0.0
1827,1,0.0,0.0,1100000,3600000,20,495,1600000,1100000,3100000,500000,1.0
1828,3,1.0,1.0,7200000,21600000,2,626,10600000,1600000,26900000,3700000,0.0
1829,1,1.0,1.0,3000000,6000000,16,518,3800000,1700000,11600000,3900000,1.0
1830,5,0.0,0.0,2700000,7600000,8,746,900000,2200000,7200000,3400000,0.0
1831,0,1.0,0.0,5000000,16300000,12,737,2600000,3400000,11800000,4400000,0.0
1832,0,1.0,0.0,8400000,22300000,14,371,8300000,3700000,22300000,9100000,1.0
1833,1,0.0,0.0,7700000,27300000,8,509,10100000,2200000,20200000,10800000,1.0
1834,1,0.0,0.0,4700000,14000000,2,411,4600000,5100000,10600000,3700000,1.0
1835,2,1.0,0.0,4300000,11800000,20,701,11600000,4600000,14200000,3300000,0.0
1836,5,1.0,0.0,2500000,8800000,10,769,3700000,1600000,8200000,2700000,0.0
1837,5,1.0,1.0,4400000,12500000,6,740,8200000,2300000,9900000,5400000,0.0
1838,5,1.0,0.0,5700000,11600000,4,892,10200000,6100000,19800000,7400000,0.0
1839,2,1.0,0.0,5300000,13100000,14,417,4900000,6200000,18200000,6800000,1.0
1840,5,0.0,0.0,4600000,14400000,6,785,6500000,6300000,14700000,6200000,0.0
1841,3,1.0,0.0,400000,1100000,16,504,200000,400000,800000,400000,1.0
1842,0,1.0,0.0,2100000,5900000,14,402,4400000,0,4800000,1000000,1.0
1843,2,0.0,1.0,1200000,3500000,16,540,3100000,1800000,3500000,800000,1.0
1844,2,0.0,1.0,8000000,28400000,10,607,11400000,3800000,29000000,11600000,0.0
1845,1,0.0,1.0,5000000,19400000,10,410,11600000,6200000,11700000,4500000,1.0
1846,0,1.0,0.0,8500000,17200000,12,624,6500000,8400000,18600000,5100000,0.0
1847,4,0.0,0.0,4600000,16600000,16,805,4800000,8000000,11500000,2800000,0.0
1848,2,0.0,0.0,4600000,16100000,18,709,7100000,9000000,13800000,5400000,0.0
1849,2,1.0,1.0,8500000,30900000,14,511,23300000,4400000,21900000,5500000,1.0
1850,1,0.0,1.0,7800000,25100000,18,766,6900000,7200000,16600000,10200000,0.0
1851,3,1.0,1.0,1400000,3800000,16,451,3100000,1300000,4300000,1300000,1.0
1852,1,1.0,1.0,3700000,10200000,4,447,300000,2000000,14500000,3200000,1.0
1853,3,1.0,1.0,1000000,2500000,18,763,400000,1100000,2100000,1400000,0.0
1854,5,1.0,0.0,900000,3100000,20,834,1000000,900000,2100000,1300000,0.0
1855,2,0.0,0.0,5600000,19500000,8,429,6100000,2200000,21100000,7200000,1.0
1856,4,1.0,0.0,3200000,10600000,16,693,7800000,4900000,10400000,1800000,0.0
1857,1,0.0,0.0,2900000,11100000,20,478,4200000,2900000,8500000,3000000,1.0
1858,2,0.0,1.0,300000,800000,10,752,600000,300000,1000000,400000,0.0
1859,0,0.0,1.0,2400000,5900000,14,319,2000000,4200000,9500000,3300000,1.0
1860,3,0.0,0.0,5000000,17600000,8,303,6300000,9600000,12800000,6900000,1.0
1861,3,1.0,1.0,5000000,16700000,20,420,1100000,5000000,18700000,6900000,1.0
1862,2,1.0,1.0,200000,600000,8,552,400000,200000,700000,200000,0.0
1863,3,1.0,1.0,6000000,16000000,12,606,2600000,11600000,19300000,7800000,0.0
1864,2,1.0,0.0,5600000,13700000,2,558,7500000,9300000,12100000,6700000,0.0
1865,1,1.0,0.0,4500000,12400000,6,504,12000000,3200000,13100000,2200000,1.0
1866,5,1.0,1.0,200000,300000,8,412,-100000,100000,500000,100000,1.0
1867,4,1.0,1.0,6200000,18300000,4,900,16900000,3400000,15300000,6400000,0.0
1868,4,1.0,1.0,9800000,23800000,8,634,12800000,9300000,37600000,6100000,0.0
1869,5,0.0,1.0,3900000,9000000,8,340,4900000,6800000,9000000,5200000,1.0
1870,3,1.0,1.0,8300000,20900000,4,615,4400000,200000,19000000,9600000,0.0
1871,2,0.0,1.0,4900000,12200000,18,353,7000000,200000,14400000,3600000,1.0
1872,4,0.0,1.0,6900000,16300000,8,606,5800000,900000,23700000,3600000,0.0
1873,2,1.0,0.0,4500000,14500000,18,498,7900000,200000,13500000,4800000,1.0
1874,4,1.0,0.0,7500000,21900000,2,585,6800000,12200000,27500000,8100000,0.0
1875,1,1.0,1.0,2300000,6400000,8,578,3600000,1800000,7000000,3000000,0.0
1876,1,0.0,0.0,7400000,15500000,2,693,3000000,12800000,21800000,9300000,0.0
1877,4,0.0,0.0,4800000,14300000,6,795,5900000,0,11100000,2600000,0.0
1878,1,0.0,0.0,2600000,9900000,6,594,2900000,4300000,6700000,2500000,0.0
1879,3,1.0,1.0,2700000,10600000,8,840,500000,3000000,9000000,1900000,0.0
1880,3,1.0,0.0,3700000,10900000,16,301,7800000,2300000,9600000,3400000,1.0
1881,4,0.0,1.0,2600000,9400000,18,481,2700000,4400000,8600000,2400000,1.0
1882,5,1.0,1.0,8800000,23100000,16,531,20800000,2600000,22100000,8000000,1.0
1883,2,1.0,0.0,7500000,15400000,8,332,8300000,3100000,23700000,5400000,1.0
1884,0,0.0,0.0,4700000,18500000,4,516,1000000,8400000,10400000,6100000,0.0
1885,2,1.0,0.0,7100000,26600000,6,727,16500000,9800000,21100000,7900000,0.0
1886,3,1.0,1.0,5500000,19300000,10,344,14400000,1300000,12400000,6600000,1.0
1887,2,0.0,0.0,9500000,31500000,12,650,17600000,16600000,22200000,11400000,0.0
1888,3,0.0,1.0,4200000,15400000,8,362,9900000,5300000,15500000,5600000,1.0
1889,5,0.0,1.0,6900000,18600000,18,307,3500000,4800000,25300000,4200000,1.0
1890,5,0.0,0.0,9900000,24600000,2,530,24200000,12800000,20400000,13000000,1.0
1891,5,0.0,0.0,6700000,17700000,6,482,3200000,10400000,18500000,5700000,1.0
1892,0,1.0,1.0,9300000,22200000,14,701,600000,10100000,35900000,5700000,0.0
1893,2,0.0,0.0,5600000,17200000,16,586,13700000,2100000,14300000,4300000,0.0
1894,0,0.0,1.0,8100000,17600000,16,384,15200000,13300000,31700000,10200000,1.0
1895,4,1.0,0.0,6000000,18000000,18,882,6700000,2500000,12200000,7500000,0.0
1896,5,1.0,1.0,4200000,11200000,2,758,5300000,6500000,9600000,3800000,0.0
1897,5,0.0,0.0,1600000,4000000,18,529,300000,1200000,5300000,2000000,1.0
1898,3,0.0,1.0,800000,1500000,2,589,1500000,1100000,1800000,400000,0.0
1899,1,0.0,0.0,500000,1300000,6,670,1000000,500000,1400000,700000,0.0
1900,5,1.0,1.0,4300000,14100000,12,532,12600000,5700000,12000000,4600000,1.0
1901,0,1.0,0.0,4000000,12500000,18,868,11000000,800000,14400000,2300000,0.0
1902,2,1.0,0.0,2900000,7300000,2,776,8300000,3000000,8500000,3400000,0.0
1903,5,0.0,1.0,2300000,9100000,16,644,4000000,2600000,6600000,3100000,0.0
1904,0,0.0,1.0,1800000,6000000,12,658,2900000,2300000,4500000,2400000,0.0
1905,1,0.0,1.0,8700000,33900000,10,766,16300000,700000,19500000,9000000,0.0
1906,3,1.0,0.0,7800000,21100000,12,717,1200000,10700000,19900000,6200000,0.0
1907,2,0.0,0.0,3200000,6300000,10,339,300000,4900000,7300000,2700000,1.0
1908,0,1.0,0.0,1600000,4500000,18,463,100000,2000000,4100000,1800000,1.0
1909,4,1.0,0.0,2400000,7300000,4,540,2500000,300000,7800000,2200000,0.0
1910,1,0.0,0.0,1800000,5900000,16,804,800000,2500000,5000000,1000000,0.0
1911,1,0.0,0.0,7500000,16000000,10,541,16300000,4500000,22400000,5100000,1.0
1912,4,1.0,1.0,6700000,18400000,10,371,1900000,1400000,15700000,4400000,1.0
1913,5,0.0,0.0,5800000,13700000,6,369,10500000,2700000,12100000,3000000,1.0
1914,0,1.0,0.0,500000,1800000,2,651,700000,0,1700000,200000,0.0
1915,0,0.0,1.0,9400000,30700000,10,477,17400000,900000,27500000,6200000,1.0
1916,4,1.0,0.0,1600000,6200000,18,554,3200000,800000,5500000,1100000,0.0
1917,0,0.0,1.0,9300000,25000000,14,362,14900000,16100000,32300000,11000000,1.0
1918,5,0.0,0.0,3700000,14000000,2,469,3800000,600000,8000000,2800000,0.0
1919,3,1.0,0.0,900000,1900000,12,547,2400000,400000,3000000,400000,1.0
1920,4,1.0,0.0,500000,1300000,6,809,200000,300000,900000,500000,0.0
1921,1,0.0,1.0,7800000,16200000,2,335,4900000,7900000,28700000,6400000,1.0
1922,5,1.0,1.0,5300000,13700000,18,708,7600000,900000,19200000,5900000,0.0
1923,0,0.0,0.0,300000,700000,16,779,200000,0,1000000,400000,0.0
1924,0,0.0,1.0,5000000,19900000,6,748,8300000,8500000,11300000,3000000,0.0
1925,0,0.0,0.0,7900000,28600000,18,541,400000,3900000,22300000,6700000,1.0
1926,4,0.0,0.0,5300000,15800000,2,527,3800000,5200000,19700000,3900000,1.0
1927,0,1.0,1.0,5500000,15300000,4,859,4600000,9500000,21400000,2900000,0.0
1928,0,0.0,0.0,1500000,5600000,18,604,2000000,2400000,4400000,1800000,0.0
1929,5,0.0,0.0,6600000,20100000,18,348,6900000,2500000,22500000,7200000,1.0
1930,4,0.0,1.0,6200000,16200000,20,734,8800000,4000000,14600000,4400000,0.0
1931,3,0.0,0.0,6300000,17000000,16,388,11700000,2100000,16100000,3200000,1.0
1932,0,0.0,1.0,3800000,8100000,20,831,6500000,1700000,7700000,2000000,0.0
1933,5,1.0,0.0,500000,1500000,6,433,-100000,700000,1900000,700000,1.0
1934,2,0.0,1.0,5000000,15900000,16,699,8800000,5900000,18100000,7200000,0.0
1935,0,1.0,0.0,4500000,17100000,8,303,7400000,8200000,17400000,4200000,1.0
1936,4,1.0,0.0,1000000,3800000,2,611,1700000,1800000,2500000,600000,0.0
1937,2,0.0,0.0,1700000,3700000,20,558,4100000,1400000,5000000,2500000,0.0
1938,4,0.0,1.0,1200000,4800000,2,752,2800000,900000,3000000,600000,0.0
1939,5,1.0,1.0,8500000,25800000,14,786,13900000,11000000,32400000,11300000,0.0
1940,0,0.0,0.0,8600000,29000000,18,481,21200000,2600000,27700000,5400000,1.0
1941,2,0.0,0.0,400000,1300000,16,507,200000,200000,1500000,300000,1.0
1942,4,0.0,0.0,8700000,19800000,14,715,13500000,13400000,32000000,8500000,0.0
1943,0,1.0,0.0,1800000,5700000,20,392,3800000,2400000,3500000,1400000,1.0
1944,0,0.0,1.0,4700000,17700000,16,887,1300000,4900000,13200000,6700000,0.0
1945,0,1.0,0.0,7300000,21600000,2,479,17900000,12300000,15900000,7500000,1.0
1946,2,0.0,0.0,8400000,32100000,20,328,16300000,4600000,19500000,8000000,1.0
1947,2,0.0,1.0,4800000,12900000,8,740,9300000,900000,11000000,3700000,0.0
1948,2,0.0,0.0,9200000,34200000,2,456,12200000,11300000,25800000,5700000,0.0
1949,1,1.0,0.0,6200000,21100000,10,467,15600000,10500000,23500000,5300000,1.0
1950,0,0.0,1.0,200000,700000,10,587,-100000,100000,500000,100000,1.0
1951,0,1.0,1.0,2500000,6700000,16,569,4500000,3400000,6200000,1300000,0.0
1952,3,1.0,1.0,8000000,24400000,14,399,19100000,5400000,20600000,11600000,1.0
1953,1,1.0,0.0,4600000,15200000,4,593,13800000,3800000,11700000,3900000,0.0
1954,3,1.0,1.0,4900000,12700000,8,409,2000000,2500000,19300000,4700000,1.0
1955,4,1.0,0.0,9500000,21300000,18,353,22900000,2300000,21400000,11100000,1.0
1956,5,0.0,1.0,4500000,11600000,20,306,4800000,1900000,11900000,5700000,1.0
1957,2,0.0,1.0,5900000,14200000,12,499,9200000,11600000,20200000,4400000,1.0
1958,4,0.0,0.0,4200000,14600000,6,324,6300000,5900000,11700000,3000000,1.0
1959,2,1.0,1.0,3300000,11300000,6,647,5100000,6000000,12800000,4400000,0.0
1960,2,0.0,1.0,4900000,12600000,2,767,1100000,7400000,13000000,3800000,0.0
1961,4,1.0,0.0,5300000,10700000,12,821,15400000,10200000,17600000,2600000,0.0
1962,4,1.0,0.0,7200000,17700000,6,338,9900000,9300000,27800000,7200000,1.0
1963,0,0.0,0.0,8400000,24300000,4,785,11900000,10100000,26600000,8500000,0.0
1964,3,0.0,0.0,3800000,11800000,4,694,0,500000,8300000,5100000,0.0
1965,0,1.0,0.0,9900000,22300000,20,613,28400000,8900000,23600000,4900000,0.0
1966,4,0.0,1.0,2900000,8300000,10,318,8700000,4100000,10900000,2100000,1.0
1967,3,1.0,1.0,6000000,18700000,18,783,2800000,8500000,20300000,8800000,0.0
1968,2,1.0,0.0,1700000,5300000,20,761,2500000,500000,3700000,1200000,0.0
1969,4,0.0,1.0,5300000,12000000,10,329,15300000,9300000,17300000,6100000,1.0
1970,5,1.0,1.0,7500000,15000000,14,661,12100000,5800000,29900000,4400000,0.0
1971,4,1.0,0.0,400000,900000,18,339,700000,200000,800000,200000,1.0
1972,1,0.0,1.0,8300000,17700000,10,673,23700000,5300000,28700000,4200000,0.0
1973,3,0.0,0.0,4500000,16900000,18,748,8500000,7200000,15100000,6600000,0.0
1974,3,0.0,0.0,4600000,10000000,4,702,6800000,1500000,16100000,4500000,0.0
1975,4,1.0,0.0,4700000,10300000,12,710,7500000,7700000,16900000,6600000,0.0
1976,0,0.0,1.0,900000,3500000,6,331,2400000,1400000,3500000,1100000,1.0
1977,1,1.0,0.0,2400000,7600000,12,372,5700000,4400000,6600000,1400000,1.0
1978,0,1.0,1.0,3900000,9600000,10,783,9900000,2100000,10900000,3900000,0.0
1979,0,0.0,0.0,8300000,31400000,18,558,13300000,2900000,25900000,6300000,0.0
1980,4,0.0,1.0,4700000,13000000,6,552,5600000,8300000,11900000,2400000,0.0
1981,4,1.0,0.0,3900000,10600000,20,544,4100000,3100000,10900000,4900000,1.0
1982,2,1.0,0.0,400000,1000000,6,425,800000,300000,800000,200000,1.0
1983,2,1.0,1.0,1700000,5100000,18,321,2000000,2800000,5100000,1500000,1.0
1984,2,0.0,1.0,6100000,15500000,8,758,8900000,4000000,13300000,7200000,0.0
1985,5,0.0,1.0,7300000,19600000,10,373,10400000,4700000,19500000,10600000,1.0
1986,3,1.0,1.0,300000,500000,6,876,300000,100000,1100000,300000,0.0
1987,2,1.0,0.0,4300000,14500000,10,594,11400000,700000,14000000,5300000,0.0
1988,3,1.0,0.0,7000000,18400000,18,837,2800000,7900000,15400000,5700000,0.0
1989,0,1.0,1.0,4900000,16500000,4,600,11100000,2200000,12000000,6500000,0.0
1990,4,0.0,0.0,6200000,12400000,20,547,14200000,10800000,17200000,8000000,1.0
1991,1,1.0,0.0,4100000,15800000,12,431,9700000,7300000,15200000,5700000,1.0
1992,0,1.0,1.0,7300000,22600000,12,851,3300000,3400000,24800000,5300000,0.0
1993,4,1.0,1.0,9200000,28100000,12,760,23200000,9700000,22300000,12900000,0.0
1994,0,1.0,0.0,800000,2400000,2,716,700000,1200000,3100000,400000,0.0
1995,4,1.0,0.0,2900000,11200000,10,744,6600000,4000000,7300000,1600000,0.0
1996,3,1.0,0.0,8100000,21600000,4,740,22400000,3700000,16900000,9900000,0.0
1997,0,0.0,0.0,9300000,20300000,14,759,27000000,11600000,26500000,10900000,0.0
1998,4,0.0,1.0,9200000,29400000,14,517,4900000,0,33500000,10100000,1.0
1999,3,1.0,1.0,3100000,6300000,18,895,2300000,3400000,10500000,4200000,0.0
2000,3,1.0,1.0,7000000,15400000,20,315,19900000,7600000,16400000,5900000,1.0
2001,4,1.0,0.0,3900000,8800000,14,527,4600000,4900000,14900000,3100000,1.0
2002,3,0.0,0.0,5500000,19800000,14,853,7300000,3000000,15500000,3100000,0.0
2003,0,0.0,0.0,6600000,13700000,20,747,3600000,2400000,23900000,6000000,0.0
2004,2,1.0,0.0,9900000,31600000,16,892,4200000,17500000,31400000,12700000,0.0
2005,4,0.0,1.0,6600000,20500000,8,856,18800000,5400000,15100000,9400000,0.0
2006,3,0.0,0.0,8600000,23600000,4,324,13800000,3800000,28500000,4300000,1.0
2007,5,0.0,0.0,7900000,28600000,12,812,12100000,14400000,30000000,11700000,0.0
2008,5,0.0,1.0,6800000,22600000,2,804,3500000,12500000,18200000,9900000,0.0
2009,4,0.0,0.0,700000,1800000,8,874,1600000,1000000,1300000,300000,0.0
2010,2,1.0,1.0,3800000,10000000,12,516,2400000,4200000,14200000,5100000,1.0
2011,5,0.0,1.0,6900000,18300000,4,402,12600000,13100000,23200000,6100000,1.0
2012,1,0.0,1.0,3700000,12400000,12,330,3400000,1000000,10400000,2800000,1.0
2013,1,0.0,0.0,7900000,24000000,12,867,20500000,10000000,30700000,9400000,0.0
2014,4,0.0,1.0,8800000,34200000,16,844,18700000,11000000,20700000,10700000,0.0
2015,5,1.0,1.0,3300000,7800000,8,310,3000000,3900000,8300000,4200000,1.0
2016,4,1.0,0.0,5800000,14200000,20,535,10200000,4000000,21100000,3400000,1.0
2017,1,0.0,1.0,7400000,29500000,16,323,10000000,4400000,29400000,8100000,1.0
2018,1,0.0,0.0,8200000,25600000,4,686,2000000,5900000,17300000,4400000,0.0
2019,0,1.0,1.0,3300000,9600000,8,465,6100000,700000,9700000,2000000,1.0
2020,4,0.0,1.0,5300000,10700000,12,547,1000000,10200000,11600000,5700000,1.0
2021,1,1.0,0.0,5700000,19100000,12,649,9400000,10200000,16400000,4500000,0.0
2022,2,1.0,0.0,9000000,31000000,14,670,21300000,5400000,31100000,12900000,0.0
2023,3,0.0,0.0,5900000,14400000,10,408,2400000,5100000,23000000,3700000,1.0
2024,2,1.0,0.0,5400000,11900000,6,303,15000000,9200000,15400000,6900000,1.0
2025,0,0.0,0.0,9800000,34800000,14,497,3000000,2200000,23800000,9600000,1.0
2026,4,0.0,1.0,9800000,34100000,14,740,6500000,16900000,27100000,5100000,0.0
2027,4,1.0,1.0,3800000,8200000,4,309,10900000,3900000,10200000,3300000,1.0
2028,0,1.0,0.0,9500000,24400000,14,769,14400000,2400000,30800000,14200000,0.0
2029,3,0.0,1.0,2500000,7100000,6,420,3800000,3300000,8700000,3000000,1.0
2030,1,0.0,0.0,1900000,6000000,20,540,1100000,1400000,4300000,1300000,1.0
2031,5,0.0,1.0,4400000,10600000,20,806,9700000,3600000,10800000,2500000,0.0
2032,4,0.0,1.0,1400000,2900000,6,723,3800000,0,4700000,1600000,0.0
2033,5,1.0,1.0,3200000,11800000,16,565,8100000,2700000,9200000,1800000,0.0
2034,1,0.0,1.0,3100000,9200000,16,374,2400000,3500000,7100000,3500000,1.0
2035,4,0.0,0.0,4500000,9900000,10,509,11100000,3100000,12200000,2700000,1.0
2036,3,1.0,1.0,9300000,23500000,16,728,3500000,9900000,27300000,9800000,0.0
2037,2,0.0,0.0,6900000,18200000,20,396,15600000,4300000,22900000,5400000,1.0
2038,0,1.0,1.0,3900000,8600000,2,667,4300000,6600000,13500000,2000000,0.0
2039,5,1.0,0.0,3200000,7400000,12,583,9400000,5500000,10600000,3600000,0.0
2040,1,1.0,1.0,5600000,21100000,10,459,9700000,1400000,13900000,8100000,1.0
2041,4,1.0,1.0,3700000,11900000,18,635,6100000,6400000,11200000,4700000,0.0
2042,3,1.0,0.0,8400000,27200000,12,604,21400000,8800000,23700000,4700000,0.0
2043,0,1.0,1.0,4200000,8900000,14,796,3000000,1600000,13300000,4800000,0.0
2044,4,0.0,0.0,3800000,8500000,10,416,6200000,4800000,14900000,4100000,1.0
2045,3,0.0,0.0,3200000,8200000,8,311,4900000,5600000,10700000,1600000,1.0
2046,1,0.0,0.0,9700000,33900000,10,833,24600000,16200000,28300000,6600000,0.0
2047,1,1.0,1.0,4300000,9400000,6,543,7400000,5200000,14800000,4200000,1.0
2048,5,0.0,1.0,8100000,20300000,18,751,1600000,7900000,31700000,7400000,0.0
2049,5,1.0,1.0,9400000,23200000,14,885,16900000,1200000,34900000,4700000,0.0
2050,4,1.0,1.0,8100000,19400000,6,346,7800000,9300000,29300000,4500000,1.0
2051,4,0.0,0.0,6500000,14500000,4,588,10300000,9500000,22800000,6400000,0.0
2052,2,0.0,0.0,9400000,23100000,4,488,20100000,3500000,28600000,10900000,1.0
2053,1,1.0,1.0,2600000,6600000,20,765,2100000,200000,5200000,1300000,0.0
2054,3,1.0,1.0,8000000,25600000,6,337,8800000,500000,18900000,9800000,1.0
2055,1,0.0,0.0,4700000,9300000,8,515,1000000,4700000,14600000,5700000,1.0
2056,2,0.0,1.0,7600000,22300000,12,555,2100000,13800000,17700000,7100000,0.0
2057,1,0.0,1.0,6800000,27200000,2,702,4600000,2400000,27100000,6300000,0.0
2058,2,1.0,1.0,6600000,17000000,2,457,100000,1800000,23300000,6700000,1.0
2059,2,0.0,0.0,8200000,27200000,10,425,11400000,4900000,29300000,4500000,1.0
2060,1,0.0,1.0,4400000,12300000,6,583,2400000,7900000,17200000,6600000,0.0
2061,1,1.0,0.0,8300000,29200000,6,877,13700000,9900000,31500000,9500000,0.0
2062,0,0.0,0.0,9200000,36500000,14,522,10500000,5300000,22400000,13200000,1.0
2063,5,1.0,1.0,2700000,8700000,20,687,2600000,1200000,9000000,1300000,0.0
2064,0,0.0,0.0,6100000,23600000,20,856,3300000,5200000,17700000,6400000,0.0
2065,4,1.0,1.0,9100000,33000000,8,543,15700000,14400000,19500000,11200000,1.0
2066,5,1.0,1.0,7600000,15400000,14,576,2300000,2800000,24500000,4700000,0.0
2067,2,1.0,0.0,7200000,17000000,10,856,18100000,12700000,15800000,6000000,0.0
2068,0,0.0,1.0,2600000,8200000,8,722,3500000,4200000,7100000,3200000,0.0
2069,4,0.0,1.0,6500000,20200000,12,653,18600000,1400000,23800000,6400000,0.0
2070,5,0.0,0.0,8900000,35500000,16,480,17200000,11300000,25200000,4900000,1.0
2071,2,0.0,1.0,5400000,14300000,14,477,10200000,700000,11100000,5500000,1.0
2072,0,0.0,0.0,300000,500000,2,885,200000,400000,700000,200000,0.0
2073,0,1.0,0.0,8400000,19600000,18,530,17000000,3600000,24200000,12300000,1.0
2074,3,0.0,0.0,8300000,17200000,8,870,4700000,8800000,18300000,10000000,0.0
2075,4,1.0,0.0,1700000,5600000,8,395,2700000,800000,3500000,2400000,1.0
2076,2,1.0,0.0,1500000,4200000,16,771,2500000,800000,5700000,1100000,0.0
2077,1,1.0,1.0,200000,500000,2,579,500000,100000,500000,100000,0.0
2078,1,0.0,1.0,1000000,3700000,14,798,2000000,200000,3800000,1400000,0.0
2079,3,1.0,1.0,8800000,25100000,8,473,17200000,600000,24400000,12400000,1.0
2080,0,0.0,1.0,1000000,3200000,8,304,500000,600000,3700000,700000,1.0
2081,0,1.0,1.0,8600000,23000000,14,678,18800000,16400000,22900000,12000000,0.0
2082,5,0.0,1.0,2400000,8900000,2,745,1700000,2000000,9200000,2100000,0.0
2083,1,0.0,0.0,2400000,8900000,8,835,2400000,1200000,5500000,1100000,0.0
2084,5,1.0,1.0,6000000,12100000,20,848,13900000,4800000,18000000,3600000,0.0
2085,5,1.0,0.0,7600000,16300000,18,872,5100000,1900000,20700000,5000000,0.0
2086,3,1.0,0.0,8000000,20100000,10,608,9800000,15500000,26100000,5200000,0.0
2087,0,0.0,1.0,5400000,19500000,16,758,2600000,2700000,18300000,6000000,0.0
2088,0,1.0,1.0,1400000,3700000,4,841,3000000,1000000,4600000,1000000,0.0
2089,0,1.0,1.0,800000,2600000,2,618,300000,1200000,2000000,500000,0.0
2090,4,0.0,1.0,300000,1100000,4,457,700000,100000,1100000,400000,0.0
2091,0,0.0,0.0,4100000,14400000,4,844,2700000,6000000,9900000,4200000,0.0
2092,2,1.0,0.0,1500000,3800000,4,776,2800000,0,5300000,1400000,0.0
2093,1,1.0,0.0,4600000,13900000,8,520,13300000,6400000,9800000,2200000,1.0
2094,1,0.0,1.0,3300000,7500000,12,648,6400000,1700000,8700000,1600000,0.0
2095,4,1.0,1.0,7900000,31400000,10,654,16500000,15200000,25400000,5000000,0.0
2096,0,1.0,0.0,8100000,26500000,20,342,5800000,5600000,23700000,5800000,1.0
2097,5,1.0,0.0,900000,2800000,16,808,2100000,900000,3100000,800000,0.0
2098,1,0.0,1.0,4900000,15200000,10,429,5700000,7300000,14400000,3300000,1.0
2099,3,0.0,1.0,6100000,18100000,14,538,11800000,4200000,16200000,7500000,1.0
2100,3,1.0,0.0,4500000,16400000,6,533,1800000,5600000,12200000,3900000,1.0
2101,2,0.0,1.0,2900000,7300000,8,394,7700000,2600000,7700000,4000000,1.0
2102,1,1.0,0.0,7900000,29300000,2,771,17600000,12800000,20400000,4000000,0.0
2103,5,0.0,1.0,4100000,10100000,4,792,4400000,6100000,8600000,4900000,0.0
2104,5,1.0,1.0,7700000,15500000,8,407,6500000,9100000,26300000,4600000,1.0
2105,0,1.0,0.0,5600000,19300000,18,544,6400000,2800000,19900000,6400000,1.0
2106,5,0.0,0.0,9000000,18000000,18,509,24600000,5200000,20000000,6100000,1.0
2107,4,1.0,1.0,6400000,18400000,16,320,17700000,3600000,13900000,8300000,1.0
2108,4,0.0,0.0,6900000,14700000,2,496,12000000,7000000,15500000,4000000,1.0
2109,3,1.0,0.0,9100000,27400000,18,652,8500000,7300000,31700000,6800000,0.0
2110,2,0.0,1.0,1100000,3700000,2,806,2700000,800000,2900000,500000,0.0
2111,4,1.0,0.0,1700000,4500000,12,821,3200000,1900000,4900000,1500000,0.0
2112,5,0.0,1.0,9200000,28800000,20,618,14300000,10800000,33900000,10600000,0.0
2113,2,1.0,1.0,8300000,20600000,12,729,22400000,9000000,31400000,8400000,0.0
2114,5,1.0,1.0,5000000,10600000,6,839,12600000,8600000,19800000,3500000,0.0
2115,3,0.0,0.0,2200000,6400000,2,318,1400000,2100000,4300000,1500000,1.0
2116,2,0.0,0.0,4500000,9600000,16,404,1800000,6000000,17000000,2700000,1.0
2117,5,1.0,1.0,4100000,9000000,6,581,6600000,1500000,11300000,3400000,0.0
2118,1,1.0,0.0,2800000,6800000,18,596,7900000,400000,7300000,1500000,0.0
2119,1,1.0,0.0,6600000,20700000,4,415,12800000,11900000,17700000,3900000,0.0
2120,3,1.0,1.0,3200000,7200000,6,728,4800000,2000000,8000000,4600000,0.0
2121,0,1.0,0.0,6300000,13300000,2,666,8800000,4000000,14200000,4900000,0.0
2122,2,0.0,0.0,4700000,17700000,14,675,5800000,7200000,13100000,6500000,0.0
2123,0,0.0,0.0,4100000,15400000,16,304,3000000,5200000,16200000,3100000,1.0
2124,5,0.0,1.0,7100000,15500000,4,474,7600000,9000000,22400000,9400000,1.0
2125,4,0.0,1.0,4900000,10200000,18,370,10900000,2200000,13700000,6600000,1.0
2126,4,0.0,0.0,5600000,20300000,20,596,5100000,10900000,12700000,7900000,0.0
2127,4,0.0,0.0,3400000,8300000,2,567,5700000,1900000,10200000,2700000,0.0
2128,3,1.0,0.0,4500000,16100000,16,671,10500000,3600000,12400000,5800000,0.0
2129,2,0.0,0.0,300000,800000,18,819,300000,300000,900000,400000,0.0
2130,5,1.0,1.0,7600000,23000000,10,829,3100000,7300000,17600000,7300000,0.0
2131,5,0.0,0.0,500000,1200000,12,454,1400000,500000,1000000,300000,1.0
2132,0,0.0,1.0,5900000,15200000,16,399,15200000,3200000,12200000,6500000,1.0
2133,0,0.0,0.0,7100000,20700000,10,784,9500000,11400000,27900000,8600000,0.0
2134,2,1.0,1.0,8500000,26900000,6,538,21300000,16400000,21500000,4600000,1.0
2135,0,0.0,1.0,6400000,16900000,16,759,16200000,7100000,15200000,3100000,0.0
2136,2,0.0,0.0,7100000,21400000,12,699,11400000,13400000,22600000,4800000,0.0
2137,5,1.0,0.0,1800000,5400000,14,347,3800000,1300000,4900000,1700000,1.0
2138,3,1.0,1.0,6600000,25200000,20,598,13100000,3600000,20700000,8600000,0.0
2139,4,0.0,1.0,8800000,27100000,2,406,16300000,6200000,26100000,5800000,0.0
2140,2,1.0,0.0,4800000,15800000,20,860,1700000,3300000,13400000,5100000,0.0
2141,5,0.0,1.0,4400000,16500000,10,806,3500000,4400000,11200000,2800000,0.0
2142,0,1.0,0.0,2000000,6900000,2,448,2700000,3800000,7100000,1600000,0.0
2143,2,0.0,0.0,6800000,22600000,20,393,2100000,2200000,20300000,8200000,1.0
2144,5,1.0,1.0,6600000,16000000,12,811,13100000,5000000,14700000,5000000,0.0
2145,2,0.0,0.0,3300000,7900000,20,829,4800000,2100000,13200000,2600000,0.0
2146,3,1.0,0.0,7400000,23400000,16,700,19300000,3000000,20700000,8900000,0.0
2147,0,1.0,1.0,4500000,12400000,18,719,10300000,200000,9200000,3100000,0.0
2148,1,1.0,1.0,9500000,30500000,12,430,5400000,8000000,30800000,10500000,1.0
2149,1,0.0,0.0,800000,3000000,4,338,900000,1000000,2600000,400000,0.0
2150,2,0.0,0.0,4000000,13000000,4,695,6400000,6900000,15400000,4300000,0.0
2151,2,1.0,0.0,7000000,25700000,18,374,3400000,13700000,14900000,4500000,1.0
2152,3,0.0,0.0,3500000,8500000,18,609,7300000,0,12700000,2500000,0.0
2153,3,0.0,1.0,9700000,36000000,6,631,3500000,5500000,28500000,7500000,0.0
2154,0,1.0,0.0,3400000,10800000,6,439,5300000,1400000,11600000,1900000,1.0
2155,1,0.0,1.0,4600000,13500000,20,837,5600000,7700000,11900000,2500000,0.0
2156,4,0.0,0.0,3800000,10400000,10,833,7500000,2500000,14100000,4200000,0.0
2157,4,1.0,1.0,4200000,9600000,20,863,7400000,900000,9100000,3400000,0.0
2158,2,0.0,0.0,2500000,8700000,4,684,0,600000,9700000,2600000,0.0
2159,0,1.0,1.0,7000000,24600000,6,542,6400000,2600000,24500000,4700000,1.0
2160,1,1.0,0.0,5300000,11500000,8,753,10000000,4200000,14400000,3000000,0.0
2161,0,1.0,0.0,6400000,14200000,2,512,1600000,9200000,23100000,3500000,1.0
2162,3,1.0,0.0,3400000,8100000,12,385,6100000,4000000,10700000,4000000,1.0
2163,4,1.0,0.0,6700000,18800000,2,749,15600000,7900000,19900000,8600000,0.0
2164,1,1.0,1.0,4600000,10100000,4,618,2200000,100000,12900000,4300000,0.0
2165,4,0.0,1.0,900000,2500000,4,583,1300000,800000,1800000,1100000,0.0
2166,0,0.0,0.0,5100000,19900000,18,655,4400000,0,17100000,7100000,0.0
2167,0,1.0,1.0,7000000,20900000,20,380,11800000,10800000,21100000,6200000,1.0
2168,3,0.0,1.0,4100000,14700000,6,679,6600000,3700000,10500000,5600000,0.0
2169,2,0.0,0.0,4600000,14800000,6,410,12900000,6800000,16100000,5800000,1.0
2170,2,0.0,1.0,3600000,11500000,8,590,1600000,5200000,10900000,3000000,0.0
2171,5,0.0,0.0,5900000,13800000,14,397,12400000,600000,20400000,3000000,1.0
2172,2,0.0,0.0,600000,2100000,16,425,900000,500000,2300000,300000,1.0
2173,0,0.0,0.0,4900000,16400000,2,383,3300000,3500000,15000000,5800000,0.0
2174,5,0.0,1.0,6400000,23900000,6,406,14700000,12400000,25400000,4300000,1.0
2175,2,0.0,0.0,7000000,19800000,10,563,3900000,9400000,22800000,8000000,0.0
2176,3,0.0,1.0,6700000,13400000,14,782,4900000,4000000,25800000,9600000,0.0
2177,1,1.0,1.0,800000,2200000,4,852,900000,200000,2200000,1000000,0.0
2178,5,1.0,0.0,7600000,27800000,2,753,18400000,12200000,16900000,8000000,0.0
2179,5,0.0,1.0,3200000,7600000,4,489,5000000,2900000,10600000,1900000,1.0
2180,2,1.0,1.0,4900000,13800000,2,586,9900000,1400000,9900000,7000000,0.0
2181,3,1.0,0.0,7200000,20800000,16,560,2100000,10700000,21100000,3600000,0.0
2182,3,0.0,0.0,5600000,20600000,6,487,6400000,9700000,20200000,4100000,1.0
2183,4,0.0,1.0,7300000,18300000,8,434,10000000,2900000,26800000,6700000,1.0
2184,4,1.0,0.0,3300000,7000000,20,504,8200000,3200000,7300000,2500000,1.0
2185,2,0.0,1.0,9200000,25300000,4,827,25900000,15900000,19300000,11000000,0.0
2186,3,1.0,1.0,8100000,23300000,20,657,15700000,2900000,28100000,6200000,0.0
2187,5,0.0,0.0,6600000,21400000,10,447,12700000,11100000,20200000,6400000,1.0
2188,0,0.0,1.0,4200000,13600000,4,834,8700000,3400000,12000000,3100000,0.0
2189,2,0.0,0.0,5800000,21700000,8,354,12500000,2300000,12200000,6800000,1.0
2190,2,0.0,1.0,5600000,21000000,18,883,9800000,1600000,20900000,6000000,0.0
2191,0,1.0,1.0,3600000,9900000,12,641,10300000,2400000,9100000,2700000,0.0
2192,1,0.0,1.0,7700000,16900000,6,621,22600000,7900000,27400000,10200000,0.0
2193,0,0.0,1.0,7800000,23300000,10,587,12500000,9300000,27500000,9700000,0.0
2194,3,1.0,0.0,5700000,15400000,16,424,4700000,3000000,16400000,5600000,1.0
2195,5,0.0,0.0,6300000,20500000,14,515,4300000,3600000,18300000,9100000,1.0
2196,5,1.0,1.0,2300000,4700000,18,592,1600000,3900000,6200000,2800000,0.0
2197,4,0.0,1.0,9600000,19900000,6,319,3200000,16500000,28100000,6600000,1.0
2198,1,1.0,1.0,1000000,3900000,16,360,2500000,300000,2100000,600000,1.0
2199,5,0.0,1.0,7200000,27100000,12,535,8400000,12800000,28100000,4800000,1.0
2200,2,1.0,1.0,3800000,11400000,16,666,9000000,2400000,8000000,3800000,0.0
2201,4,1.0,1.0,9300000,24600000,16,419,18100000,0,26700000,5100000,1.0
2202,2,1.0,1.0,7200000,21900000,12,640,0,11400000,14600000,3800000,0.0
2203,0,0.0,0.0,7600000,19700000,12,545,4300000,5200000,29500000,7300000,1.0
2204,4,0.0,0.0,4500000,15300000,10,843,13200000,6900000,10800000,2200000,0.0
2205,1,1.0,1.0,9900000,30900000,20,559,12100000,6100000,38600000,12100000,0.0
2206,0,1.0,1.0,700000,2000000,18,650,400000,1300000,2800000,500000,0.0
2207,0,0.0,0.0,3500000,12300000,16,479,9700000,6000000,7900000,4700000,1.0
2208,1,0.0,1.0,300000,1000000,14,324,100000,100000,1100000,100000,1.0
2209,5,1.0,1.0,5400000,16700000,2,354,1100000,4500000,19300000,5200000,0.0
2210,4,1.0,1.0,2800000,8400000,10,521,1500000,1200000,9100000,3700000,1.0
2211,5,1.0,1.0,4900000,15900000,8,505,12400000,4900000,14900000,6100000,1.0
2212,4,1.0,0.0,600000,1700000,12,436,400000,0,1700000,700000,1.0
2213,0,0.0,0.0,3000000,8100000,6,683,3200000,4900000,10200000,3200000,0.0
2214,0,0.0,0.0,1800000,5800000,18,348,2900000,700000,6700000,1000000,1.0
2215,4,0.0,1.0,5100000,15700000,6,867,11200000,8300000,19200000,3600000,0.0
2216,5,0.0,0.0,1400000,4100000,14,880,3700000,1800000,2800000,2100000,0.0
2217,2,0.0,1.0,6700000,25500000,10,673,11100000,8600000,25100000,5000000,0.0
2218,3,1.0,0.0,4300000,12600000,18,482,9300000,900000,13200000,6100000,1.0
2219,3,0.0,1.0,7800000,19600000,4,767,18100000,10500000,20500000,7700000,0.0
2220,3,1.0,0.0,5400000,15800000,18,760,12700000,2300000,16400000,7200000,0.0
2221,0,1.0,0.0,500000,1900000,2,857,1100000,500000,1800000,300000,0.0
2222,1,0.0,0.0,8600000,26700000,10,735,11800000,9100000,20700000,11200000,0.0
2223,3,0.0,0.0,2500000,9300000,4,810,2700000,3300000,9400000,3700000,0.0
2224,4,1.0,0.0,3000000,7200000,2,680,900000,3400000,9600000,1700000,0.0
2225,5,1.0,1.0,7000000,26900000,4,889,1400000,4200000,22400000,7400000,0.0
2226,1,1.0,1.0,400000,1500000,16,688,400000,300000,1200000,200000,0.0
2227,5,1.0,0.0,5200000,13700000,16,531,8800000,4500000,15700000,2900000,1.0
2228,3,0.0,0.0,3300000,11100000,2,660,6500000,3700000,12300000,4500000,0.0
2229,1,1.0,1.0,2400000,8800000,18,414,3600000,2200000,7100000,2500000,1.0
2230,4,0.0,1.0,5800000,15800000,14,528,6300000,100000,21400000,8700000,1.0
2231,4,1.0,1.0,9400000,20000000,12,817,3600000,1600000,34400000,8000000,0.0
2232,2,1.0,0.0,6100000,15300000,2,799,7100000,5500000,17800000,5300000,0.0
2233,1,0.0,1.0,7500000,21400000,20,655,13000000,10300000,28100000,8100000,0.0
2234,2,1.0,0.0,4100000,16200000,6,546,3500000,3100000,15100000,3700000,1.0
2235,3,1.0,0.0,8500000,30800000,14,745,11000000,8200000,19400000,7200000,0.0
2236,0,0.0,0.0,4300000,16900000,8,884,6500000,5400000,12000000,3700000,0.0
2237,5,1.0,0.0,9300000,22000000,4,822,20900000,10000000,24200000,12100000,0.0
2238,4,1.0,0.0,6000000,18700000,2,623,4300000,4000000,19100000,5700000,0.0
2239,1,1.0,1.0,5300000,18900000,16,361,300000,5000000,11900000,5500000,1.0
2240,5,1.0,1.0,7400000,16200000,2,778,17000000,2700000,19400000,9200000,0.0
2241,1,1.0,1.0,1100000,3800000,8,779,600000,1800000,4000000,1600000,0.0
2242,1,0.0,1.0,6600000,20700000,4,594,4800000,200000,26400000,8900000,0.0
2243,3,0.0,0.0,8200000,28300000,2,530,15000000,10500000,20200000,12100000,0.0
2244,3,1.0,0.0,3300000,9300000,12,324,5300000,2600000,7500000,2000000,1.0
2245,4,0.0,1.0,2500000,9000000,10,394,6700000,2000000,7300000,3000000,1.0
2246,3,0.0,1.0,3300000,10400000,12,816,7100000,6300000,11800000,4900000,0.0
2247,5,1.0,0.0,1000000,2300000,16,423,1700000,700000,2900000,1400000,1.0
2248,5,0.0,1.0,6200000,12800000,2,539,5600000,9800000,22300000,4800000,1.0
2249,1,0.0,0.0,7000000,21000000,20,554,16900000,6600000,14600000,5600000,0.0
2250,2,0.0,1.0,7000000,19000000,6,523,5300000,9300000,25800000,9500000,1.0
2251,1,1.0,1.0,5300000,12000000,10,852,400000,10400000,18900000,5000000,0.0
2252,0,1.0,1.0,1800000,3700000,2,505,3900000,2400000,4500000,1400000,1.0
2253,0,0.0,1.0,2300000,7900000,10,430,6600000,2800000,8100000,1900000,1.0
2254,2,0.0,0.0,4000000,9200000,16,784,3200000,600000,13000000,4900000,0.0
2255,1,1.0,0.0,8900000,24000000,6,380,16500000,7400000,27700000,7500000,1.0
2256,3,0.0,0.0,8000000,18600000,20,565,1600000,8600000,22500000,9400000,0.0
2257,4,0.0,1.0,7900000,26900000,14,446,17900000,7300000,16500000,8200000,1.0
2258,5,0.0,1.0,6700000,20200000,8,406,6900000,4900000,15300000,7100000,1.0
2259,4,1.0,0.0,2400000,6000000,6,712,6800000,2200000,6000000,1200000,0.0
2260,4,1.0,0.0,8600000,22600000,14,729,300000,16200000,20500000,11900000,0.0
2261,1,1.0,1.0,5300000,14600000,20,508,11200000,2800000,17000000,4600000,1.0
2262,0,0.0,0.0,7400000,24900000,20,648,7100000,7900000,23300000,6200000,0.0
2263,0,1.0,1.0,8700000,18700000,10,346,1200000,1800000,30700000,8200000,1.0
2264,5,0.0,0.0,8200000,18500000,4,394,9600000,5700000,27400000,11100000,1.0
2265,0,1.0,1.0,3700000,9700000,12,501,2600000,6600000,9200000,4600000,1.0
2266,5,1.0,1.0,9200000,36300000,2,655,3000000,1200000,32200000,8700000,0.0
2267,4,1.0,0.0,6100000,20900000,4,662,10200000,7000000,23300000,4100000,0.0
2268,2,0.0,1.0,8800000,30800000,20,820,700000,4800000,25900000,12700000,0.0
2269,5,1.0,0.0,9200000,18900000,10,521,8300000,14500000,23400000,6900000,1.0
2270,3,0.0,0.0,7200000,27900000,12,473,21100000,8800000,27800000,8700000,1.0
2271,1,0.0,0.0,600000,1200000,10,561,900000,300000,1400000,600000,0.0
2272,5,0.0,0.0,8000000,23100000,20,461,5900000,2400000,29300000,7200000,1.0
2273,4,0.0,1.0,6900000,13800000,16,715,2100000,6100000,20900000,8200000,0.0
2274,0,1.0,1.0,4300000,15600000,18,440,6200000,1300000,10000000,4700000,1.0
2275,3,1.0,1.0,8500000,24900000,18,749,9600000,1200000,31700000,10100000,0.0
2276,4,1.0,0.0,8600000,17400000,2,787,11700000,10600000,18400000,10600000,0.0
2277,3,0.0,0.0,6300000,13900000,18,748,17700000,8800000,21700000,8600000,0.0
2278,3,1.0,1.0,5800000,13600000,12,321,1700000,3300000,22300000,3400000,1.0
2279,3,0.0,1.0,1000000,2300000,10,303,1000000,400000,2500000,1000000,1.0
2280,0,1.0,1.0,1700000,5400000,8,682,2400000,1000000,3900000,2100000,0.0
2281,2,1.0,0.0,3200000,8600000,18,638,1000000,4900000,8600000,3500000,0.0
2282,0,0.0,1.0,7500000,16600000,14,440,17200000,14500000,24100000,10300000,1.0
2283,1,1.0,1.0,2000000,6600000,10,873,1400000,200000,6300000,2400000,0.0
2284,3,1.0,0.0,9100000,19700000,20,437,6300000,13700000,23700000,12900000,1.0
2285,4,0.0,1.0,8400000,19700000,8,796,17900000,9200000,20200000,7700000,0.0
2286,4,0.0,0.0,7100000,27200000,16,824,2400000,8000000,22400000,3900000,0.0
2287,2,1.0,0.0,200000,800000,6,338,100000,0,400000,100000,1.0
2288,0,1.0,1.0,5000000,14900000,12,575,12800000,1500000,12300000,6600000,0.0
2289,0,1.0,1.0,4500000,16900000,8,773,6300000,6800000,14000000,6000000,0.0
2290,2,1.0,1.0,5100000,19700000,2,733,0,4500000,12900000,6200000,0.0
2291,3,0.0,1.0,4100000,10600000,14,475,5400000,4300000,13900000,4500000,1.0
2292,1,1.0,0.0,7200000,15000000,10,677,10600000,3900000,24500000,4100000,0.0
2293,3,1.0,0.0,7800000,17700000,6,403,12600000,3700000,24700000,10000000,1.0
2294,3,0.0,1.0,7500000,25300000,12,767,13200000,10800000,19400000,9600000,0.0
2295,3,0.0,1.0,6400000,21000000,2,813,3900000,10900000,20500000,4400000,0.0
2296,4,0.0,0.0,7000000,25700000,20,597,19900000,13500000,27500000,10100000,0.0
2297,4,1.0,1.0,9000000,31100000,8,896,7100000,4400000,23400000,13100000,0.0
2298,2,1.0,1.0,4400000,13900000,6,810,13200000,4200000,15000000,5200000,0.0
2299,2,1.0,0.0,900000,2000000,14,337,1700000,0,2100000,600000,1.0
2300,1,0.0,0.0,9800000,26900000,18,792,15900000,14100000,25200000,11900000,0.0
2301,4,1.0,0.0,600000,1600000,6,784,300000,100000,1900000,500000,0.0
2302,5,0.0,1.0,9700000,30100000,12,434,19600000,17900000,21000000,6900000,1.0
2303,2,0.0,1.0,8400000,32600000,10,384,13900000,1600000,21600000,7000000,1.0
2304,1,0.0,0.0,8300000,24900000,10,642,11500000,15400000,21600000,5800000,0.0
2305,4,0.0,0.0,7900000,29900000,8,314,22000000,4600000,26000000,8100000,1.0
2306,1,1.0,0.0,8600000,25900000,2,606,3700000,14900000,32700000,12200000,0.0
2307,5,1.0,1.0,6700000,17600000,14,843,12700000,200000,19500000,5600000,0.0
2308,0,0.0,0.0,2700000,7400000,10,778,6800000,800000,5600000,2800000,0.0
2309,0,1.0,0.0,6600000,25600000,8,718,12600000,12200000,21700000,9000000,0.0
2310,1,0.0,1.0,7100000,20800000,20,437,9600000,7300000,24700000,8800000,1.0
2311,5,0.0,1.0,300000,700000,10,586,0,400000,1000000,100000,0.0
2312,2,0.0,0.0,2200000,7000000,6,777,6100000,400000,4400000,3300000,0.0
2313,1,0.0,1.0,8700000,31700000,12,525,7800000,10200000,30300000,6100000,1.0
2314,4,0.0,0.0,7200000,23100000,12,632,4600000,8500000,19400000,4400000,0.0
2315,0,1.0,0.0,2000000,4800000,20,337,1300000,2200000,5500000,1700000,1.0
2316,4,0.0,1.0,8600000,27900000,8,458,22400000,1800000,34000000,11700000,1.0
2317,2,0.0,1.0,2300000,5400000,8,364,4500000,500000,7000000,2000000,1.0
2318,2,1.0,1.0,9600000,29800000,16,499,28500000,6300000,31800000,7400000,1.0
2319,2,0.0,1.0,1900000,6500000,16,887,2000000,1200000,4500000,1700000,0.0
2320,1,0.0,0.0,2100000,6300000,16,882,3900000,2200000,7700000,2900000,0.0
2321,1,1.0,1.0,3900000,8700000,8,817,900000,2500000,10700000,2100000,0.0
2322,5,1.0,1.0,200000,300000,10,704,500000,100000,800000,200000,0.0
2323,1,1.0,1.0,1900000,4500000,12,742,1200000,2000000,4400000,1200000,0.0
2324,0,1.0,1.0,3200000,11600000,4,393,4700000,300000,8000000,3100000,0.0
2325,0,1.0,0.0,1100000,4300000,18,828,700000,800000,2900000,900000,0.0
2326,5,0.0,1.0,8000000,21500000,12,779,2600000,15100000,29800000,10400000,0.0
2327,4,0.0,1.0,6100000,21700000,6,860,13900000,900000,14100000,5600000,0.0
2328,5,0.0,0.0,3200000,10600000,2,432,6500000,3700000,11200000,3700000,0.0
2329,4,0.0,1.0,9000000,30400000,20,532,21000000,7400000,30500000,13100000,1.0
2330,0,1.0,1.0,1200000,3200000,2,678,1500000,1000000,3400000,900000,0.0
2331,3,0.0,0.0,7900000,27000000,6,601,17700000,7800000,27600000,11500000,0.0
2332,3,0.0,1.0,7700000,23100000,8,807,2900000,9800000,20400000,7000000,0.0
2333,2,1.0,0.0,4400000,16500000,16,879,7800000,7500000,10300000,5400000,0.0
2334,1,1.0,0.0,3100000,11200000,18,665,2000000,5400000,12000000,2500000,0.0
2335,5,1.0,1.0,2600000,9300000,16,697,5100000,1200000,7700000,3700000,0.0
2336,4,0.0,0.0,5500000,21700000,14,867,5000000,8700000,15200000,3100000,0.0
2337,1,0.0,0.0,5700000,15500000,8,544,10500000,8700000,20900000,7000000,1.0
2338,5,0.0,0.0,6100000,20700000,20,482,9400000,2000000,16900000,5900000,1.0
2339,2,0.0,0.0,8200000,22500000,18,857,13400000,14300000,28400000,8400000,0.0
2340,1,0.0,0.0,6000000,21200000,12,549,17900000,8200000,16900000,6200000,1.0
2341,1,0.0,1.0,8000000,30600000,10,720,23700000,8500000,24900000,9700000,0.0
2342,4,1.0,0.0,2000000,4800000,8,302,1500000,800000,4000000,2600000,1.0
2343,5,0.0,1.0,1300000,2900000,12,669,400000,1700000,3900000,1800000,0.0
2344,1,0.0,0.0,7000000,27100000,6,591,6700000,12200000,21500000,4900000,0.0
2345,3,0.0,0.0,4100000,15300000,6,440,7500000,5100000,8200000,2000000,1.0
2346,3,0.0,0.0,8000000,26200000,16,890,15800000,4300000,25000000,4000000,0.0
2347,4,1.0,0.0,8100000,28000000,8,663,8800000,11300000,26000000,5500000,0.0
2348,4,0.0,1.0,9500000,22600000,14,433,10000000,900000,23100000,13400000,1.0
2349,0,0.0,0.0,9200000,22500000,10,317,14200000,17400000,28500000,10700000,1.0
2350,2,0.0,0.0,3900000,14700000,16,360,2600000,200000,8300000,2900000,1.0
2351,1,0.0,0.0,9100000,26200000,8,727,20800000,7100000,27800000,8900000,0.0
2352,3,0.0,1.0,3000000,8300000,4,685,2900000,5400000,11300000,3800000,0.0
2353,4,0.0,0.0,2000000,4300000,8,373,2000000,2700000,7700000,2200000,1.0
2354,5,0.0,0.0,6300000,14600000,8,469,13300000,10100000,24500000,3800000,1.0
2355,3,1.0,1.0,4100000,10900000,8,548,8800000,5200000,13200000,4300000,1.0
2356,0,1.0,0.0,9800000,29400000,20,618,1200000,14600000,33800000,8300000,0.0
2357,2,0.0,0.0,5200000,15400000,8,658,1200000,7500000,12800000,3200000,0.0
2358,3,0.0,0.0,7600000,28700000,18,781,21300000,12400000,29600000,8000000,0.0
2359,3,1.0,0.0,9200000,35500000,2,715,11100000,11800000,19800000,11700000,0.0
2360,5,1.0,0.0,2200000,8100000,4,409,300000,0,4900000,2400000,1.0
2361,2,1.0,1.0,8300000,20600000,10,504,100000,900000,33200000,6700000,1.0
2362,3,0.0,1.0,6100000,21600000,16,428,2900000,6100000,15100000,7200000,1.0
2363,2,0.0,0.0,4500000,16600000,20,704,6400000,4200000,16900000,2400000,0.0
2364,3,1.0,0.0,6600000,18800000,12,834,18800000,9300000,13700000,4800000,0.0
2365,4,1.0,0.0,8900000,34900000,14,694,15400000,2800000,20600000,9100000,0.0
2366,4,0.0,1.0,3900000,13300000,20,453,9800000,500000,12300000,4700000,1.0
2367,3,0.0,1.0,8900000,35400000,14,404,22300000,7700000,26400000,5900000,1.0
2368,5,1.0,0.0,6400000,22300000,12,776,500000,9100000,24100000,5800000,0.0
2369,1,1.0,1.0,9500000,28700000,16,526,24600000,4900000,31800000,6600000,1.0
2370,3,0.0,1.0,300000,1000000,8,641,700000,200000,1100000,200000,0.0
2371,5,1.0,0.0,4100000,12300000,6,582,10900000,6100000,14100000,3500000,0.0
2372,2,0.0,0.0,8100000,20800000,18,778,4100000,15500000,16700000,10600000,0.0
2373,4,0.0,0.0,9900000,28400000,10,763,23700000,12700000,35800000,5800000,0.0
2374,0,1.0,0.0,4800000,19000000,12,650,7000000,1000000,15600000,4800000,0.0
2375,0,0.0,1.0,2900000,9700000,2,820,6700000,1600000,9100000,3900000,0.0
2376,1,1.0,1.0,3500000,13500000,12,824,8400000,3900000,11600000,4100000,0.0
2377,1,1.0,1.0,4900000,12600000,4,718,11800000,7300000,11800000,3800000,0.0
2378,2,1.0,1.0,5100000,13300000,14,313,5900000,7900000,18000000,3900000,1.0
2379,5,0.0,0.0,7300000,26200000,10,751,1400000,12200000,26700000,10400000,0.0
2380,0,0.0,1.0,200000,300000,18,520,100000,300000,600000,100000,1.0
2381,2,0.0,0.0,1400000,4700000,4,355,2100000,600000,4400000,1400000,0.0
2382,3,0.0,1.0,8700000,33600000,14,314,7700000,10000000,21700000,6200000,1.0
2383,1,1.0,1.0,2800000,5900000,20,728,1000000,3200000,10300000,1400000,0.0
2384,3,0.0,1.0,9100000,30100000,14,564,26600000,7300000,22700000,8200000,0.0
2385,0,1.0,1.0,6800000,15300000,14,699,19900000,2600000,13900000,8300000,0.0
2386,0,1.0,1.0,5000000,17000000,6,624,6700000,6200000,15400000,5900000,0.0
2387,0,0.0,1.0,4400000,16800000,14,795,8700000,8700000,12600000,3400000,0.0
2388,5,1.0,1.0,8400000,18600000,20,703,2500000,7100000,28800000,9500000,0.0
2389,4,0.0,0.0,7800000,17300000,4,394,3600000,13100000,24300000,7200000,1.0
2390,4,0.0,1.0,4800000,9900000,14,779,5200000,9300000,18600000,2900000,0.0
2391,1,0.0,0.0,3200000,8800000,4,405,1000000,2600000,10700000,3400000,1.0
2392,5,0.0,1.0,2300000,6700000,16,612,6700000,3300000,8800000,2000000,0.0
2393,5,1.0,1.0,9200000,28100000,10,448,22300000,3300000,33200000,10700000,1.0
2394,2,1.0,1.0,4700000,13700000,6,506,1300000,7900000,16700000,3500000,1.0
2395,0,1.0,1.0,8000000,30400000,2,776,16600000,1400000,29100000,7800000,0.0
2396,1,0.0,1.0,2600000,8600000,6,730,800000,2900000,6000000,3100000,0.0
2397,3,1.0,0.0,200000,800000,20,730,0,300000,400000,300000,0.0
2398,5,0.0,0.0,7300000,17200000,2,345,6100000,8400000,23200000,4900000,1.0
2399,4,1.0,0.0,3300000,11800000,2,847,7800000,2400000,12100000,3000000,0.0
2400,4,1.0,0.0,8300000,23300000,20,398,18500000,11500000,17100000,9900000,1.0
2401,5,1.0,1.0,4100000,9600000,2,307,8800000,7800000,8500000,3100000,1.0
2402,1,1.0,0.0,7300000,23700000,16,852,9400000,6800000,22600000,8500000,0.0
2403,1,1.0,0.0,9300000,27500000,6,364,12200000,13800000,25300000,10800000,1.0
2404,2,0.0,1.0,4300000,15200000,12,552,3400000,2100000,12700000,4800000,0.0
2405,3,1.0,0.0,2600000,8100000,2,421,4200000,3100000,6200000,2500000,0.0
2406,5,0.0,0.0,2900000,9800000,12,588,5900000,2300000,6800000,2900000,0.0
2407,2,0.0,1.0,900000,3500000,6,763,2300000,300000,2000000,600000,0.0
2408,3,1.0,1.0,4900000,17500000,20,823,12600000,8700000,14300000,4800000,0.0
2409,0,0.0,0.0,7700000,24800000,10,642,16800000,10700000,27400000,4500000,0.0
2410,1,0.0,0.0,4700000,16800000,12,647,10400000,8300000,10600000,3400000,0.0
2411,5,1.0,0.0,3000000,8900000,20,886,2600000,1000000,10600000,2800000,0.0
2412,4,1.0,0.0,9700000,26200000,4,518,26200000,0,22500000,14000000,1.0
2413,0,0.0,1.0,6900000,26800000,20,515,10800000,2500000,16700000,8300000,1.0
2414,2,1.0,1.0,3800000,12400000,8,340,1800000,2600000,9700000,2600000,1.0
2415,3,1.0,1.0,600000,1700000,14,521,0,1000000,1700000,600000,1.0
2416,2,1.0,1.0,1200000,2900000,12,330,400000,1600000,3800000,600000,1.0
2417,4,1.0,1.0,7800000,26800000,2,474,8900000,11200000,18400000,5600000,0.0
2418,0,1.0,0.0,9000000,35100000,6,898,500000,16200000,20700000,9100000,0.0
2419,1,1.0,0.0,2800000,9100000,12,436,3600000,500000,7800000,3600000,1.0
2420,1,1.0,0.0,7800000,21300000,10,326,22800000,10700000,18500000,4500000,1.0
2421,4,0.0,1.0,4700000,9500000,18,876,11800000,6600000,18000000,4100000,0.0
2422,2,0.0,0.0,4600000,17500000,20,597,11400000,6100000,14100000,4100000,0.0
2423,4,0.0,0.0,5100000,16100000,14,436,11400000,2700000,13100000,6700000,1.0
2424,3,1.0,1.0,6100000,22800000,18,640,16800000,7300000,19600000,6000000,0.0
2425,0,1.0,0.0,6000000,22900000,16,302,12200000,6500000,17700000,7100000,1.0
2426,2,1.0,0.0,8400000,23200000,16,476,15200000,5400000,18700000,8600000,1.0
2427,2,0.0,0.0,9300000,22000000,14,393,4300000,3800000,28400000,13900000,1.0
2428,0,0.0,0.0,4200000,10300000,10,506,9300000,4500000,12400000,6000000,1.0
2429,3,0.0,0.0,9600000,37800000,10,418,6700000,5500000,34900000,11300000,1.0
2430,3,0.0,0.0,5600000,13400000,6,865,14900000,9700000,12300000,6000000,0.0
2431,4,0.0,0.0,7800000,28600000,2,703,500000,12400000,29500000,10500000,0.0
2432,2,0.0,1.0,4500000,12600000,2,568,6900000,3900000,17800000,2900000,0.0
2433,3,0.0,0.0,2400000,5900000,2,425,1100000,500000,7400000,2500000,1.0
2434,0,1.0,0.0,3900000,11300000,12,305,5000000,5900000,8800000,2100000,1.0
2435,5,0.0,1.0,9600000,20600000,6,456,17300000,11000000,21700000,11600000,1.0
2436,4,1.0,0.0,900000,2600000,2,602,600000,800000,3200000,1000000,0.0
2437,3,0.0,1.0,1100000,3800000,20,814,1400000,1500000,3200000,1100000,0.0
2438,4,1.0,0.0,6400000,24900000,2,640,10000000,5700000,18700000,6300000,0.0
2439,2,0.0,0.0,4600000,15000000,4,817,7200000,2400000,13000000,6600000,0.0
2440,4,0.0,0.0,7600000,29800000,20,361,13800000,5800000,15300000,5900000,1.0
2441,5,1.0,0.0,6800000,20100000,14,839,1900000,600000,15600000,7500000,0.0
2442,5,0.0,0.0,7100000,27000000,20,592,5100000,9600000,20200000,7600000,0.0
2443,4,1.0,1.0,6700000,24700000,6,498,12900000,700000,18800000,8400000,1.0
2444,5,1.0,1.0,5800000,12400000,6,847,5100000,9000000,14100000,7600000,0.0
2445,0,0.0,1.0,8600000,29400000,16,643,1000000,14100000,33000000,12300000,0.0
2446,0,0.0,1.0,3500000,10600000,4,389,8300000,4800000,9100000,2500000,0.0
2447,2,0.0,1.0,4800000,17500000,20,381,400000,6900000,13400000,7000000,1.0
2448,5,0.0,1.0,6100000,14400000,16,400,9200000,2800000,23800000,5600000,1.0
2449,5,0.0,1.0,5200000,12700000,16,718,11700000,100000,18100000,7200000,0.0
2450,5,1.0,1.0,4100000,12400000,8,309,8200000,1000000,13000000,3300000,1.0
2451,5,1.0,0.0,3200000,7400000,2,838,2200000,2900000,10200000,3600000,0.0
2452,3,1.0,1.0,7500000,21600000,14,678,8800000,12100000,20100000,11200000,0.0
2453,2,1.0,1.0,1500000,4500000,14,826,3200000,1700000,4600000,1600000,0.0
2454,4,0.0,1.0,1200000,3100000,16,348,1200000,2200000,3500000,1700000,1.0
2455,1,0.0,1.0,8400000,19700000,6,476,24700000,16500000,31800000,12100000,1.0
2456,0,1.0,1.0,7900000,26300000,8,666,4600000,9200000,18400000,11800000,0.0
2457,1,0.0,1.0,2100000,4300000,20,896,100000,2300000,7500000,2300000,0.0
2458,2,0.0,0.0,2500000,7000000,20,547,800000,1200000,5200000,2300000,1.0
2459,2,1.0,1.0,3700000,13900000,2,405,5900000,3200000,9100000,5500000,0.0
2460,5,0.0,0.0,1100000,4000000,16,498,400000,100000,2300000,700000,1.0
2461,5,0.0,0.0,6500000,24800000,8,779,7000000,9600000,15700000,8800000,0.0
2462,0,1.0,1.0,8200000,31500000,8,403,11500000,8800000,19000000,6100000,1.0
2463,2,1.0,0.0,5000000,12400000,8,709,11300000,6800000,13300000,4200000,0.0
2464,1,1.0,0.0,1500000,6000000,6,507,2600000,2700000,4800000,1900000,1.0
2465,5,1.0,0.0,3700000,9100000,18,368,3400000,2400000,8400000,3300000,1.0
2466,3,0.0,1.0,4100000,14600000,16,760,4700000,6600000,14900000,3000000,0.0
2467,2,1.0,0.0,7200000,16800000,6,796,6600000,6100000,14400000,9800000,0.0
2468,1,0.0,0.0,2000000,5000000,6,876,500000,2900000,5800000,1500000,0.0
2469,3,1.0,0.0,2000000,4700000,14,673,800000,3400000,5900000,1500000,0.0
2470,1,0.0,1.0,5100000,11500000,4,747,5000000,8900000,14100000,7000000,0.0
2471,1,1.0,0.0,6000000,13600000,12,589,9000000,300000,12600000,7100000,0.0
2472,1,0.0,0.0,4900000,18100000,8,382,13600000,400000,15500000,2400000,1.0
2473,3,1.0,1.0,900000,2300000,12,900,1300000,0,3300000,1100000,0.0
2474,1,0.0,1.0,7500000,25000000,18,628,3500000,2200000,21700000,4700000,0.0
2475,2,0.0,0.0,6400000,25000000,12,667,13500000,5500000,25500000,5400000,0.0
2476,2,0.0,1.0,8700000,26400000,2,778,8500000,2400000,28800000,10300000,0.0
2477,4,0.0,1.0,7300000,17200000,18,831,18500000,4300000,23000000,5200000,0.0
2478,5,0.0,0.0,7400000,27100000,4,320,19800000,14600000,25200000,9400000,0.0
2479,2,0.0,0.0,2700000,9300000,16,656,7700000,2500000,6400000,3600000,0.0
2480,3,0.0,0.0,3400000,8900000,6,896,4200000,4800000,10200000,4200000,0.0
2481,3,1.0,1.0,2100000,7400000,4,320,3300000,2700000,6300000,2200000,0.0
2482,2,1.0,0.0,3100000,10500000,10,751,5500000,5900000,9000000,1600000,0.0
2483,5,1.0,0.0,4700000,17400000,2,523,10600000,7000000,10900000,5200000,0.0
2484,5,0.0,0.0,3100000,10500000,6,584,7700000,2100000,10900000,2900000,0.0
2485,2,1.0,0.0,5700000,20400000,2,630,3000000,3100000,22600000,2900000,0.0
2486,3,0.0,1.0,2300000,8000000,14,472,4400000,3300000,7700000,1800000,1.0
2487,0,1.0,1.0,6600000,18500000,16,802,14600000,1100000,21800000,9700000,0.0
2488,2,0.0,1.0,2700000,6400000,18,547,5000000,1700000,9200000,1700000,1.0
2489,1,1.0,1.0,800000,2800000,16,726,2000000,1300000,3100000,1200000,0.0
2490,1,0.0,0.0,6600000,18500000,8,712,2300000,3200000,24400000,7600000,0.0
2491,3,0.0,0.0,3900000,10700000,6,790,10600000,1900000,12500000,2700000,0.0
2492,5,1.0,0.0,200000,600000,16,396,0,0,500000,200000,1.0
2493,3,0.0,0.0,2000000,4200000,6,831,1300000,1700000,6900000,1200000,0.0
2494,2,0.0,1.0,9100000,20900000,20,632,4200000,400000,30000000,13200000,0.0
2495,3,0.0,0.0,4700000,10800000,8,527,13300000,3100000,13600000,4800000,1.0
2496,3,1.0,1.0,3200000,11100000,6,708,8900000,5700000,8100000,1500000,0.0
2497,2,1.0,0.0,1700000,4200000,14,829,200000,1600000,4600000,1600000,0.0
2498,1,1.0,0.0,2600000,8100000,12,854,4500000,5100000,6300000,2500000,0.0
2499,3,1.0,1.0,2700000,6700000,14,899,2400000,4200000,6000000,2000000,0.0
2500,0,1.0,1.0,3600000,13400000,6,589,3600000,0,11200000,4000000,0.0
2501,4,0.0,1.0,7200000,26000000,6,571,4700000,0,22600000,4200000,0.0
2502,2,1.0,1.0,2500000,6400000,6,708,6900000,200000,9900000,3500000,0.0
2503,2,1.0,0.0,5500000,19600000,16,328,2400000,4800000,10900000,3700000,1.0
2504,3,0.0,1.0,9200000,33500000,8,564,20800000,15200000,29800000,11400000,0.0
2505,3,1.0,0.0,9000000,19000000,8,693,18300000,4500000,29600000,7200000,0.0
2506,4,1.0,1.0,5900000,15000000,14,626,16400000,4600000,17600000,8200000,0.0
2507,4,0.0,0.0,5600000,15600000,12,470,9900000,10700000,14600000,7000000,1.0
2508,2,1.0,1.0,3200000,12500000,8,849,400000,5300000,10400000,4400000,0.0
2509,5,1.0,0.0,9100000,27800000,16,547,21900000,7000000,31900000,9400000,1.0
2510,0,1.0,1.0,4600000,15100000,2,417,5600000,3900000,11800000,6600000,0.0
2511,4,0.0,0.0,7300000,14900000,2,358,13600000,12300000,20400000,7300000,1.0
2512,5,1.0,1.0,1300000,3100000,16,826,200000,1700000,5100000,1400000,0.0
2513,0,1.0,0.0,1800000,4200000,6,836,1300000,1900000,6800000,2000000,0.0
2514,3,0.0,0.0,500000,1700000,10,509,400000,300000,1400000,300000,1.0
2515,2,1.0,1.0,5700000,20500000,20,581,15200000,7800000,11400000,8500000,0.0
2516,4,0.0,0.0,300000,1100000,4,359,100000,0,1000000,200000,0.0
2517,5,0.0,1.0,2100000,7100000,10,517,1200000,2900000,5400000,1400000,1.0
2518,1,1.0,1.0,5700000,20100000,14,442,11700000,7300000,17900000,6500000,1.0
2519,1,1.0,1.0,1100000,2700000,16,346,1900000,300000,2200000,800000,1.0
2520,5,0.0,0.0,9300000,34000000,6,742,4200000,600000,32800000,8200000,0.0
2521,1,0.0,1.0,3500000,8100000,10,626,7100000,5500000,7200000,2900000,0.0
2522,0,1.0,1.0,8200000,28800000,4,619,9000000,1100000,23000000,6300000,0.0
2523,2,1.0,1.0,7500000,17900000,20,734,9100000,5500000,23000000,4900000,0.0
2524,1,0.0,1.0,7000000,25600000,6,420,15100000,11500000,15300000,8700000,1.0
2525,5,1.0,1.0,3900000,8300000,18,600,3900000,600000,10400000,5600000,0.0
2526,3,0.0,1.0,4700000,13200000,12,440,4000000,3300000,16600000,4300000,1.0
2527,5,1.0,1.0,1700000,5200000,16,820,1700000,1200000,4000000,1000000,0.0
2528,0,0.0,0.0,2500000,7800000,8,437,5800000,0,5800000,3300000,1.0
2529,1,1.0,1.0,400000,1400000,12,468,700000,0,1500000,400000,1.0
2530,0,1.0,1.0,2400000,9100000,8,368,2200000,200000,5600000,3300000,1.0
2531,4,0.0,0.0,5700000,21900000,2,871,3200000,1700000,14400000,6100000,0.0
2532,1,0.0,0.0,9800000,37900000,4,816,21800000,12200000,26100000,8500000,0.0
2533,5,0.0,0.0,9000000,32800000,4,773,10600000,4100000,18900000,11500000,0.0
2534,3,1.0,0.0,800000,3000000,14,576,1200000,1300000,2600000,400000,0.0
2535,1,0.0,0.0,1600000,4500000,14,673,1900000,2700000,3700000,1300000,0.0
2536,0,0.0,1.0,9800000,34100000,20,760,21500000,9400000,33400000,13600000,0.0
2537,5,1.0,1.0,2900000,7500000,12,678,3400000,3000000,10900000,3700000,0.0
2538,4,1.0,1.0,3900000,12000000,14,893,6000000,4700000,12900000,5200000,0.0
2539,0,0.0,1.0,3300000,9000000,18,754,6100000,3900000,6900000,4700000,0.0
2540,3,0.0,1.0,700000,2200000,8,617,1600000,400000,2400000,900000,0.0
2541,3,1.0,1.0,8400000,29500000,20,661,14600000,3400000,28900000,10900000,0.0
2542,1,0.0,1.0,4000000,12100000,12,356,10500000,2500000,15600000,5000000,1.0
2543,0,1.0,1.0,1900000,6300000,16,811,1100000,100000,5100000,1900000,0.0
2544,0,1.0,0.0,3900000,14600000,2,730,9200000,4000000,14600000,5400000,0.0
2545,5,1.0,0.0,7400000,18000000,2,792,5300000,9400000,19900000,5300000,0.0
2546,5,1.0,1.0,5900000,16000000,6,798,15900000,5000000,12300000,3100000,0.0
2547,2,1.0,0.0,1400000,2900000,12,490,600000,1600000,5500000,1300000,1.0
2548,2,0.0,1.0,1800000,5500000,6,448,2900000,300000,5600000,1300000,1.0
2549,0,0.0,1.0,1000000,3100000,6,525,1900000,1700000,2800000,1400000,1.0
2550,1,0.0,0.0,7400000,19200000,20,415,2200000,4800000,29200000,7000000,1.0
2551,5,0.0,0.0,2700000,10600000,16,496,800000,2900000,9700000,2400000,1.0
2552,1,1.0,1.0,3600000,13100000,8,543,2900000,100000,9900000,2700000,1.0
2553,5,0.0,0.0,7000000,18400000,12,520,4700000,11900000,17000000,3800000,1.0
2554,4,1.0,1.0,5000000,18000000,14,307,5300000,5600000,12800000,3300000,1.0
2555,2,0.0,0.0,1800000,5700000,14,502,1400000,1100000,4400000,1300000,1.0
2556,2,0.0,1.0,4700000,12000000,6,505,3400000,3800000,18000000,2300000,1.0
2557,2,1.0,1.0,6700000,23100000,4,304,14400000,7100000,24300000,10000000,0.0
2558,5,1.0,0.0,5800000,17500000,10,719,5800000,1900000,12400000,3100000,0.0
2559,0,0.0,1.0,5900000,22700000,18,855,13400000,6300000,14500000,4000000,0.0
2560,4,1.0,0.0,6000000,15800000,18,593,6800000,4800000,13200000,6400000,0.0
2561,1,1.0,1.0,700000,1400000,10,523,700000,1100000,1600000,900000,1.0
2562,0,1.0,1.0,3700000,13100000,14,385,10600000,6800000,9200000,4900000,1.0
2563,0,0.0,1.0,7100000,19300000,6,783,3900000,4800000,21800000,5000000,0.0
2564,5,0.0,1.0,1100000,3900000,2,538,400000,1300000,4300000,1600000,0.0
2565,3,1.0,1.0,9500000,20100000,2,506,16800000,800000,32700000,11000000,1.0
2566,4,1.0,1.0,2200000,8600000,2,461,1400000,3000000,4700000,2100000,0.0
2567,4,1.0,1.0,5500000,20000000,8,666,3800000,4700000,18000000,7900000,0.0
2568,3,1.0,1.0,4400000,16300000,20,561,5500000,8000000,12000000,4000000,0.0
2569,5,1.0,0.0,5000000,10800000,10,345,12300000,5000000,14100000,6300000,1.0
2570,4,1.0,1.0,6100000,12500000,14,862,11300000,1500000,21900000,6800000,0.0
2571,3,1.0,0.0,8100000,22300000,10,686,20400000,8700000,19200000,6200000,0.0
2572,4,0.0,1.0,7000000,19600000,8,708,17600000,2600000,24300000,4500000,0.0
2573,4,1.0,0.0,5600000,14800000,20,656,9600000,9200000,11600000,6500000,0.0
2574,4,0.0,0.0,1800000,7000000,14,743,2600000,1000000,4500000,1500000,0.0
2575,2,0.0,0.0,3600000,12100000,14,408,10100000,4200000,13000000,5400000,1.0
2576,5,0.0,0.0,600000,1300000,14,408,1000000,300000,1600000,900000,1.0
2577,1,0.0,1.0,4900000,16500000,12,439,7500000,1400000,10300000,7200000,1.0
2578,3,0.0,1.0,3000000,7100000,6,415,2000000,5700000,9500000,2500000,1.0
2579,0,1.0,1.0,3800000,10600000,12,490,3300000,6500000,14400000,3100000,1.0
2580,1,0.0,1.0,7600000,30000000,16,884,13300000,3600000,17200000,10800000,0.0
2581,4,0.0,0.0,7800000,25400000,18,425,3000000,14000000,30500000,7200000,1.0
2582,0,0.0,0.0,6800000,21700000,20,730,17500000,1300000,18600000,3600000,0.0
2583,4,0.0,1.0,5900000,17300000,20,657,1500000,5600000,13000000,4100000,0.0
2584,2,1.0,0.0,4900000,16800000,10,480,2200000,8900000,12600000,2700000,1.0
2585,3,1.0,1.0,1100000,3100000,16,356,1300000,100000,3000000,1600000,1.0
2586,1,1.0,1.0,9800000,36000000,12,629,28000000,4100000,29800000,11200000,0.0
2587,1,0.0,1.0,1200000,4700000,2,667,1100000,300000,4200000,800000,0.0
2588,0,1.0,0.0,4700000,11500000,18,559,7500000,0,18700000,2600000,0.0
2589,4,0.0,0.0,6700000,16000000,4,791,0,13000000,20700000,5200000,0.0
2590,0,1.0,1.0,3700000,11300000,6,538,6200000,400000,10400000,5400000,1.0
2591,2,0.0,0.0,7400000,16000000,20,358,16700000,5500000,26800000,4300000,1.0
2592,2,1.0,0.0,3300000,11700000,14,439,4000000,6300000,8300000,1700000,1.0
2593,2,0.0,1.0,4800000,15300000,12,503,3300000,4000000,12000000,4300000,1.0
2594,4,0.0,1.0,4600000,11900000,6,810,11200000,8200000,17500000,5200000,0.0
2595,1,0.0,1.0,8000000,30600000,14,302,12700000,13100000,23900000,6800000,1.0
2596,0,1.0,0.0,4100000,8800000,18,300,10900000,6400000,8600000,3500000,1.0
2597,4,1.0,0.0,2600000,7200000,16,612,1300000,1000000,5800000,1400000,0.0
2598,3,1.0,0.0,1300000,5000000,6,686,2700000,2000000,4100000,900000,0.0
2599,0,0.0,1.0,2300000,4900000,12,409,3300000,2400000,4700000,3200000,1.0
2600,5,0.0,0.0,300000,900000,6,492,800000,300000,700000,400000,1.0
2601,0,0.0,1.0,7000000,21700000,20,498,6600000,5500000,14700000,3900000,1.0
2602,3,1.0,1.0,4400000,10900000,18,611,8600000,6300000,8800000,3000000,0.0
2603,5,1.0,1.0,5100000,11800000,6,776,7600000,400000,10500000,4400000,0.0
2604,1,1.0,0.0,5900000,13000000,6,779,10800000,11600000,13100000,6600000,0.0
2605,3,0.0,1.0,7800000,27200000,16,560,3600000,8100000,21800000,8600000,0.0
2606,4,0.0,1.0,2200000,5100000,6,308,3200000,2600000,6600000,3100000,1.0
2607,4,1.0,0.0,5400000,12600000,18,786,300000,2500000,21000000,6600000,0.0
2608,1,1.0,0.0,7400000,29100000,8,597,12100000,4800000,16300000,7000000,0.0
2609,4,0.0,0.0,5800000,12000000,12,811,9400000,8800000,14200000,3100000,0.0
2610,1,0.0,1.0,5800000,13000000,12,862,11300000,8400000,12000000,3900000,0.0
2611,3,1.0,1.0,4800000,14200000,12,369,3200000,200000,14000000,3000000,1.0
2612,1,1.0,1.0,7400000,23900000,4,687,20800000,10900000,26100000,5600000,0.0
2613,0,1.0,1.0,9600000,19600000,12,500,21500000,700000,37600000,10900000,1.0
2614,2,1.0,1.0,200000,500000,6,746,400000,0,500000,0,0.0
2615,4,1.0,0.0,700000,2100000,14,619,1900000,700000,2400000,1000000,0.0
2616,2,1.0,0.0,7600000,16700000,20,692,9900000,9600000,25100000,7400000,0.0
2617,1,1.0,1.0,1400000,3300000,18,321,900000,1500000,3000000,700000,1.0
2618,2,1.0,1.0,3800000,15000000,14,730,10800000,2900000,10700000,3600000,0.0
2619,3,1.0,0.0,2700000,10800000,6,480,4400000,0,10300000,3500000,1.0
2620,2,1.0,1.0,5000000,10700000,2,753,12600000,9000000,11500000,5700000,0.0
2621,4,0.0,1.0,9000000,28900000,6,637,11300000,1200000,33000000,4800000,0.0
2622,3,0.0,0.0,3700000,9000000,6,483,9300000,400000,9900000,3600000,1.0
2623,4,1.0,1.0,300000,1100000,4,315,700000,100000,900000,100000,0.0
2624,4,0.0,0.0,1800000,4100000,8,777,2200000,2500000,3600000,1900000,0.0
2625,2,0.0,0.0,7900000,17700000,4,402,20900000,11800000,25600000,8400000,1.0
2626,4,0.0,1.0,2100000,7700000,8,493,4300000,400000,4400000,1300000,1.0
2627,0,0.0,1.0,900000,3100000,4,355,1700000,100000,3000000,500000,0.0
2628,3,0.0,0.0,9900000,23600000,18,557,18300000,8600000,23000000,9100000,0.0
2629,0,1.0,1.0,5600000,20000000,20,606,7100000,500000,20000000,7600000,0.0
2630,1,1.0,1.0,6000000,12200000,16,743,8800000,2600000,20600000,2900000,0.0
2631,5,1.0,0.0,5700000,18400000,4,579,12800000,4000000,17200000,4900000,0.0
2632,0,0.0,1.0,9000000,33100000,20,734,2800000,5900000,25300000,10300000,0.0
2633,0,0.0,0.0,7300000,16100000,2,490,7600000,1400000,21800000,10700000,1.0
2634,5,0.0,0.0,5300000,20500000,16,802,11200000,7100000,21100000,4100000,0.0
2635,1,1.0,1.0,3500000,7400000,16,867,500000,6600000,9500000,2100000,0.0
2636,0,1.0,0.0,1000000,2200000,12,302,2200000,400000,3700000,1400000,1.0
2637,0,1.0,0.0,5100000,19900000,12,867,1800000,7100000,18300000,5700000,0.0
2638,0,0.0,1.0,2900000,9900000,8,312,1800000,4500000,11200000,3700000,1.0
2639,3,1.0,0.0,7600000,19100000,14,762,14800000,15000000,23500000,7300000,0.0
2640,5,1.0,1.0,6000000,14700000,18,462,15400000,9700000,13800000,3500000,1.0
2641,1,0.0,0.0,6300000,18200000,18,849,4300000,5800000,15500000,5200000,0.0
2642,3,1.0,0.0,1900000,7400000,18,592,2300000,3000000,6000000,1800000,0.0
2643,4,0.0,0.0,600000,1400000,4,507,200000,300000,1700000,400000,1.0
2644,2,1.0,1.0,4100000,11400000,14,505,8100000,7500000,10100000,5500000,1.0
2645,0,1.0,1.0,800000,3200000,8,467,900000,400000,3100000,800000,1.0
2646,2,1.0,0.0,6600000,22900000,16,543,2500000,11000000,26300000,8500000,1.0
2647,4,0.0,1.0,300000,1100000,12,674,600000,0,800000,200000,0.0
2648,3,0.0,0.0,6100000,13500000,2,717,15700000,4200000,16100000,3400000,0.0
2649,5,1.0,1.0,4800000,17000000,10,666,6800000,5400000,12400000,2900000,0.0
2650,4,1.0,0.0,4500000,17300000,18,830,200000,4200000,12000000,2500000,0.0
2651,2,0.0,0.0,3800000,9400000,16,383,8300000,500000,9200000,2300000,1.0
2652,2,0.0,1.0,7000000,18900000,8,584,13000000,13600000,20600000,5000000,0.0
2653,2,1.0,0.0,4400000,14200000,18,799,6300000,7800000,10800000,2400000,0.0
2654,5,0.0,0.0,5300000,19400000,6,510,14700000,7000000,13600000,3700000,1.0
2655,0,1.0,1.0,2600000,5900000,6,572,5800000,3100000,7300000,3800000,0.0
2656,3,1.0,0.0,3300000,13100000,2,554,6000000,2500000,6700000,3800000,0.0
2657,1,1.0,1.0,1200000,4800000,6,344,2900000,1700000,3200000,1300000,1.0
2658,3,0.0,0.0,4300000,8600000,8,881,9100000,5200000,15000000,5500000,0.0
2659,0,1.0,1.0,8400000,27200000,10,514,2500000,6400000,20100000,7200000,1.0
2660,0,0.0,0.0,600000,1800000,18,796,1000000,700000,1200000,500000,0.0
2661,2,0.0,1.0,4700000,16200000,12,802,2300000,5400000,14800000,6700000,0.0
2662,3,0.0,0.0,4200000,12500000,20,375,1300000,5100000,10900000,2400000,1.0
2663,2,0.0,0.0,4300000,14700000,2,871,4100000,7300000,13900000,4400000,0.0
2664,0,1.0,0.0,800000,2900000,2,439,100000,900000,2700000,1200000,0.0
2665,0,1.0,1.0,9300000,32000000,8,438,24800000,6400000,34900000,12400000,1.0
2666,5,1.0,0.0,6200000,13700000,2,468,3300000,12300000,13900000,5500000,1.0
2667,3,0.0,1.0,3500000,10200000,12,645,10400000,5700000,10000000,2400000,0.0
2668,2,0.0,1.0,3600000,9200000,18,700,4400000,1800000,10700000,3500000,0.0
2669,5,0.0,1.0,9500000,36700000,16,348,3500000,2200000,31600000,11400000,1.0
2670,5,0.0,1.0,600000,1400000,10,877,1400000,400000,2000000,700000,0.0
2671,0,1.0,1.0,3800000,14900000,6,899,7800000,600000,12400000,2800000,0.0
2672,3,0.0,1.0,1400000,3500000,12,610,1200000,600000,3800000,1400000,0.0
2673,1,1.0,0.0,6300000,23900000,4,742,1500000,7100000,21800000,4300000,0.0
2674,1,1.0,1.0,2800000,6600000,18,801,4000000,4900000,7100000,3700000,0.0
2675,4,0.0,1.0,5400000,17100000,2,533,13800000,5100000,12200000,4700000,0.0
2676,3,1.0,1.0,6300000,23900000,16,656,12700000,9300000,15200000,5100000,0.0
2677,3,0.0,1.0,3900000,14300000,18,785,10900000,7600000,13900000,4900000,0.0
2678,2,0.0,1.0,4200000,15700000,2,332,7000000,700000,13300000,3000000,0.0
2679,0,0.0,0.0,3100000,8100000,18,768,400000,1600000,11600000,2400000,0.0
2680,1,0.0,0.0,3400000,8600000,6,640,7700000,1000000,7800000,4400000,0.0
2681,4,1.0,0.0,1500000,3100000,6,885,100000,2800000,3800000,1900000,0.0
2682,3,1.0,1.0,900000,2000000,18,772,2300000,700000,3500000,800000,0.0
2683,4,0.0,1.0,7800000,25600000,4,665,1000000,2300000,27300000,8200000,0.0
2684,1,1.0,1.0,3500000,10500000,20,454,8300000,4000000,7600000,2100000,1.0
2685,1,1.0,0.0,8400000,32500000,14,698,20600000,5900000,17300000,12200000,0.0
2686,4,1.0,1.0,6400000,21300000,20,332,3600000,9100000,16200000,8000000,1.0
2687,1,1.0,0.0,9600000,28300000,6,536,18700000,9300000,27300000,6000000,1.0
2688,5,1.0,1.0,2100000,6500000,10,796,2400000,2800000,7300000,2700000,0.0
2689,2,1.0,1.0,6000000,19900000,8,486,12100000,8100000,20100000,6600000,1.0
2690,0,1.0,1.0,8300000,16800000,18,422,8000000,10600000,23300000,11400000,1.0
2691,1,1.0,1.0,5300000,18500000,6,501,6700000,8600000,16600000,4300000,1.0
2692,1,1.0,1.0,9700000,23500000,4,666,15100000,9400000,23300000,8000000,0.0
2693,3,1.0,1.0,8200000,16500000,18,371,19000000,1200000,18500000,8200000,1.0
2694,5,0.0,0.0,3400000,6900000,14,312,1800000,400000,10300000,3800000,1.0
2695,5,0.0,0.0,2800000,11000000,12,753,3900000,4600000,10700000,2400000,0.0
2696,0,1.0,1.0,2400000,5200000,16,740,6300000,1000000,7500000,2900000,0.0
2697,1,0.0,0.0,8200000,24000000,4,366,10900000,15200000,25200000,10400000,1.0
2698,4,1.0,0.0,4200000,11100000,8,526,11600000,200000,16800000,4900000,1.0
2699,4,0.0,1.0,5500000,14800000,10,354,16000000,3400000,21200000,7700000,1.0
2700,5,1.0,1.0,2900000,6300000,6,719,7900000,1600000,8000000,1600000,0.0
2701,5,1.0,0.0,6300000,20100000,12,774,15600000,11800000,16200000,5800000,0.0
2702,5,1.0,1.0,9700000,29100000,18,732,4700000,7400000,35600000,12400000,0.0
2703,1,1.0,0.0,6500000,16000000,6,862,2000000,0,24000000,9700000,0.0
2704,5,1.0,0.0,4900000,10800000,18,613,6800000,800000,14500000,5300000,0.0
2705,5,0.0,1.0,6900000,16500000,6,447,4100000,400000,14100000,6600000,1.0
2706,4,1.0,1.0,1100000,3000000,4,730,300000,600000,3600000,1100000,0.0
2707,2,1.0,1.0,7800000,29600000,14,568,-100000,8600000,27000000,7200000,0.0
2708,2,0.0,1.0,8200000,23600000,6,495,23000000,10600000,27200000,6100000,1.0
2709,5,1.0,1.0,6700000,23600000,14,854,3000000,3300000,19400000,7500000,0.0
2710,3,0.0,1.0,7400000,15200000,10,548,16700000,12800000,19300000,4800000,1.0
2711,1,1.0,0.0,1200000,2700000,14,779,600000,2200000,2400000,600000,0.0
2712,0,1.0,0.0,9500000,24800000,2,564,17400000,16000000,19600000,12000000,0.0
2713,5,1.0,1.0,4000000,8200000,2,571,3500000,7700000,9500000,4400000,0.0
2714,0,1.0,1.0,8600000,32600000,8,778,21500000,14100000,33600000,11000000,0.0
2715,4,0.0,1.0,9100000,28400000,12,808,25800000,11800000,19300000,9700000,0.0
2716,0,1.0,1.0,7100000,18600000,20,770,19200000,13100000,23100000,5100000,0.0
2717,0,1.0,0.0,9000000,28400000,4,612,0,7200000,26900000,13200000,0.0
2718,3,0.0,1.0,1400000,2700000,14,819,1200000,1500000,4000000,1300000,0.0
2719,1,0.0,0.0,8800000,20200000,6,627,24200000,16100000,17600000,11900000,0.0
2720,3,1.0,1.0,5400000,14700000,4,359,12300000,9900000,15100000,6100000,1.0
2721,1,0.0,0.0,6100000,19100000,6,341,5700000,5900000,12400000,6300000,1.0
2722,1,0.0,0.0,1000000,3600000,4,570,1000000,1300000,3700000,1000000,0.0
2723,3,0.0,1.0,7700000,18100000,20,736,7800000,14500000,29100000,10000000,0.0
2724,1,0.0,1.0,6100000,12900000,2,302,8900000,7500000,15600000,7200000,1.0
2725,2,1.0,1.0,7700000,21000000,12,420,16100000,4300000,27400000,10500000,1.0
2726,4,0.0,1.0,4700000,12000000,2,416,5800000,8200000,13000000,6800000,1.0
2727,2,0.0,1.0,9100000,34800000,20,836,21300000,10900000,30600000,9900000,0.0
2728,0,0.0,1.0,5800000,12700000,12,528,8400000,7300000,19600000,7600000,1.0
2729,4,1.0,0.0,8500000,24900000,2,405,1900000,400000,21700000,11400000,1.0
2730,2,0.0,1.0,9900000,33400000,14,783,16600000,16100000,21000000,9500000,0.0
2731,4,1.0,1.0,2000000,4000000,10,636,2100000,0,4000000,1700000,0.0
2732,1,1.0,1.0,5000000,16800000,6,711,6300000,7600000,16000000,3200000,0.0
2733,1,0.0,1.0,3200000,11800000,16,848,5500000,3200000,7500000,2300000,0.0
2734,1,1.0,1.0,8000000,27800000,8,804,7900000,1600000,27100000,11800000,0.0
2735,0,1.0,1.0,1200000,2800000,14,892,3200000,100000,3300000,1700000,0.0
2736,2,1.0,1.0,5800000,22800000,14,696,12100000,200000,20800000,4800000,0.0
2737,1,0.0,0.0,2500000,7600000,20,888,7400000,4200000,6400000,1900000,0.0
2738,1,1.0,1.0,600000,1400000,10,699,400000,500000,1300000,800000,0.0
2739,5,0.0,0.0,4900000,13000000,10,865,13300000,3700000,14700000,6500000,0.0
2740,2,0.0,1.0,9400000,37300000,14,383,7800000,15900000,27100000,7700000,1.0
2741,2,0.0,0.0,5300000,19300000,16,368,14700000,400000,11600000,3700000,1.0
2742,5,1.0,0.0,5100000,15800000,4,607,6000000,7700000,12600000,7000000,0.0
2743,4,1.0,1.0,2900000,8900000,18,827,400000,3400000,11200000,1600000,0.0
2744,1,0.0,0.0,9100000,34000000,12,672,8600000,1600000,32700000,8800000,0.0
2745,3,1.0,1.0,8800000,26700000,12,708,16000000,15300000,26900000,9600000,0.0
2746,4,1.0,0.0,2600000,8800000,10,682,4500000,4700000,10300000,1600000,0.0
2747,1,0.0,1.0,9700000,25500000,18,741,21900000,6200000,34800000,4900000,0.0
2748,5,1.0,1.0,600000,1200000,8,343,100000,700000,1600000,600000,1.0
2749,0,0.0,1.0,4100000,11100000,16,785,6800000,5300000,8500000,4800000,0.0
2750,1,1.0,1.0,8000000,28000000,20,830,22400000,12600000,25600000,10600000,0.0
2751,2,0.0,0.0,8800000,26700000,16,696,12900000,15300000,20300000,10900000,0.0
2752,1,0.0,0.0,200000,300000,12,697,600000,300000,700000,100000,0.0
2753,0,0.0,1.0,3800000,11700000,2,351,100000,6700000,12500000,3100000,0.0
2754,3,0.0,0.0,6800000,21800000,10,556,16400000,9300000,19100000,5400000,0.0
2755,0,0.0,0.0,8600000,31800000,2,895,22600000,15900000,19600000,5100000,0.0
2756,2,0.0,1.0,2800000,8400000,10,534,8300000,4800000,10600000,1500000,1.0
2757,0,0.0,0.0,8000000,29800000,12,736,600000,15700000,30800000,8400000,0.0
2758,2,0.0,1.0,2300000,5500000,16,629,4600000,2900000,7000000,1900000,0.0
2759,4,0.0,1.0,7600000,16200000,20,657,1900000,9300000,28500000,5500000,0.0
2760,2,0.0,0.0,2900000,11300000,12,839,700000,5100000,8100000,2600000,0.0
2761,4,1.0,0.0,7900000,25700000,18,589,4300000,300000,25300000,9800000,0.0
2762,2,1.0,0.0,1900000,4500000,6,805,2200000,3100000,4800000,2300000,0.0
2763,3,1.0,1.0,4600000,13600000,20,729,1300000,8900000,17200000,5900000,0.0
2764,1,1.0,0.0,2600000,7700000,6,399,3700000,4300000,8900000,3500000,1.0
2765,2,1.0,0.0,2700000,6700000,8,413,7600000,800000,9200000,2300000,1.0
2766,5,0.0,1.0,6300000,13200000,16,321,6700000,4000000,15200000,7100000,1.0
2767,0,0.0,1.0,2600000,7500000,2,853,4200000,3900000,9600000,1400000,0.0
2768,4,1.0,1.0,7700000,23400000,6,400,3900000,3400000,20800000,10700000,1.0
2769,0,0.0,1.0,7400000,16300000,16,630,11200000,13200000,28400000,5300000,0.0
2770,3,0.0,1.0,7300000,21600000,20,557,1900000,3800000,26400000,9300000,0.0
2771,1,0.0,0.0,2900000,7600000,2,358,800000,700000,10100000,2100000,1.0
2772,3,0.0,1.0,6600000,16000000,10,510,1200000,4800000,13300000,6300000,1.0
2773,2,0.0,1.0,2700000,9600000,14,554,5800000,200000,10200000,1900000,0.0
2774,3,0.0,1.0,8300000,27700000,4,596,20500000,15400000,21400000,7400000,0.0
2775,0,0.0,0.0,4900000,18500000,8,659,8800000,1700000,14700000,4900000,0.0
2776,4,0.0,1.0,7900000,30700000,10,322,10600000,13200000,30300000,6300000,1.0
2777,5,0.0,1.0,8800000,21300000,14,852,8000000,6400000,28500000,9900000,0.0
2778,5,1.0,0.0,4000000,14100000,18,653,5800000,4100000,9400000,5400000,0.0
2779,4,0.0,1.0,3900000,9200000,12,737,2800000,2300000,12300000,5200000,0.0
2780,3,0.0,1.0,7700000,18900000,2,583,9300000,3000000,16700000,9300000,0.0
2781,1,0.0,1.0,3800000,10000000,16,873,5100000,2800000,10300000,4000000,0.0
2782,5,0.0,0.0,8000000,27000000,20,595,4500000,5200000,24800000,10400000,0.0
2783,5,0.0,1.0,3400000,11300000,20,871,6500000,3900000,9700000,2400000,0.0
2784,5,0.0,1.0,5500000,18800000,12,603,3300000,700000,21000000,5000000,0.0
2785,0,1.0,0.0,7700000,29300000,14,801,6200000,11800000,23400000,4700000,0.0
2786,5,0.0,0.0,4000000,9400000,4,723,200000,0,12100000,2000000,0.0
2787,5,1.0,1.0,5900000,22600000,18,630,2300000,4200000,16500000,6800000,0.0
2788,0,1.0,1.0,2600000,9900000,20,368,3600000,1500000,5200000,2000000,1.0
2789,3,0.0,0.0,6600000,22200000,12,759,8900000,2200000,18700000,8500000,0.0
2790,0,1.0,1.0,1000000,3000000,18,382,2200000,700000,3500000,900000,1.0
2791,4,1.0,1.0,800000,2800000,16,645,900000,1400000,2300000,600000,0.0
2792,0,0.0,0.0,3200000,6300000,6,878,6700000,5200000,8100000,3600000,0.0
2793,4,0.0,0.0,8400000,23400000,12,350,18700000,9100000,27500000,6700000,1.0
2794,3,0.0,1.0,5800000,17600000,6,720,4900000,4200000,18800000,6600000,0.0
2795,0,1.0,1.0,7300000,28100000,10,673,13700000,1200000,16300000,8900000,0.0
2796,1,0.0,0.0,3900000,8000000,6,448,100000,1900000,9800000,4000000,1.0
2797,2,1.0,1.0,4600000,16000000,4,720,0,4000000,12300000,4200000,0.0
2798,0,0.0,0.0,3600000,12300000,2,300,5200000,3000000,14300000,5400000,0.0
2799,4,0.0,0.0,7500000,28700000,20,520,4600000,3500000,15200000,5700000,1.0
2800,1,0.0,0.0,5200000,15000000,12,794,3200000,7200000,16500000,5100000,0.0
2801,3,0.0,1.0,4400000,10000000,8,875,5900000,5200000,11700000,4100000,0.0
2802,1,1.0,1.0,5100000,12900000,14,533,6700000,6700000,14400000,3900000,1.0
2803,0,0.0,0.0,6000000,23600000,6,776,13800000,2700000,23400000,8800000,0.0
2804,2,0.0,0.0,3800000,11400000,6,706,1000000,4000000,12100000,2800000,0.0
2805,3,0.0,0.0,2800000,10900000,2,710,600000,2400000,5600000,3600000,0.0
2806,5,0.0,1.0,6500000,18300000,4,333,8100000,400000,21700000,7000000,1.0
2807,2,1.0,1.0,1600000,6400000,4,787,1000000,300000,5500000,1100000,0.0
2808,4,0.0,0.0,5500000,18600000,12,569,13500000,6200000,19700000,7300000,0.0
2809,0,0.0,1.0,9600000,20100000,16,427,7200000,2300000,34500000,7400000,1.0
2810,0,0.0,0.0,7000000,27800000,16,640,11500000,3700000,16000000,8200000,0.0
2811,2,1.0,0.0,4000000,8100000,16,312,3500000,2100000,15100000,3100000,1.0
2812,1,1.0,1.0,8100000,30900000,12,464,13600000,9800000,17900000,7500000,1.0
2813,2,1.0,1.0,6600000,22800000,8,490,6100000,10000000,18000000,6400000,1.0
2814,5,0.0,0.0,4100000,10200000,12,431,6200000,2200000,13700000,4300000,1.0
2815,1,0.0,0.0,6600000,24800000,4,500,8600000,4100000,16700000,6100000,0.0
2816,4,0.0,0.0,5100000,12200000,14,511,2700000,6000000,18300000,3400000,1.0
2817,4,0.0,0.0,8200000,25200000,18,691,5800000,8900000,28500000,10500000,0.0
2818,1,1.0,1.0,9500000,24400000,14,696,25500000,6700000,29500000,6300000,0.0
2819,0,1.0,1.0,7600000,27600000,2,437,10000000,11200000,27600000,6800000,0.0
2820,2,1.0,1.0,8400000,20800000,12,335,6700000,12300000,18500000,10100000,1.0
2821,4,0.0,0.0,7600000,25100000,4,671,4600000,13200000,27400000,4300000,0.0
2822,4,1.0,1.0,1400000,3700000,12,621,3100000,900000,5100000,1800000,0.0
2823,4,1.0,1.0,2700000,6800000,10,455,4700000,2600000,7400000,2700000,1.0
2824,1,0.0,1.0,200000,500000,10,856,500000,200000,500000,200000,0.0
2825,3,0.0,0.0,600000,2100000,16,892,700000,400000,2400000,500000,0.0
2826,4,0.0,0.0,5200000,12900000,16,819,3400000,4100000,16800000,7500000,0.0
2827,0,1.0,1.0,5100000,11600000,10,308,8700000,1300000,10700000,7000000,1.0
2828,4,0.0,1.0,9200000,18600000,2,889,26900000,4200000,33300000,9700000,0.0
2829,5,1.0,0.0,6500000,23200000,18,713,6700000,1400000,13400000,7200000,0.0
2830,0,0.0,0.0,8500000,21000000,6,665,3600000,9600000,27500000,11300000,0.0
2831,4,1.0,0.0,2000000,6000000,12,837,1300000,1900000,6300000,2300000,0.0
2832,4,1.0,1.0,7500000,18000000,20,395,200000,12800000,23500000,9700000,1.0
2833,0,0.0,1.0,7500000,28900000,10,632,21700000,10700000,24700000,9900000,0.0
2834,2,1.0,0.0,2000000,4300000,16,497,5100000,200000,5700000,2800000,1.0
2835,3,0.0,1.0,1400000,2700000,14,694,3800000,200000,3600000,1700000,0.0
2836,1,1.0,1.0,1700000,5600000,2,882,3100000,2600000,6700000,1600000,0.0
2837,2,0.0,1.0,5300000,14900000,6,504,10600000,2100000,17000000,3200000,1.0
2838,4,1.0,0.0,8900000,30100000,2,747,20600000,12900000,20700000,10300000,0.0
2839,3,0.0,0.0,9700000,35300000,4,462,11500000,9500000,33700000,7200000,0.0
2840,5,0.0,0.0,9000000,25900000,4,538,11100000,11100000,31300000,8100000,1.0
2841,2,1.0,1.0,8500000,30900000,6,664,5700000,9900000,19800000,7400000,0.0
2842,1,1.0,0.0,3500000,10900000,4,524,8800000,6200000,13600000,2800000,0.0
2843,1,1.0,0.0,500000,1400000,6,464,1100000,0,1900000,500000,1.0
2844,3,0.0,0.0,8900000,19100000,6,807,2300000,16500000,29900000,10400000,0.0
2845,2,1.0,1.0,7800000,27200000,18,622,6000000,6000000,26400000,4300000,0.0
2846,5,1.0,1.0,9800000,27800000,6,827,2400000,14900000,32800000,9500000,0.0
2847,0,0.0,0.0,5200000,19000000,14,687,11900000,500000,19400000,4400000,0.0
2848,4,0.0,0.0,7400000,19400000,16,835,16400000,14200000,23500000,6500000,0.0
2849,3,0.0,1.0,1200000,3300000,6,772,700000,900000,2900000,1400000,0.0
2850,1,1.0,1.0,1000000,3200000,2,710,100000,200000,3300000,900000,0.0
2851,3,0.0,1.0,9500000,32500000,14,581,2800000,14300000,36000000,4700000,0.0
2852,3,1.0,0.0,4500000,11700000,18,775,8700000,2800000,12700000,4500000,0.0
2853,2,0.0,0.0,4900000,16000000,12,710,8700000,7100000,10000000,5700000,0.0
2854,3,1.0,1.0,700000,2500000,8,321,1900000,1200000,1700000,400000,1.0
2855,0,0.0,0.0,9400000,28300000,20,761,22500000,14800000,30800000,10100000,0.0
2856,3,1.0,1.0,8300000,31400000,6,674,1000000,1600000,17200000,6100000,1.0
2857,4,0.0,1.0,5600000,13000000,4,899,10500000,9100000,11400000,6400000,0.0
2858,5,1.0,1.0,4400000,12300000,8,567,2400000,500000,12900000,6300000,0.0
2859,3,0.0,0.0,2100000,5400000,8,771,5200000,3700000,6200000,1000000,0.0
2860,1,1.0,1.0,4400000,10600000,4,360,6600000,7700000,15100000,5000000,1.0
2861,0,1.0,0.0,6300000,19600000,6,425,15900000,10400000,13300000,5900000,1.0
2862,4,0.0,0.0,9900000,30000000,18,496,10400000,8000000,29300000,13800000,1.0
2863,3,1.0,0.0,700000,1600000,20,705,600000,900000,2300000,700000,0.0
2864,4,1.0,0.0,3600000,12400000,14,427,10400000,2400000,9100000,2600000,1.0
2865,1,1.0,1.0,5600000,21000000,2,552,3200000,6300000,22100000,6100000,0.0
2866,3,1.0,1.0,1000000,3700000,8,725,3000000,1300000,4000000,1300000,0.0
2867,5,0.0,1.0,6400000,15600000,8,553,14200000,2900000,20400000,8000000,0.0
2868,0,1.0,0.0,8900000,19100000,2,725,8300000,15000000,19000000,8800000,0.0
2869,4,0.0,0.0,9900000,26100000,2,481,14500000,5000000,23600000,9300000,1.0
2870,2,0.0,1.0,4000000,8600000,4,847,10200000,2700000,14300000,2400000,0.0
2871,0,1.0,1.0,7300000,25700000,10,666,14000000,3100000,29000000,6000000,0.0
2872,1,1.0,0.0,8100000,25400000,6,477,4500000,13200000,23200000,4400000,1.0
2873,4,0.0,1.0,6800000,22100000,4,446,3700000,4600000,18900000,9200000,0.0
2874,0,1.0,1.0,2600000,8200000,8,630,6000000,4900000,7500000,2000000,0.0
2875,5,1.0,1.0,300000,1100000,20,613,600000,400000,700000,200000,0.0
2876,2,0.0,1.0,2400000,7500000,4,851,3100000,700000,5600000,2400000,0.0
2877,0,1.0,0.0,6000000,20600000,12,339,3400000,10700000,17200000,8200000,1.0
2878,4,0.0,1.0,3800000,11100000,16,857,11300000,7400000,11700000,4700000,0.0
2879,0,0.0,1.0,7000000,22100000,14,467,10000000,6400000,26100000,5800000,1.0
2880,0,0.0,1.0,5400000,12900000,16,355,11200000,3100000,18200000,7400000,1.0
2881,1,1.0,0.0,6400000,16400000,6,428,12400000,10900000,23900000,8900000,1.0
2882,5,1.0,1.0,7000000,24000000,14,450,10300000,5700000,21100000,4700000,1.0
2883,2,1.0,1.0,2100000,4600000,4,348,5400000,0,7400000,1400000,1.0
2884,4,1.0,1.0,4400000,15000000,12,459,5700000,800000,11400000,2400000,1.0
2885,0,1.0,0.0,8000000,31000000,8,847,4900000,9500000,29600000,5700000,0.0
2886,2,1.0,1.0,3900000,8300000,18,523,800000,300000,9900000,2300000,1.0
2887,0,0.0,0.0,4700000,15200000,10,786,11100000,8000000,9600000,3200000,0.0
2888,0,0.0,0.0,6800000,21200000,14,300,0,8700000,16500000,10000000,1.0
2889,0,1.0,1.0,1800000,6500000,12,728,3500000,0,6100000,1900000,0.0
2890,3,1.0,1.0,8600000,32000000,4,497,11400000,3300000,18600000,4900000,0.0
2891,1,1.0,1.0,3600000,13700000,10,548,9900000,2400000,8900000,4100000,1.0
2892,1,0.0,1.0,6800000,22900000,6,576,500000,11100000,13800000,5600000,0.0
2893,3,0.0,1.0,1100000,4100000,20,863,800000,1100000,3700000,600000,0.0
2894,4,0.0,1.0,4000000,8400000,8,717,7400000,4900000,11900000,4000000,0.0
2895,1,0.0,0.0,2500000,5900000,12,668,7400000,600000,6300000,3700000,0.0
2896,2,0.0,0.0,5400000,17400000,10,335,5900000,1400000,18100000,4300000,1.0
2897,5,1.0,0.0,6600000,13600000,4,861,11700000,8400000,14600000,5400000,0.0
2898,4,1.0,0.0,6000000,14900000,2,321,6900000,7700000,18000000,6500000,1.0
2899,0,0.0,1.0,2200000,8300000,10,585,3600000,1700000,4300000,1900000,0.0
2900,1,0.0,0.0,8800000,18500000,10,704,14400000,3200000,26600000,11300000,0.0
2901,0,1.0,1.0,4000000,10300000,4,819,11100000,1200000,15200000,2600000,0.0
2902,4,1.0,1.0,3600000,12400000,18,494,5300000,100000,10200000,1900000,1.0
2903,5,0.0,1.0,8100000,22500000,2,808,4800000,6100000,16900000,6000000,0.0
2904,3,1.0,1.0,5200000,11000000,12,830,8900000,5100000,16000000,7600000,0.0
2905,5,0.0,0.0,1100000,2800000,14,473,100000,500000,4200000,700000,1.0
2906,2,0.0,0.0,7500000,29800000,4,392,5500000,2200000,20800000,4000000,0.0
2907,5,1.0,0.0,7700000,20300000,12,806,21300000,13300000,18900000,9600000,0.0
2908,0,1.0,0.0,5700000,21400000,8,340,3200000,1900000,17200000,3800000,1.0
2909,3,0.0,1.0,5000000,13900000,8,555,12300000,6700000,18100000,4800000,0.0
2910,5,1.0,0.0,500000,1200000,16,499,600000,600000,1500000,200000,1.0
2911,3,0.0,0.0,8900000,21300000,10,467,18700000,2600000,31800000,8800000,1.0
2912,1,1.0,0.0,1700000,6600000,4,797,2800000,1900000,6100000,1300000,0.0
2913,4,1.0,1.0,500000,1300000,18,762,1400000,0,1600000,300000,0.0
2914,3,1.0,1.0,9900000,36500000,16,562,17300000,18500000,22300000,9800000,0.0
2915,1,0.0,0.0,8400000,21800000,2,492,4000000,11000000,18200000,6600000,1.0
2916,3,1.0,1.0,500000,1700000,4,824,500000,600000,1400000,400000,0.0
2917,2,0.0,0.0,1700000,5700000,10,602,4900000,2700000,4500000,1800000,0.0
2918,1,1.0,1.0,6500000,18300000,10,722,11900000,8600000,19200000,4500000,0.0
2919,1,1.0,0.0,8900000,28400000,6,709,21600000,5500000,26200000,7900000,0.0
2920,1,1.0,0.0,400000,1400000,4,302,200000,100000,1500000,500000,0.0
2921,3,1.0,0.0,5700000,12300000,6,364,7900000,11000000,20000000,5500000,1.0
2922,0,1.0,1.0,9600000,23800000,12,389,25200000,15800000,27000000,8300000,1.0
2923,0,0.0,1.0,8500000,20000000,16,786,13300000,7400000,17700000,8900000,0.0
2924,0,0.0,0.0,4000000,11500000,8,434,4500000,2800000,8400000,5900000,1.0
2925,2,1.0,1.0,6300000,18100000,6,671,7900000,8200000,13200000,5400000,0.0
2926,3,0.0,1.0,4000000,14700000,8,376,3000000,6200000,8900000,4200000,1.0
2927,4,0.0,0.0,9400000,32200000,6,898,27600000,11800000,19500000,8600000,0.0
2928,5,0.0,1.0,4100000,15500000,10,836,10500000,1100000,15200000,3600000,0.0
2929,4,0.0,1.0,1100000,4400000,6,515,1000000,700000,4300000,1500000,1.0
2930,3,1.0,0.0,8700000,24800000,20,360,25300000,8700000,31100000,4300000,1.0
2931,4,0.0,1.0,4900000,12800000,2,691,200000,4900000,14700000,7000000,0.0
2932,1,1.0,1.0,2800000,9100000,14,510,2400000,4200000,10400000,3000000,1.0
2933,0,0.0,0.0,9600000,23200000,18,389,1000000,17600000,22200000,8800000,1.0
2934,3,0.0,1.0,6900000,19000000,14,348,4200000,3700000,19400000,4900000,1.0
2935,2,1.0,1.0,2300000,8100000,2,504,1800000,3100000,4600000,3100000,0.0
2936,2,1.0,0.0,6800000,21300000,20,658,7800000,7000000,25900000,9600000,0.0
2937,1,1.0,1.0,2200000,5400000,16,641,5900000,0,4800000,1200000,0.0
2938,2,1.0,0.0,5900000,19800000,20,327,7800000,1500000,19700000,8500000,1.0
2939,1,0.0,1.0,7000000,20300000,18,726,11600000,13100000,17100000,9000000,0.0
2940,1,0.0,1.0,9600000,34100000,20,828,26100000,19000000,20800000,12400000,0.0
2941,0,0.0,0.0,6500000,14500000,12,755,9000000,11900000,20800000,3400000,0.0
2942,2,1.0,1.0,3800000,7600000,20,788,1700000,5200000,9200000,5600000,0.0
2943,2,0.0,0.0,9400000,25100000,20,832,19400000,2100000,22300000,5900000,0.0
2944,0,1.0,0.0,2100000,8200000,4,554,3900000,3800000,5900000,1700000,0.0
2945,1,1.0,1.0,8500000,26200000,8,811,22800000,6400000,32500000,12700000,0.0
2946,5,0.0,1.0,3800000,12000000,2,649,6200000,5300000,10300000,4200000,0.0
2947,1,1.0,1.0,3400000,9700000,20,830,3500000,6400000,10300000,4800000,0.0
2948,1,0.0,1.0,5600000,11700000,6,707,4500000,800000,19000000,3900000,0.0
2949,0,0.0,1.0,8500000,33700000,10,483,18800000,8900000,29000000,12200000,1.0
2950,4,1.0,1.0,2100000,5500000,18,349,100000,0,6600000,2000000,1.0
2951,4,0.0,0.0,400000,1500000,4,846,300000,0,1600000,600000,0.0
2952,4,1.0,0.0,7900000,31500000,20,386,14300000,3800000,23800000,7500000,1.0
2953,5,1.0,0.0,6900000,19200000,12,408,10000000,5000000,24900000,9000000,1.0
2954,0,1.0,1.0,1800000,3900000,2,764,2200000,700000,3500000,1200000,0.0
2955,0,0.0,1.0,1200000,3200000,18,473,2100000,600000,2400000,1200000,1.0
2956,3,1.0,0.0,3600000,9800000,12,654,600000,1300000,7500000,2200000,0.0
2957,1,0.0,0.0,7200000,22800000,2,551,15000000,8700000,21300000,9500000,0.0
2958,5,0.0,0.0,9400000,21800000,6,850,13300000,11700000,24800000,6800000,0.0
2959,5,0.0,0.0,9000000,24200000,4,646,12400000,5500000,18100000,11900000,0.0
2960,1,1.0,1.0,1000000,2100000,8,793,2900000,1300000,2200000,1400000,0.0
2961,3,1.0,0.0,5600000,19900000,16,551,14000000,4200000,16100000,4500000,0.0
2962,1,0.0,0.0,900000,2600000,4,346,400000,700000,2900000,900000,1.0
2963,5,1.0,1.0,9000000,19100000,14,540,11300000,800000,18300000,4900000,1.0
2964,2,1.0,0.0,3100000,9000000,20,892,5000000,5600000,7100000,4000000,0.0
2965,1,1.0,1.0,8000000,20700000,6,570,1000000,11700000,23200000,11300000,0.0
2966,4,1.0,1.0,3500000,11300000,16,874,1400000,3800000,10100000,3700000,0.0
2967,4,0.0,0.0,3900000,12600000,8,553,8200000,2500000,12300000,4500000,0.0
2968,2,0.0,0.0,9700000,34500000,10,649,10600000,7600000,24800000,5900000,0.0
2969,4,0.0,0.0,4500000,15800000,14,439,8900000,6900000,15200000,4400000,1.0
2970,5,1.0,0.0,6800000,24800000,8,621,13000000,13500000,23300000,4800000,0.0
2971,2,1.0,0.0,6300000,18600000,14,872,9900000,11900000,16100000,7500000,0.0
2972,2,0.0,0.0,4900000,18500000,8,492,12900000,5000000,10200000,5800000,1.0
2973,0,0.0,0.0,4800000,18600000,6,618,12300000,5900000,16800000,4000000,0.0
2974,5,0.0,0.0,7500000,15800000,18,458,7800000,6500000,22400000,8400000,1.0
2975,5,1.0,0.0,5200000,13900000,4,422,7800000,4500000,12000000,7000000,1.0
2976,3,1.0,1.0,9400000,30900000,20,873,22800000,17700000,19300000,9000000,0.0
2977,5,1.0,0.0,3200000,10000000,14,610,2900000,3800000,8600000,3500000,0.0
2978,1,1.0,1.0,3600000,13200000,20,546,8900000,3600000,13900000,2900000,1.0
2979,1,1.0,1.0,3400000,7200000,8,741,4300000,6600000,11500000,3900000,0.0
2980,3,0.0,0.0,2100000,8200000,6,754,900000,2900000,4900000,1000000,0.0
2981,1,0.0,0.0,7200000,15100000,8,379,2600000,8300000,21700000,8200000,1.0
2982,5,0.0,0.0,4500000,16900000,18,455,2700000,2500000,10700000,5600000,1.0
2983,0,0.0,1.0,2600000,9000000,20,615,6800000,0,8400000,3400000,0.0
2984,4,0.0,1.0,6400000,21700000,10,384,16500000,8200000,15100000,5700000,1.0
2985,0,0.0,0.0,6400000,25100000,16,628,16100000,2900000,18100000,6400000,0.0
2986,3,0.0,0.0,3100000,11200000,16,865,3600000,4600000,6600000,4200000,0.0
2987,2,0.0,0.0,1800000,5300000,2,679,1000000,1400000,5800000,900000,0.0
2988,1,0.0,1.0,9300000,19000000,14,689,24000000,11500000,35100000,9000000,0.0
2989,5,1.0,1.0,6500000,13800000,10,636,13000000,5500000,19400000,8100000,0.0
2990,1,1.0,0.0,3100000,6600000,20,837,4000000,4200000,12300000,4300000,0.0
2991,3,1.0,0.0,2300000,8500000,12,557,3600000,1400000,6200000,1300000,0.0
2992,2,0.0,0.0,500000,1700000,10,324,300000,300000,1800000,700000,1.0
2993,0,1.0,1.0,3700000,9300000,14,531,8300000,1000000,8900000,1900000,1.0
2994,4,1.0,1.0,8600000,21400000,14,476,6200000,2700000,28000000,12800000,1.0
2995,4,0.0,0.0,2600000,8500000,4,775,600000,3800000,10400000,2600000,0.0
2996,1,1.0,1.0,7100000,18000000,20,477,6600000,13200000,19300000,9300000,1.0
2997,4,1.0,1.0,7000000,19800000,16,682,9300000,5300000,14500000,7300000,0.0
2998,5,1.0,0.0,8300000,17700000,12,334,19600000,13200000,22500000,9800000,1.0
2999,3,0.0,1.0,6800000,23900000,12,565,18800000,2800000,18800000,6700000,0.0
3000,1,1.0,1.0,9900000,25700000,2,340,15600000,18800000,29500000,11800000,1.0
3001,2,0.0,0.0,5100000,11000000,14,322,7900000,2900000,10700000,5900000,1.0
3002,4,0.0,1.0,3500000,10700000,8,883,200000,2300000,8400000,2000000,0.0
3003,3,0.0,1.0,4300000,12800000,16,346,3300000,1100000,11900000,3800000,1.0
3004,0,0.0,1.0,5300000,20200000,2,861,500000,800000,16500000,6200000,0.0
3005,5,0.0,1.0,6400000,21900000,12,699,15700000,500000,17200000,3800000,0.0
3006,0,0.0,0.0,9300000,27200000,8,629,4500000,14300000,26900000,5000000,0.0
3007,3,0.0,0.0,1100000,3100000,14,359,1500000,1000000,4000000,1000000,1.0
3008,2,1.0,0.0,7100000,27000000,10,430,20700000,8300000,24500000,4200000,1.0
3009,4,1.0,0.0,1100000,3300000,18,417,1400000,1000000,4200000,700000,1.0
3010,2,0.0,0.0,1900000,5200000,6,896,4300000,100000,6200000,2400000,0.0
3011,0,1.0,0.0,1300000,3900000,16,690,3600000,1700000,4700000,800000,0.0
3012,5,0.0,0.0,7500000,22800000,16,347,15100000,1200000,16100000,10700000,1.0
3013,4,1.0,0.0,2400000,7000000,4,539,2300000,0,9600000,2900000,1.0
3014,4,0.0,1.0,2500000,8000000,8,464,4000000,3000000,9000000,3000000,1.0
3015,4,0.0,0.0,7500000,16200000,4,310,10800000,14300000,14900000,5800000,1.0
3016,3,1.0,0.0,9300000,36600000,6,431,22000000,14600000,32900000,8800000,1.0
3017,5,1.0,0.0,3300000,10000000,12,489,2000000,500000,7200000,2800000,1.0
3018,4,1.0,1.0,5700000,13900000,12,775,1600000,3100000,15900000,7100000,0.0
3019,4,1.0,0.0,300000,600000,6,365,-100000,400000,600000,200000,1.0
3020,2,1.0,1.0,1200000,4500000,10,555,100000,1100000,2700000,1400000,0.0
3021,4,0.0,1.0,8200000,29600000,10,457,6700000,6700000,21400000,11000000,1.0
3022,3,1.0,0.0,5500000,12400000,8,580,800000,900000,19300000,7300000,0.0
3023,4,1.0,0.0,1800000,7200000,20,496,3000000,1100000,7200000,2000000,1.0
3024,0,1.0,0.0,3500000,11400000,16,837,3700000,2100000,10000000,2700000,0.0
3025,4,1.0,1.0,6000000,13200000,6,455,7300000,5900000,16500000,7100000,1.0
3026,0,0.0,1.0,2700000,9700000,20,551,1300000,1300000,7100000,1600000,0.0
3027,4,1.0,1.0,5900000,20700000,10,825,11700000,7900000,21000000,8500000,0.0
3028,1,1.0,1.0,2100000,4200000,18,554,3400000,800000,6400000,1500000,0.0
3029,0,1.0,1.0,2000000,5200000,18,400,1900000,1500000,5000000,1500000,1.0
3030,5,1.0,0.0,9000000,34300000,10,853,22500000,11900000,32200000,10100000,0.0
3031,1,1.0,1.0,7600000,18800000,14,403,20900000,4700000,24700000,10000000,1.0
3032,3,0.0,0.0,500000,1500000,6,392,1400000,200000,1800000,600000,1.0
3033,1,0.0,0.0,6300000,19000000,20,673,14600000,8100000,16000000,4200000,0.0
3034,0,0.0,1.0,3100000,7100000,10,498,3800000,1100000,12200000,4300000,1.0
3035,1,1.0,0.0,1100000,2600000,6,858,1800000,1900000,2700000,600000,0.0
3036,4,0.0,1.0,3900000,14300000,20,477,1000000,4600000,9100000,2900000,1.0
3037,4,1.0,1.0,8700000,28200000,12,548,11800000,9900000,19800000,8500000,1.0
3038,4,1.0,1.0,6400000,23900000,6,300,16200000,11600000,24900000,7000000,1.0
3039,2,0.0,1.0,200000,800000,12,483,100000,200000,600000,300000,1.0
3040,1,0.0,0.0,2400000,5800000,20,384,1700000,2500000,8400000,3100000,1.0
3041,3,1.0,0.0,8900000,35200000,10,894,17100000,5600000,27700000,9800000,0.0
3042,3,1.0,0.0,6100000,14800000,10,492,6700000,3500000,17900000,6100000,1.0
3043,5,1.0,1.0,7600000,25700000,4,607,12900000,13600000,29100000,4900000,0.0
3044,3,1.0,0.0,900000,2400000,16,701,700000,0,2000000,400000,0.0
3045,2,1.0,1.0,7100000,19700000,20,890,13900000,3900000,22200000,4000000,0.0
3046,2,1.0,1.0,5000000,14600000,10,808,4400000,3500000,17300000,3100000,0.0
3047,4,0.0,1.0,2000000,7400000,20,596,600000,2300000,4900000,2500000,0.0
3048,4,0.0,1.0,2600000,6200000,14,421,2500000,2200000,8900000,3400000,1.0
3049,2,0.0,1.0,7000000,14900000,20,495,9900000,8800000,14000000,10200000,1.0
3050,3,0.0,0.0,3900000,9800000,6,604,10900000,7300000,7700000,3300000,0.0
3051,3,0.0,0.0,8400000,32600000,4,509,22700000,12600000,32400000,8700000,0.0
3052,0,0.0,1.0,200000,600000,8,852,500000,0,400000,200000,0.0
3053,2,1.0,1.0,1900000,6700000,16,893,5600000,3600000,6300000,1600000,0.0
3054,2,1.0,1.0,9200000,33000000,14,874,3900000,9700000,31200000,6600000,0.0
3055,3,1.0,1.0,300000,500000,6,386,800000,200000,1200000,100000,1.0
3056,5,0.0,0.0,6300000,18100000,4,590,5400000,10900000,22400000,8600000,0.0
3057,2,1.0,0.0,6100000,23500000,14,510,9000000,9500000,12400000,3400000,1.0
3058,3,0.0,1.0,7800000,25600000,6,523,13600000,7100000,20800000,9200000,1.0
3059,0,0.0,1.0,2000000,6700000,8,461,4900000,2200000,7200000,2600000,1.0
3060,4,1.0,0.0,1900000,5600000,2,832,2700000,3300000,7100000,2400000,0.0
3061,2,1.0,1.0,3300000,9600000,18,896,9900000,900000,12100000,4900000,0.0
3062,0,1.0,1.0,9500000,26000000,2,732,22500000,15600000,20400000,9300000,0.0
3063,0,0.0,1.0,3500000,13900000,16,301,10300000,100000,8700000,2700000,1.0
3064,5,0.0,0.0,4400000,15800000,4,701,4100000,6300000,17100000,4100000,0.0
3065,2,1.0,0.0,2000000,4000000,14,502,4900000,1500000,5400000,1300000,1.0
3066,3,1.0,0.0,9200000,19500000,12,742,18300000,9900000,19500000,13700000,0.0
3067,1,1.0,0.0,2200000,5000000,2,755,1100000,2500000,6700000,3200000,0.0
3068,1,1.0,0.0,1900000,7100000,2,834,3900000,2300000,5800000,1400000,0.0
3069,5,0.0,1.0,8700000,18400000,12,394,18800000,3200000,24600000,12000000,1.0
3070,3,0.0,1.0,9700000,19700000,4,663,16700000,2200000,36200000,5200000,0.0
3071,3,0.0,0.0,9400000,20300000,10,649,19600000,6700000,36100000,10000000,0.0
3072,4,1.0,1.0,8000000,23200000,14,738,10900000,12100000,19900000,5400000,0.0
3073,5,1.0,0.0,1000000,2000000,4,524,2700000,1800000,2200000,700000,1.0
3074,5,1.0,0.0,5300000,14600000,16,855,4200000,1600000,11200000,7400000,0.0
3075,3,0.0,1.0,1400000,5400000,20,304,1700000,1300000,2900000,800000,1.0
3076,2,0.0,1.0,1600000,3800000,12,532,3200000,1400000,5400000,1100000,1.0
3077,3,0.0,1.0,3400000,8500000,6,584,4200000,4700000,6800000,3700000,0.0
3078,3,0.0,0.0,7800000,28700000,4,447,7200000,9500000,20100000,11300000,0.0
3079,4,1.0,0.0,7100000,19900000,14,852,4700000,3200000,19700000,7600000,0.0
3080,1,1.0,1.0,6000000,13100000,2,368,9900000,2200000,13700000,4900000,1.0
3081,3,1.0,1.0,8200000,28900000,10,447,4400000,14700000,29400000,6800000,1.0
3082,4,0.0,0.0,3900000,11400000,20,867,3800000,1100000,13600000,3200000,0.0
3083,5,1.0,1.0,8400000,17600000,12,397,13400000,14500000,24500000,7900000,1.0
3084,4,0.0,0.0,9700000,19400000,20,798,6400000,13700000,20300000,12800000,0.0
3085,1,1.0,1.0,8300000,26300000,20,530,22800000,11000000,33200000,8000000,1.0
3086,4,0.0,0.0,2500000,9900000,16,356,5500000,2600000,6100000,2300000,1.0
3087,3,0.0,0.0,6100000,24000000,18,718,4100000,3400000,16600000,6800000,0.0
3088,3,1.0,0.0,5000000,13000000,10,459,2900000,3400000,18200000,7200000,1.0
3089,3,1.0,0.0,9500000,22200000,8,571,4400000,8600000,24400000,10500000,0.0
3090,2,0.0,0.0,5700000,20500000,8,412,5800000,4300000,21200000,4900000,1.0
3091,1,0.0,1.0,5000000,12500000,20,604,4100000,100000,12200000,7400000,0.0
3092,4,1.0,1.0,8600000,20600000,16,449,10800000,10600000,28700000,5400000,1.0
3093,5,1.0,0.0,1400000,5300000,12,778,1600000,700000,4400000,700000,0.0
3094,3,0.0,0.0,5900000,21200000,16,476,11700000,4800000,14800000,7700000,1.0
3095,4,0.0,1.0,4100000,10400000,12,727,11900000,5900000,16400000,4400000,0.0
3096,3,0.0,0.0,7400000,18500000,8,818,10400000,8800000,28000000,8400000,0.0
3097,1,0.0,1.0,7100000,19300000,16,738,7200000,0,24300000,3600000,0.0
3098,5,0.0,1.0,5300000,18200000,16,546,14600000,7900000,13400000,4000000,1.0
3099,2,1.0,0.0,6600000,14100000,2,471,10800000,11400000,20700000,6000000,1.0
3100,3,1.0,0.0,2800000,10600000,4,860,5200000,4700000,6700000,2900000,0.0
3101,1,1.0,1.0,1600000,4400000,4,364,2500000,700000,4300000,2400000,1.0
3102,0,0.0,1.0,8500000,25300000,20,557,13000000,5100000,23900000,7100000,0.0
3103,1,1.0,1.0,5200000,20700000,12,612,2200000,2600000,16500000,3200000,0.0
3104,2,1.0,1.0,6400000,19300000,6,414,7200000,1800000,19100000,3900000,1.0
3105,5,0.0,0.0,1300000,2900000,4,372,1700000,100000,2800000,600000,1.0
3106,0,0.0,0.0,5600000,11600000,12,466,15000000,7400000,21800000,7500000,1.0
3107,3,0.0,1.0,9000000,19800000,20,348,8600000,9200000,25300000,6000000,1.0
3108,1,1.0,1.0,7800000,17200000,4,597,3700000,12700000,17400000,8500000,0.0
3109,4,1.0,1.0,4000000,11000000,8,791,500000,4700000,10300000,3000000,0.0
3110,0,0.0,1.0,700000,1800000,12,400,1500000,1100000,2200000,300000,1.0
3111,5,0.0,1.0,7300000,18700000,16,813,6600000,8200000,20000000,5800000,0.0
3112,0,1.0,1.0,5200000,15400000,4,675,15300000,8800000,12800000,2900000,0.0
3113,1,1.0,0.0,6200000,18200000,18,324,3100000,12000000,19200000,3400000,1.0
3114,4,0.0,0.0,1100000,3600000,8,693,2400000,1300000,3800000,1500000,0.0
3115,1,1.0,1.0,5600000,13700000,8,491,10100000,3700000,18500000,4200000,1.0
3116,5,0.0,1.0,3400000,9800000,8,559,3500000,2900000,8300000,2200000,0.0
3117,4,0.0,0.0,1500000,4900000,16,392,1800000,1100000,3000000,2000000,1.0
3118,2,1.0,0.0,5800000,18600000,18,532,10900000,900000,12300000,6700000,1.0
3119,4,1.0,0.0,9800000,29400000,8,592,29100000,16700000,35900000,9000000,0.0
3120,5,1.0,0.0,8300000,23100000,4,459,5500000,14300000,28400000,5500000,1.0
3121,4,0.0,1.0,500000,1200000,4,627,0,500000,1800000,700000,0.0
3122,4,0.0,0.0,1900000,6100000,2,462,2100000,3300000,5400000,2500000,0.0
3123,1,1.0,1.0,9700000,24700000,14,600,13600000,14000000,35500000,6700000,0.0
3124,5,1.0,0.0,1800000,6200000,18,366,3500000,2400000,6300000,1300000,1.0
3125,0,0.0,1.0,3300000,9700000,14,356,9800000,4800000,9400000,1900000,1.0
3126,5,0.0,0.0,900000,2300000,16,590,1200000,1500000,2100000,900000,0.0
3127,5,0.0,1.0,8200000,28900000,4,485,16500000,3000000,19400000,6800000,0.0
3128,1,1.0,1.0,500000,1700000,18,617,400000,100000,1400000,500000,0.0
3129,5,0.0,1.0,1000000,2600000,8,664,900000,1200000,3500000,900000,0.0
3130,3,1.0,0.0,7100000,27900000,8,583,8900000,7600000,19600000,6300000,0.0
3131,1,0.0,1.0,200000,400000,18,859,300000,100000,400000,200000,0.0
3132,2,0.0,0.0,3100000,7300000,14,504,3200000,0,7200000,1500000,1.0
3133,4,0.0,0.0,700000,2300000,16,688,1500000,300000,1900000,400000,0.0
3134,3,1.0,0.0,1800000,5700000,2,422,4800000,0,3700000,2300000,0.0
3135,3,1.0,1.0,8400000,27000000,8,746,15000000,8400000,27000000,12500000,0.0
3136,3,0.0,0.0,7400000,17500000,20,317,17700000,14000000,27000000,9500000,1.0
3137,2,1.0,1.0,6700000,20200000,6,701,8800000,12200000,13900000,8200000,0.0
3138,1,0.0,1.0,1700000,6000000,16,754,3900000,1500000,6400000,1800000,0.0
3139,3,1.0,1.0,300000,600000,10,515,300000,200000,1000000,200000,1.0
3140,1,0.0,1.0,3800000,8800000,12,670,5200000,4700000,12200000,3800000,0.0
3141,5,0.0,1.0,1300000,4000000,8,407,3800000,1300000,3500000,1100000,1.0
3142,5,1.0,1.0,3100000,10900000,12,884,6100000,3700000,12300000,4100000,0.0
3143,1,0.0,1.0,200000,400000,20,882,400000,100000,300000,0,0.0
3144,2,1.0,1.0,8100000,24700000,6,595,5500000,14300000,27300000,6500000,0.0
3145,1,1.0,1.0,8900000,22900000,4,757,8200000,11600000,17800000,7800000,0.0
3146,5,0.0,1.0,4200000,8500000,4,386,8700000,4600000,10500000,6000000,1.0
3147,5,1.0,1.0,4100000,11100000,18,756,1700000,3000000,10800000,3000000,0.0
3148,3,1.0,0.0,8300000,25700000,12,453,24000000,14600000,20400000,5700000,1.0
3149,3,1.0,0.0,7500000,25200000,8,316,1000000,800000,18300000,9000000,1.0
3150,3,0.0,0.0,2100000,7700000,6,703,700000,4000000,8200000,1300000,0.0
3151,3,0.0,0.0,1400000,3200000,8,753,2200000,2000000,3600000,2000000,0.0
3152,0,1.0,0.0,6900000,23500000,2,621,7800000,7300000,23100000,9400000,0.0
3153,0,0.0,1.0,2500000,9100000,10,852,5000000,4700000,7400000,1500000,0.0
3154,3,1.0,1.0,3800000,9400000,12,301,7800000,2800000,14900000,5000000,1.0
3155,3,1.0,1.0,7700000,29300000,10,359,6800000,6100000,21900000,4200000,1.0
3156,1,1.0,0.0,3200000,6600000,16,534,8800000,2600000,6500000,1800000,1.0
3157,0,1.0,1.0,8600000,20000000,10,704,25400000,10000000,30800000,10300000,0.0
3158,3,1.0,1.0,3800000,13700000,16,662,4800000,400000,12400000,5300000,0.0
3159,3,0.0,0.0,8400000,31100000,18,599,20600000,14100000,20500000,8500000,0.0
3160,1,0.0,0.0,1600000,5400000,4,319,4200000,2200000,4200000,1600000,0.0
3161,2,1.0,0.0,7800000,19400000,16,549,18600000,13300000,24100000,6900000,1.0
3162,1,0.0,1.0,9400000,21000000,12,443,14100000,2700000,23200000,5600000,1.0
3163,3,1.0,1.0,9900000,26700000,10,550,22200000,15900000,36800000,6600000,0.0
3164,4,1.0,0.0,2400000,8000000,18,393,-100000,200000,7600000,3000000,1.0
3165,2,0.0,1.0,7500000,15100000,8,488,19800000,0,28500000,6700000,1.0
3166,5,0.0,0.0,3300000,11800000,16,845,6000000,1500000,9200000,2600000,0.0
3167,2,0.0,0.0,5500000,19000000,2,382,12500000,1000000,15200000,8100000,0.0
3168,5,1.0,0.0,2400000,7500000,12,357,2600000,2900000,6100000,1300000,1.0
3169,1,1.0,1.0,8700000,27500000,16,815,8000000,13400000,23600000,5900000,0.0
3170,1,1.0,0.0,9600000,26000000,16,368,18500000,16600000,29900000,8400000,1.0
3171,0,0.0,0.0,8400000,19800000,16,674,500000,12200000,27400000,10700000,0.0
3172,5,1.0,0.0,9200000,23900000,10,335,5800000,15300000,35400000,10700000,1.0
3173,2,0.0,1.0,4600000,12600000,2,355,6300000,6900000,14800000,6500000,1.0
3174,5,1.0,0.0,7600000,17500000,6,510,9100000,3500000,15700000,9800000,1.0
3175,4,0.0,0.0,8500000,17800000,4,698,6700000,4300000,28600000,8000000,0.0
3176,4,1.0,1.0,3100000,8200000,18,408,2900000,3800000,10800000,3100000,1.0
3177,3,0.0,1.0,4900000,13100000,18,401,5700000,4100000,16400000,3600000,1.0
3178,5,1.0,1.0,5800000,14000000,14,418,3900000,10400000,15100000,6800000,1.0
3179,0,1.0,0.0,5700000,21300000,4,697,3000000,6800000,20000000,5500000,0.0
3180,4,0.0,0.0,3200000,12200000,14,683,-100000,1100000,7500000,2900000,1.0
3181,4,1.0,1.0,8000000,31500000,16,763,14900000,8800000,17600000,8900000,0.0
3182,4,1.0,0.0,5000000,11400000,6,336,1600000,4000000,15500000,2500000,1.0
3183,2,1.0,1.0,2900000,8300000,10,693,7500000,1900000,9700000,4300000,0.0
3184,2,1.0,0.0,6400000,23900000,18,745,14800000,4000000,16300000,7000000,0.0
3185,5,0.0,0.0,6300000,22500000,18,629,300000,3900000,23100000,8000000,0.0
3186,0,1.0,0.0,5900000,23300000,16,581,2200000,8100000,14900000,5800000,0.0
3187,1,0.0,0.0,8100000,29600000,4,672,8200000,5100000,21100000,5400000,0.0
3188,5,0.0,1.0,7100000,20100000,4,700,16900000,2900000,15600000,4500000,0.0
3189,1,1.0,0.0,1400000,4400000,14,787,1600000,1200000,4200000,800000,0.0
3190,3,0.0,1.0,2300000,8000000,8,300,4200000,3800000,7300000,1200000,1.0
3191,1,0.0,0.0,7400000,16100000,4,655,22000000,12900000,25300000,4300000,0.0
3192,0,0.0,1.0,5300000,13300000,12,572,4200000,2500000,18000000,7100000,0.0
3193,5,0.0,1.0,7700000,16400000,2,663,1100000,14800000,15800000,3900000,0.0
3194,0,1.0,0.0,5000000,10700000,16,726,1600000,1100000,15700000,4800000,0.0
3195,5,1.0,1.0,6000000,12300000,12,680,11400000,5300000,13800000,7300000,0.0
3196,0,0.0,0.0,1400000,2700000,2,685,3400000,800000,5400000,1300000,0.0
3197,5,1.0,1.0,9400000,23100000,6,762,12400000,10200000,22300000,6600000,0.0
3198,3,1.0,0.0,5200000,17200000,18,768,9200000,5500000,11700000,3800000,0.0
3199,0,0.0,0.0,3100000,11100000,8,504,3500000,4600000,11400000,1800000,1.0
3200,3,1.0,1.0,8400000,20500000,12,796,22900000,10500000,17600000,11200000,0.0
3201,0,1.0,0.0,1200000,2900000,18,348,400000,1200000,2900000,600000,1.0
3202,5,1.0,1.0,4800000,13100000,6,717,8300000,8900000,18300000,2800000,0.0
3203,5,1.0,1.0,9200000,34200000,4,565,500000,13900000,23600000,12300000,0.0
3204,2,1.0,0.0,5300000,10900000,6,647,14600000,3500000,18700000,3200000,0.0
3205,3,0.0,0.0,4700000,10900000,2,626,9200000,2300000,14600000,5200000,0.0
3206,0,1.0,0.0,6500000,24700000,6,554,2700000,1100000,22700000,9600000,0.0
3207,4,0.0,1.0,3200000,11500000,20,864,8700000,5000000,12100000,4100000,0.0
3208,4,0.0,0.0,4600000,12500000,6,406,10800000,200000,14000000,6800000,1.0
3209,5,0.0,0.0,700000,1800000,10,650,1300000,100000,1500000,300000,0.0
3210,5,1.0,1.0,7600000,16500000,8,534,8900000,10300000,24900000,8300000,1.0
3211,4,0.0,0.0,1200000,2600000,8,872,1600000,2100000,2700000,900000,0.0
3212,2,0.0,0.0,5100000,16500000,12,845,12100000,9000000,11400000,5700000,0.0
3213,1,1.0,1.0,4300000,16300000,14,792,400000,400000,10200000,4000000,1.0
3214,4,0.0,0.0,300000,1200000,18,544,700000,100000,800000,100000,1.0
3215,2,0.0,1.0,4000000,13000000,10,552,3700000,1600000,15600000,3400000,0.0
3216,5,1.0,0.0,3900000,14900000,12,837,1100000,500000,14400000,3600000,0.0
3217,0,1.0,1.0,6900000,21300000,18,845,17400000,5600000,21400000,6600000,0.0
3218,4,1.0,1.0,7000000,24100000,10,677,18800000,6000000,21600000,6300000,0.0
3219,1,0.0,0.0,6300000,18300000,20,430,13000000,1300000,23000000,9200000,1.0
3220,3,0.0,1.0,8900000,22500000,12,887,23300000,10800000,33500000,9500000,0.0
3221,0,1.0,1.0,5700000,19400000,8,544,4300000,6400000,19900000,5800000,1.0
3222,4,1.0,1.0,5200000,18300000,10,355,400000,3800000,10600000,3400000,1.0
3223,4,0.0,0.0,7400000,17500000,4,540,8800000,7600000,17900000,3600000,1.0
3224,5,0.0,0.0,6500000,16000000,14,444,1100000,7900000,23100000,7900000,1.0
3225,3,0.0,0.0,6200000,14900000,14,567,1200000,9100000,20800000,8800000,0.0
3226,5,1.0,1.0,2400000,6500000,20,513,6400000,2100000,5200000,2600000,1.0
3227,0,1.0,0.0,2500000,7100000,10,590,4000000,800000,6100000,2600000,0.0
3228,2,0.0,1.0,2700000,8500000,20,368,4900000,4500000,5900000,2100000,1.0
3229,5,1.0,0.0,3000000,7600000,6,413,2300000,3500000,11400000,1700000,1.0
3230,4,0.0,1.0,6100000,13600000,4,401,10700000,2000000,20500000,3900000,1.0
3231,3,0.0,0.0,1500000,5400000,18,687,200000,400000,4500000,1700000,0.0
3232,2,0.0,0.0,6500000,14100000,14,577,4600000,12000000,25100000,3900000,0.0
3233,4,1.0,0.0,200000,700000,10,576,500000,100000,400000,300000,0.0
3234,1,1.0,0.0,9900000,23400000,16,687,28200000,3700000,29600000,8200000,0.0
3235,4,0.0,0.0,5500000,11600000,12,474,1800000,2400000,20100000,5600000,1.0
3236,4,0.0,0.0,1200000,4400000,6,709,2800000,2300000,4100000,1700000,0.0
3237,4,0.0,1.0,6900000,20200000,18,438,9600000,6200000,26800000,5700000,1.0
3238,3,0.0,1.0,8000000,25300000,4,306,22300000,7300000,24400000,6600000,0.0
3239,3,1.0,1.0,4100000,13900000,20,383,1900000,2300000,15800000,3800000,1.0
3240,2,0.0,0.0,1400000,4700000,20,563,400000,2300000,2800000,1400000,0.0
3241,4,1.0,1.0,1600000,3200000,20,371,1600000,2300000,4600000,1000000,1.0
3242,1,0.0,0.0,2100000,4200000,12,379,2700000,2100000,8100000,2500000,1.0
3243,1,1.0,0.0,8800000,30200000,18,897,17100000,7900000,28700000,11100000,0.0
3244,3,1.0,1.0,7100000,25400000,10,725,20600000,5300000,16000000,8600000,0.0
3245,1,1.0,0.0,8600000,31500000,16,678,19700000,13400000,22200000,5300000,0.0
3246,2,1.0,1.0,5400000,14800000,6,724,1000000,400000,13100000,5400000,0.0
3247,3,0.0,1.0,1000000,2500000,6,808,2900000,600000,2000000,500000,0.0
3248,0,0.0,0.0,5400000,18400000,8,625,12100000,3000000,13000000,4800000,0.0
3249,2,0.0,0.0,4200000,16800000,4,771,6500000,4500000,10500000,5800000,0.0
3250,2,1.0,0.0,7500000,22400000,14,695,8100000,3900000,15300000,9400000,0.0
3251,4,0.0,0.0,1200000,3300000,2,564,2200000,500000,4700000,1100000,0.0
3252,4,0.0,1.0,6300000,14500000,10,349,3800000,12300000,16500000,5700000,1.0
3253,4,0.0,1.0,300000,900000,4,797,300000,400000,600000,400000,0.0
3254,3,0.0,0.0,7400000,28800000,8,391,20000000,7900000,23600000,7200000,1.0
3255,5,1.0,0.0,2200000,5400000,12,833,4900000,3300000,7000000,1600000,0.0
3256,5,0.0,0.0,4000000,9100000,10,515,600000,6400000,9900000,5500000,1.0
3257,4,0.0,1.0,2700000,10400000,16,671,6100000,3700000,5600000,4000000,0.0
3258,0,1.0,1.0,2000000,6900000,4,404,4900000,1600000,4200000,3000000,0.0
3259,4,1.0,0.0,6400000,14800000,6,537,2300000,3700000,18600000,6500000,1.0
3260,5,1.0,1.0,1400000,5100000,4,348,2100000,900000,4000000,1300000,0.0
3261,0,1.0,1.0,2800000,6300000,12,647,4100000,0,8700000,2300000,0.0
3262,2,1.0,1.0,8200000,28700000,14,316,23300000,16100000,17700000,4300000,1.0
3263,3,1.0,0.0,9000000,26700000,14,638,5300000,0,31300000,5200000,0.0
3264,5,1.0,1.0,800000,2100000,12,363,1200000,1000000,3100000,900000,1.0
3265,4,1.0,1.0,6100000,21200000,6,808,700000,7200000,22300000,6100000,0.0
3266,4,1.0,1.0,2400000,9400000,2,871,3700000,300000,7100000,3500000,0.0
3267,4,0.0,1.0,6000000,17000000,12,607,15300000,3200000,22100000,3900000,0.0
3268,2,1.0,1.0,7900000,22500000,6,571,8100000,5300000,17900000,8100000,0.0
3269,3,0.0,1.0,9500000,25700000,18,446,16900000,13600000,29300000,10100000,1.0
3270,3,1.0,1.0,1800000,6400000,20,436,1500000,2900000,4400000,1300000,1.0
3271,3,1.0,1.0,5800000,14100000,12,738,11700000,4400000,15400000,8400000,0.0
3272,3,0.0,0.0,2800000,9400000,10,519,7000000,3500000,7700000,1500000,1.0
3273,3,0.0,1.0,4000000,8300000,8,531,3700000,7400000,15200000,5900000,1.0
3274,1,1.0,0.0,1000000,3400000,18,578,2300000,400000,3100000,1200000,0.0
3275,0,0.0,0.0,9100000,21100000,20,578,5900000,6200000,33700000,5600000,0.0
3276,0,0.0,0.0,4600000,18100000,14,442,2800000,200000,15600000,3300000,1.0
3277,2,1.0,0.0,7800000,16900000,6,751,17400000,6300000,20400000,11700000,0.0
3278,4,0.0,1.0,6600000,18800000,10,353,16500000,9500000,20000000,6200000,1.0
3279,5,1.0,0.0,9800000,26600000,12,664,5200000,2900000,22500000,14100000,0.0
3280,1,0.0,0.0,7400000,26600000,18,505,2200000,2400000,22400000,3900000,1.0
3281,3,0.0,1.0,4300000,16600000,10,571,5700000,3700000,12800000,5800000,0.0
3282,2,1.0,1.0,9800000,34600000,16,754,12400000,14900000,34700000,6100000,0.0
3283,5,1.0,0.0,1100000,3900000,20,858,3200000,1200000,3800000,1100000,0.0
3284,3,0.0,1.0,8600000,21800000,20,641,5300000,8800000,24000000,9100000,0.0
3285,0,1.0,1.0,9400000,35500000,16,592,9300000,11800000,30500000,5800000,0.0
3286,3,0.0,1.0,5300000,20300000,14,432,15000000,0,17200000,5900000,1.0
3287,1,1.0,1.0,8700000,33800000,18,558,18300000,11500000,31500000,5900000,0.0
3288,3,0.0,1.0,4800000,14200000,12,547,10400000,700000,9800000,2400000,1.0
3289,4,1.0,0.0,4400000,9800000,18,732,2400000,2400000,15100000,4400000,0.0
3290,1,0.0,1.0,5400000,19300000,12,784,5000000,1800000,20300000,6500000,0.0
3291,5,1.0,1.0,8400000,31900000,10,605,18900000,10300000,22000000,9100000,0.0
3292,1,0.0,1.0,5400000,19500000,18,688,12100000,800000,17000000,3500000,0.0
3293,3,1.0,1.0,9400000,32100000,10,617,22700000,5800000,29400000,11400000,0.0
3294,0,1.0,1.0,800000,2400000,4,518,500000,800000,2800000,500000,0.0
3295,0,1.0,0.0,3800000,14800000,10,390,5900000,5700000,9500000,4600000,1.0
3296,4,0.0,0.0,3100000,6300000,4,370,8600000,4100000,8800000,2800000,1.0
3297,3,1.0,1.0,6000000,21300000,4,802,4700000,8900000,17300000,7600000,0.0
3298,2,1.0,1.0,6800000,15500000,12,338,9900000,1200000,21800000,8500000,1.0
3299,5,1.0,0.0,5200000,11700000,6,658,8100000,5100000,11400000,5600000,0.0
3300,0,1.0,0.0,1900000,6700000,12,595,3000000,3200000,4900000,1700000,0.0
3301,5,0.0,1.0,3600000,8500000,20,594,4400000,6400000,7400000,4500000,0.0
3302,3,0.0,1.0,1500000,4100000,14,611,600000,2000000,4800000,2100000,0.0
3303,3,1.0,0.0,2000000,5800000,8,799,3000000,3100000,5500000,1000000,0.0
3304,5,0.0,0.0,9200000,18600000,20,497,1000000,300000,24200000,10700000,1.0
3305,0,1.0,1.0,6100000,15900000,18,456,12900000,10800000,19100000,8800000,1.0
3306,5,1.0,0.0,300000,500000,8,396,400000,300000,1200000,200000,1.0
3307,1,0.0,0.0,800000,2300000,10,770,900000,900000,2900000,1100000,0.0
3308,0,1.0,0.0,3300000,9000000,16,797,3000000,6400000,10300000,3300000,0.0
3309,1,1.0,0.0,5800000,18700000,20,586,14100000,3000000,15600000,6000000,0.0
3310,5,1.0,0.0,8500000,23400000,16,604,25100000,16500000,24500000,4800000,0.0
3311,0,1.0,1.0,4100000,12800000,8,799,3700000,700000,9400000,2700000,0.0
3312,2,0.0,0.0,7800000,26400000,4,763,2200000,8400000,16600000,6700000,0.0
3313,0,0.0,0.0,7500000,23000000,14,725,8900000,4800000,20200000,7100000,0.0
3314,2,0.0,0.0,2300000,8800000,18,336,1800000,800000,5200000,1500000,1.0
3315,4,0.0,1.0,600000,2300000,6,495,1700000,600000,2000000,300000,1.0
3316,1,1.0,0.0,2900000,11500000,20,431,3600000,3800000,5900000,3100000,1.0
3317,5,1.0,0.0,900000,2200000,2,415,600000,1700000,2900000,700000,1.0
3318,5,0.0,1.0,9000000,20400000,6,451,5200000,11400000,28200000,9000000,1.0
3319,1,1.0,0.0,4800000,14300000,4,489,12400000,7900000,17700000,3600000,1.0
3320,1,0.0,0.0,1600000,4600000,12,415,800000,600000,3900000,1500000,1.0
3321,3,1.0,0.0,2600000,8100000,12,425,7300000,1900000,6800000,2200000,1.0
3322,4,0.0,1.0,1800000,4600000,14,453,1700000,2400000,4700000,1600000,1.0
3323,5,0.0,1.0,4400000,11800000,20,634,5900000,7300000,15200000,4300000,0.0
3324,2,1.0,0.0,200000,300000,20,519,0,0,400000,300000,1.0
3325,4,1.0,1.0,800000,2100000,6,353,700000,300000,2900000,1200000,1.0
3326,3,0.0,0.0,1500000,3200000,4,767,2000000,400000,3700000,1400000,0.0
3327,0,1.0,1.0,7700000,16900000,14,473,22100000,4000000,29000000,6400000,1.0
3328,5,0.0,1.0,7200000,21300000,2,801,9900000,1700000,20400000,7200000,0.0
3329,4,0.0,0.0,1000000,2300000,16,543,200000,100000,2000000,1000000,1.0
3330,1,0.0,0.0,6300000,17200000,12,714,10100000,4200000,24700000,8500000,0.0
3331,3,0.0,0.0,1900000,4100000,12,830,4600000,1100000,5300000,2100000,0.0
3332,5,0.0,0.0,4400000,15300000,4,401,200000,5400000,17500000,2400000,0.0
3333,0,1.0,0.0,9100000,26400000,6,518,15800000,1100000,35300000,5700000,1.0
3334,2,0.0,1.0,900000,2300000,20,367,0,1200000,3400000,1300000,1.0
3335,0,0.0,1.0,4600000,12000000,12,493,4500000,700000,16200000,3600000,1.0
3336,2,0.0,1.0,9400000,22700000,14,505,4000000,16900000,24700000,11500000,1.0
3337,5,0.0,0.0,6900000,26500000,16,322,20500000,9800000,17100000,9400000,1.0
3338,2,0.0,0.0,300000,900000,8,735,800000,400000,500000,100000,0.0
3339,5,0.0,1.0,1900000,6700000,2,622,4200000,200000,3900000,1700000,0.0
3340,4,0.0,1.0,4400000,16400000,6,513,5400000,7500000,13100000,5700000,1.0
3341,4,1.0,1.0,1200000,4100000,16,585,900000,900000,2300000,900000,0.0
3342,1,0.0,1.0,1000000,3000000,10,813,2900000,500000,3300000,800000,0.0
3343,0,0.0,0.0,3100000,10400000,18,622,1300000,5000000,7200000,1600000,0.0
3344,1,0.0,1.0,2100000,6300000,16,899,2400000,2200000,4400000,2200000,0.0
3345,0,1.0,0.0,2100000,4700000,2,459,4000000,1300000,8100000,1200000,1.0
3346,4,0.0,0.0,9400000,33300000,18,369,20600000,5600000,32200000,7200000,1.0
3347,2,1.0,0.0,9700000,37700000,6,601,300000,3100000,23800000,11800000,0.0
3348,4,0.0,0.0,1400000,2700000,18,703,600000,1300000,5400000,900000,0.0
3349,2,1.0,0.0,4700000,14600000,20,597,8200000,6000000,14100000,6800000,0.0
3350,3,1.0,1.0,4100000,13300000,10,670,1900000,5500000,13200000,6100000,0.0
3351,4,1.0,1.0,1200000,2800000,6,366,3300000,300000,4200000,1400000,1.0
3352,5,1.0,0.0,7900000,27800000,16,857,23300000,12500000,17200000,10600000,0.0
3353,2,1.0,0.0,6600000,15000000,16,401,13600000,6600000,23500000,3300000,1.0
3354,0,1.0,0.0,2200000,8800000,4,437,1600000,2300000,8300000,2000000,0.0
3355,3,1.0,0.0,5500000,17600000,8,882,5800000,7800000,20300000,3100000,0.0
3356,4,0.0,0.0,5100000,15500000,8,392,6700000,8100000,13600000,6700000,1.0
3357,2,1.0,1.0,3900000,7700000,10,421,9700000,7500000,14100000,2100000,1.0
3358,5,0.0,0.0,200000,400000,6,722,300000,300000,400000,100000,0.0
3359,4,0.0,0.0,5800000,14700000,10,692,2300000,10100000,17700000,3900000,0.0
3360,5,1.0,0.0,8300000,20700000,2,537,8400000,14300000,19700000,7800000,1.0
3361,5,0.0,1.0,2600000,5500000,8,676,6700000,800000,7200000,1300000,0.0
3362,1,0.0,0.0,2100000,8100000,6,817,4600000,2900000,4900000,2900000,0.0
3363,4,1.0,0.0,3900000,10800000,20,433,4700000,1600000,14500000,2300000,1.0
3364,1,0.0,1.0,5200000,16300000,6,524,11000000,3400000,20700000,4600000,1.0
3365,3,1.0,1.0,7800000,24400000,20,490,6700000,5100000,17700000,4100000,1.0
3366,3,1.0,1.0,5400000,14300000,4,595,4100000,2800000,19300000,4900000,0.0
3367,2,1.0,0.0,2900000,11000000,2,835,4900000,3200000,11500000,1400000,0.0
3368,4,0.0,0.0,7100000,28300000,6,850,5600000,7100000,26000000,9700000,0.0
3369,1,0.0,1.0,800000,2500000,4,409,1300000,1000000,3100000,900000,0.0
3370,5,0.0,1.0,3400000,12800000,10,760,9800000,4300000,11000000,4600000,0.0
3371,1,0.0,1.0,6800000,17600000,14,344,5500000,5600000,18100000,7700000,1.0
3372,4,0.0,1.0,7000000,27100000,12,881,8300000,9400000,17200000,9500000,0.0
3373,0,0.0,1.0,9300000,24500000,10,600,20200000,700000,32600000,5400000,0.0
3374,2,0.0,0.0,7500000,19900000,10,790,3500000,13000000,19900000,5900000,0.0
3375,3,0.0,1.0,8000000,31200000,20,392,7300000,8400000,16000000,6000000,1.0
3376,5,0.0,1.0,1600000,4100000,2,748,1400000,1000000,4200000,1000000,0.0
3377,1,0.0,1.0,6700000,18800000,6,798,8700000,5900000,18000000,6100000,0.0
3378,3,1.0,0.0,3800000,11400000,4,323,5800000,4000000,9600000,4400000,0.0
3379,1,1.0,1.0,2700000,5400000,6,413,4800000,1500000,6100000,2600000,1.0
3380,3,0.0,0.0,1300000,2900000,8,733,3800000,1900000,3800000,1800000,0.0
3381,4,1.0,0.0,3400000,10500000,16,543,3100000,4500000,11100000,4500000,1.0
3382,3,0.0,0.0,3400000,10900000,14,757,5400000,1600000,7700000,3000000,0.0
3383,5,0.0,1.0,2400000,6800000,8,464,1900000,1300000,9500000,1900000,1.0
3384,0,1.0,0.0,1900000,6900000,4,749,2100000,3700000,4300000,2200000,0.0
3385,4,0.0,0.0,700000,2200000,6,680,300000,200000,2500000,300000,0.0
3386,1,1.0,0.0,6900000,20900000,4,574,3200000,1800000,25000000,5200000,0.0
3387,5,0.0,1.0,300000,800000,18,774,400000,200000,900000,400000,0.0
3388,3,1.0,0.0,6000000,18700000,10,387,6600000,6200000,23300000,6700000,1.0
3389,1,1.0,0.0,4300000,16400000,20,397,6700000,6200000,10200000,5700000,1.0
3390,4,0.0,0.0,5800000,13500000,14,816,13800000,9300000,20400000,7900000,0.0
3391,2,0.0,1.0,3300000,6700000,8,845,1300000,4600000,12300000,3200000,0.0
3392,2,1.0,0.0,400000,1500000,4,743,700000,500000,1200000,300000,0.0
3393,5,1.0,0.0,300000,600000,4,418,500000,200000,700000,200000,1.0
3394,1,1.0,0.0,4200000,10700000,6,466,7400000,7000000,14000000,4700000,1.0
3395,2,1.0,1.0,600000,2300000,12,335,400000,900000,1200000,400000,1.0
3396,5,1.0,1.0,4400000,15200000,6,446,9500000,2200000,16700000,5800000,1.0
3397,0,0.0,1.0,9200000,29400000,2,868,9200000,13800000,32000000,5300000,0.0
3398,2,0.0,1.0,6900000,25300000,4,763,9000000,3600000,21300000,5500000,0.0
3399,5,1.0,1.0,5100000,13700000,14,527,12100000,8900000,19400000,4700000,1.0
3400,4,0.0,0.0,3400000,12700000,2,741,3300000,6100000,7700000,3700000,0.0
3401,4,1.0,1.0,8600000,26800000,12,802,7400000,2800000,32100000,11700000,0.0
3402,3,1.0,1.0,9200000,28900000,8,538,13900000,8300000,32400000,4900000,1.0
3403,5,0.0,1.0,4800000,16300000,4,523,8800000,2300000,10000000,2800000,0.0
3404,4,1.0,0.0,2800000,8300000,14,381,3200000,1100000,9100000,1500000,1.0
3405,1,0.0,1.0,3400000,7000000,4,534,3100000,1600000,13000000,4000000,1.0
3406,5,1.0,1.0,800000,2200000,14,574,2200000,1200000,1700000,1100000,0.0
3407,1,1.0,0.0,4100000,11100000,6,405,12000000,2900000,9000000,5900000,1.0
3408,0,1.0,0.0,1900000,3800000,16,542,800000,500000,4000000,2100000,1.0
3409,5,0.0,1.0,6700000,25400000,14,820,10300000,8100000,18500000,3900000,0.0
3410,0,0.0,0.0,5200000,13400000,2,505,12000000,7900000,20400000,6200000,1.0
3411,3,0.0,1.0,6700000,16400000,2,508,4400000,10900000,25300000,9200000,1.0
3412,1,1.0,1.0,4700000,15000000,20,835,2100000,2500000,10100000,3800000,0.0
3413,0,1.0,0.0,6000000,22000000,12,826,1400000,2000000,14100000,7000000,0.0
3414,5,1.0,1.0,6500000,18900000,12,427,5100000,1900000,18200000,7800000,1.0
3415,3,0.0,0.0,500000,2000000,12,890,800000,700000,1800000,400000,0.0
3416,4,1.0,0.0,5700000,13300000,2,333,9400000,3000000,11800000,8200000,1.0
3417,4,1.0,1.0,6800000,20000000,12,679,20200000,10900000,26900000,6600000,0.0
3418,5,1.0,0.0,3100000,12300000,18,805,4900000,1900000,6100000,2800000,0.0
3419,3,1.0,0.0,5100000,11000000,16,826,11800000,2900000,12900000,2700000,0.0
3420,1,1.0,1.0,6300000,23900000,10,844,16300000,4900000,16800000,4500000,0.0
3421,5,0.0,1.0,4400000,14100000,10,663,5300000,4900000,17500000,2600000,0.0
3422,1,1.0,0.0,8100000,21900000,6,884,15100000,5400000,27500000,6600000,0.0
3423,1,1.0,0.0,1100000,3700000,2,508,200000,0,2200000,1300000,0.0
3424,0,0.0,1.0,2400000,6900000,4,581,5100000,4500000,6000000,3400000,0.0
3425,3,0.0,1.0,7000000,26300000,12,481,14300000,12800000,15100000,9900000,1.0
3426,1,0.0,1.0,8700000,30000000,12,543,21900000,12700000,30600000,12700000,1.0
3427,0,1.0,1.0,3500000,12600000,10,448,1200000,2500000,10400000,3600000,1.0
3428,1,0.0,1.0,1600000,5300000,4,713,1400000,1400000,4900000,1300000,0.0
3429,5,1.0,1.0,7800000,17300000,16,493,800000,4500000,16300000,9300000,1.0
3430,2,1.0,0.0,3700000,9200000,10,819,8500000,2000000,10200000,3100000,0.0
3431,4,0.0,0.0,400000,1400000,18,827,-100000,0,900000,600000,0.0
3432,0,1.0,0.0,4800000,15700000,10,398,4900000,7400000,17100000,6400000,1.0
3433,0,0.0,1.0,2900000,7500000,18,692,3200000,300000,7500000,4000000,0.0
3434,5,0.0,1.0,5000000,14600000,18,509,11800000,2500000,19800000,4900000,1.0
3435,0,0.0,1.0,7600000,18100000,16,439,12800000,5900000,29800000,10600000,1.0
3436,1,0.0,0.0,3000000,9400000,4,622,600000,3500000,9600000,2000000,0.0
3437,3,1.0,1.0,200000,700000,18,526,400000,100000,500000,0,1.0
3438,5,1.0,1.0,6800000,19000000,8,865,9500000,7200000,25000000,6300000,0.0
3439,5,1.0,1.0,9700000,27400000,2,328,0,18400000,22000000,7900000,1.0
3440,0,0.0,1.0,1200000,4200000,4,768,2800000,2200000,2800000,1500000,0.0
3441,5,1.0,1.0,7400000,24000000,16,854,4300000,6700000,20600000,8700000,0.0
3442,4,0.0,0.0,6900000,20800000,4,839,2600000,2400000,16100000,7400000,0.0
3443,0,1.0,1.0,9100000,23300000,18,414,17700000,2500000,33800000,6400000,1.0
3444,0,0.0,1.0,1300000,4700000,16,530,3200000,1000000,3800000,800000,1.0
3445,3,0.0,0.0,6600000,14600000,10,841,15300000,12100000,14800000,6000000,0.0
3446,3,1.0,1.0,1800000,5700000,14,670,5300000,3100000,3500000,2700000,0.0
3447,5,1.0,1.0,8200000,20900000,14,726,11400000,4800000,26000000,8400000,0.0
3448,4,1.0,0.0,2800000,8300000,14,352,4900000,2600000,7100000,3700000,1.0
3449,1,0.0,1.0,7000000,16000000,4,554,13000000,8600000,26600000,7900000,0.0
3450,4,0.0,0.0,700000,1800000,18,728,400000,1300000,2200000,600000,0.0
3451,0,1.0,0.0,7400000,25500000,6,463,2300000,5600000,26800000,8400000,1.0
3452,5,1.0,1.0,2300000,5000000,10,431,300000,3700000,8700000,2900000,1.0
3453,1,0.0,1.0,600000,1900000,8,445,1200000,100000,1600000,300000,1.0
3454,5,0.0,0.0,1000000,3000000,4,896,2800000,1100000,2000000,1100000,0.0
3455,1,1.0,1.0,2200000,5200000,8,420,2900000,100000,5000000,2300000,1.0
3456,1,1.0,0.0,8000000,30900000,2,315,23500000,1200000,19500000,7300000,0.0
3457,4,1.0,0.0,8600000,20900000,10,867,24300000,7200000,23700000,9900000,0.0
3458,3,1.0,1.0,7500000,26000000,2,342,13900000,1900000,26900000,11200000,0.0
3459,5,1.0,1.0,5200000,11800000,18,711,14300000,5100000,15500000,4500000,0.0
3460,2,1.0,0.0,7900000,20900000,2,723,1700000,1800000,16300000,7100000,0.0
3461,1,0.0,1.0,4200000,11300000,4,704,4700000,2800000,14900000,4000000,0.0
3462,0,0.0,0.0,6500000,20200000,16,842,8300000,12200000,14300000,9600000,0.0
3463,0,0.0,1.0,7400000,15200000,12,600,6200000,8500000,18800000,4100000,0.0
3464,3,1.0,0.0,9100000,25600000,12,688,8900000,16300000,27900000,11100000,0.0
3465,0,1.0,0.0,800000,2300000,16,739,1800000,600000,2000000,400000,0.0
3466,1,0.0,1.0,800000,2800000,10,798,1300000,1300000,2500000,400000,0.0
3467,5,0.0,1.0,4100000,9900000,4,319,7600000,7400000,12000000,5500000,1.0
3468,5,0.0,1.0,4200000,8700000,6,583,6000000,800000,8500000,2500000,0.0
3469,3,0.0,1.0,4800000,11500000,12,535,3600000,8000000,15600000,5400000,1.0
3470,3,1.0,1.0,8300000,25900000,8,696,14400000,12200000,23500000,7100000,0.0
3471,4,1.0,0.0,7600000,23900000,8,672,2500000,1600000,20200000,6700000,0.0
3472,4,0.0,0.0,5100000,12300000,20,410,9200000,9200000,18700000,5600000,1.0
3473,5,0.0,0.0,3600000,11600000,14,546,8500000,300000,12000000,4800000,1.0
3474,3,1.0,1.0,5400000,16800000,16,550,10700000,6400000,13400000,7000000,0.0
3475,5,1.0,0.0,700000,1400000,4,344,1500000,800000,2600000,300000,1.0
3476,2,1.0,1.0,9800000,38200000,10,743,5400000,14800000,24300000,5300000,0.0
3477,4,0.0,0.0,9700000,36400000,4,772,13800000,11300000,38100000,13500000,0.0
3478,0,0.0,1.0,9400000,29900000,12,302,12300000,1500000,35700000,8200000,1.0
3479,3,0.0,1.0,3200000,9100000,18,376,4500000,800000,9000000,1700000,1.0
3480,0,0.0,1.0,3700000,11600000,10,747,0,4500000,9000000,3500000,0.0
3481,2,0.0,1.0,4200000,15800000,6,710,12300000,3700000,12600000,4600000,0.0
3482,2,1.0,0.0,7000000,24200000,6,892,20600000,500000,21400000,9200000,0.0
3483,3,1.0,0.0,3200000,11500000,16,492,4800000,2300000,10400000,3200000,1.0
3484,5,0.0,0.0,7900000,17700000,2,559,19700000,2800000,28900000,5400000,0.0
3485,3,1.0,0.0,2200000,8300000,18,314,1100000,900000,5800000,2000000,1.0
3486,0,0.0,1.0,2700000,8400000,6,744,1200000,4100000,7500000,2000000,0.0
3487,5,1.0,0.0,6800000,18000000,12,690,17800000,11800000,25000000,9300000,0.0
3488,3,0.0,1.0,6300000,23300000,4,347,18300000,12200000,21100000,8100000,0.0
3489,5,0.0,1.0,9000000,31400000,2,677,12000000,10800000,20700000,8700000,0.0
3490,1,0.0,0.0,4700000,15700000,4,468,13300000,5100000,16200000,3600000,0.0
3491,2,1.0,0.0,8100000,17500000,4,674,10800000,12700000,23200000,9300000,0.0
3492,2,1.0,0.0,9000000,27300000,14,353,22600000,4400000,26900000,7200000,1.0
3493,4,1.0,0.0,3800000,14100000,8,727,3900000,4900000,8200000,5400000,0.0
3494,4,1.0,1.0,8800000,22200000,10,512,6800000,4000000,31900000,9900000,1.0
3495,3,1.0,1.0,8700000,27200000,18,454,9100000,9300000,30900000,12000000,1.0
3496,5,1.0,0.0,5000000,12400000,14,315,7400000,8600000,17000000,4000000,1.0
3497,0,1.0,1.0,6000000,22700000,10,480,200000,11900000,13700000,8700000,1.0
3498,2,0.0,1.0,9100000,24200000,16,685,25600000,1900000,31100000,9100000,0.0
3499,1,0.0,0.0,7400000,17900000,6,460,2600000,1300000,25900000,5000000,1.0
3500,1,1.0,1.0,8300000,28400000,16,704,1400000,11700000,16900000,11400000,0.0
3501,1,0.0,1.0,7600000,23900000,12,692,500000,12200000,27000000,5000000,0.0
3502,1,1.0,1.0,3500000,9600000,4,398,1700000,6000000,7900000,4600000,1.0
3503,5,0.0,1.0,1000000,3500000,18,882,900000,500000,2900000,600000,0.0
3504,5,0.0,1.0,9900000,25900000,4,860,7800000,200000,38000000,5400000,0.0
3505,2,0.0,1.0,5700000,15100000,18,330,5900000,3800000,16600000,6200000,1.0
3506,5,0.0,0.0,700000,2400000,16,447,1300000,700000,2600000,800000,1.0
3507,0,1.0,1.0,9600000,23800000,12,788,9900000,14400000,21200000,10400000,0.0
3508,1,1.0,0.0,9300000,28900000,6,526,11100000,1600000,19700000,11000000,1.0
3509,0,0.0,0.0,9500000,28400000,18,577,6200000,10300000,30200000,14100000,0.0
3510,4,0.0,1.0,8700000,23400000,16,372,10600000,11700000,20000000,8000000,1.0
3511,5,0.0,1.0,7300000,21000000,14,759,15500000,8000000,20300000,10800000,0.0
3512,3,0.0,1.0,4100000,12700000,10,465,6400000,1900000,14100000,3200000,1.0
3513,2,0.0,0.0,2900000,10200000,4,789,1200000,4100000,6100000,3600000,0.0
3514,3,0.0,1.0,7500000,17900000,2,680,7000000,11800000,25000000,6300000,0.0
3515,1,0.0,0.0,7900000,25700000,20,681,14900000,3000000,18100000,8800000,0.0
3516,1,0.0,1.0,6900000,22300000,16,673,17400000,100000,21300000,9000000,0.0
3517,0,1.0,0.0,6900000,22900000,10,313,5600000,9300000,26200000,8000000,1.0
3518,0,1.0,0.0,4800000,18800000,16,551,7900000,9400000,17300000,5500000,0.0
3519,5,0.0,1.0,7700000,24400000,8,453,1400000,7700000,22000000,10000000,1.0
3520,3,1.0,0.0,6900000,22700000,4,650,900000,13400000,15500000,6400000,0.0
3521,1,1.0,0.0,1200000,4500000,4,439,3200000,1800000,2900000,1200000,0.0
3522,1,0.0,0.0,2900000,9600000,4,658,8200000,4300000,7000000,2700000,0.0
3523,4,0.0,1.0,5500000,18900000,6,379,13900000,9100000,18500000,3100000,1.0
3524,4,0.0,1.0,3200000,10700000,4,450,7300000,3000000,8200000,1800000,0.0
3525,5,1.0,0.0,2600000,8200000,4,849,7400000,2000000,8900000,2700000,0.0
3526,0,0.0,0.0,500000,1600000,18,865,1400000,400000,1000000,200000,0.0
3527,0,0.0,0.0,1800000,6900000,10,853,900000,400000,3700000,1700000,1.0
3528,0,1.0,0.0,1300000,4900000,12,555,2400000,1200000,4100000,1700000,0.0
3529,1,1.0,0.0,9900000,20700000,20,821,12700000,8200000,38100000,11100000,0.0
3530,0,1.0,0.0,2000000,4700000,2,820,4700000,500000,7900000,1200000,0.0
3531,1,1.0,0.0,5100000,15300000,4,721,7000000,6100000,15300000,5900000,0.0
3532,4,0.0,1.0,8200000,24000000,20,831,23000000,3000000,24800000,5400000,0.0
3533,5,1.0,0.0,4200000,12600000,18,571,8900000,3200000,11700000,6200000,0.0
3534,2,1.0,1.0,1300000,4900000,8,582,2100000,1800000,3400000,1700000,0.0
3535,1,1.0,1.0,4600000,13600000,18,487,11200000,8500000,15500000,5400000,1.0
3536,1,1.0,0.0,6600000,19700000,12,758,16000000,4400000,18800000,9500000,0.0
3537,2,0.0,1.0,8300000,30100000,16,636,5200000,5100000,33100000,7200000,0.0
3538,0,0.0,0.0,6900000,20700000,16,857,17100000,13700000,14600000,8800000,0.0
3539,4,0.0,1.0,4700000,12500000,8,678,13700000,200000,9800000,7000000,0.0
3540,1,0.0,0.0,7900000,15800000,8,551,800000,3500000,18700000,8300000,0.0
3541,3,1.0,0.0,8800000,24900000,16,668,16700000,17200000,30000000,10500000,0.0
3542,1,0.0,0.0,6500000,23400000,2,672,5000000,10400000,16700000,7600000,0.0
3543,3,1.0,0.0,3500000,13700000,4,439,5200000,2800000,13000000,4400000,0.0
3544,2,1.0,1.0,8200000,19600000,16,636,11500000,2300000,28800000,10700000,0.0
3545,0,1.0,1.0,2000000,6000000,14,393,1500000,1400000,5900000,2900000,1.0
3546,5,1.0,0.0,2700000,8200000,2,848,7000000,1000000,6200000,1500000,0.0
3547,0,0.0,1.0,5300000,17600000,4,790,2000000,10200000,19700000,7700000,0.0
3548,2,1.0,0.0,9900000,19900000,6,312,21400000,2200000,31400000,11000000,1.0
3549,2,1.0,1.0,5000000,19500000,14,775,3100000,4700000,9900000,6500000,0.0
3550,2,1.0,0.0,9100000,18600000,20,403,18400000,11700000,20300000,9200000,1.0
3551,3,1.0,1.0,7600000,26400000,14,867,9200000,700000,27900000,7400000,0.0
3552,0,0.0,0.0,5200000,17800000,18,558,8300000,5400000,13000000,3100000,0.0
3553,5,0.0,0.0,1800000,6000000,4,548,1400000,2400000,6500000,2600000,0.0
3554,0,1.0,0.0,7300000,28200000,16,486,15300000,8800000,16400000,7700000,1.0
3555,4,0.0,0.0,3200000,11600000,6,635,3300000,4600000,6500000,3900000,0.0
3556,5,0.0,0.0,5200000,20700000,2,538,3200000,2000000,14600000,3600000,0.0
3557,4,1.0,0.0,7100000,28200000,14,496,6300000,10900000,27700000,4600000,1.0
3558,4,0.0,1.0,1400000,4800000,6,411,1400000,300000,4400000,1600000,1.0
3559,4,1.0,0.0,2700000,10700000,6,857,7400000,4200000,8200000,2800000,0.0
3560,5,0.0,1.0,6500000,18100000,10,360,15700000,10600000,20200000,6100000,1.0
3561,4,0.0,0.0,9300000,35900000,18,461,9800000,12700000,26200000,11400000,1.0
3562,0,0.0,1.0,6700000,14900000,16,638,3300000,6900000,22300000,8100000,0.0
3563,5,0.0,0.0,6800000,19300000,6,865,12100000,100000,22900000,9000000,0.0
3564,5,1.0,0.0,5600000,13600000,4,449,5900000,5700000,18800000,4300000,1.0
3565,1,1.0,1.0,1900000,4700000,2,870,4700000,2300000,3900000,2300000,0.0
3566,5,1.0,0.0,8400000,19500000,6,815,5300000,2500000,24000000,7200000,0.0
3567,2,1.0,1.0,2500000,7200000,16,454,4200000,1000000,7100000,2100000,1.0
3568,1,1.0,1.0,2900000,9900000,18,783,1300000,100000,11000000,2600000,0.0
3569,3,0.0,1.0,3200000,7400000,2,543,3600000,4500000,11200000,4600000,1.0
3570,4,1.0,1.0,3000000,10900000,2,786,7600000,3300000,8000000,3200000,0.0
3571,3,0.0,1.0,800000,2500000,20,395,1500000,300000,1600000,500000,1.0
3572,2,1.0,1.0,400000,1300000,2,885,200000,300000,1100000,500000,0.0
3573,2,1.0,0.0,4400000,10600000,20,488,10800000,2400000,13200000,4600000,1.0
3574,2,1.0,1.0,8700000,19900000,10,829,7500000,10500000,20200000,8400000,0.0
3575,4,1.0,0.0,7400000,15400000,6,677,22000000,13500000,28900000,7400000,0.0
3576,4,1.0,1.0,5700000,14400000,12,645,14500000,8600000,12900000,4700000,0.0
3577,5,1.0,1.0,9700000,27600000,10,788,9400000,3100000,31800000,10600000,0.0
3578,2,1.0,0.0,7000000,22400000,6,649,12200000,9900000,17800000,8900000,0.0
3579,2,1.0,0.0,8900000,23100000,4,519,22800000,500000,25200000,4700000,1.0
3580,3,0.0,1.0,3100000,11200000,14,772,3400000,5800000,8300000,2100000,0.0
3581,4,0.0,0.0,2200000,6100000,12,330,5500000,2900000,5000000,2200000,1.0
3582,5,1.0,1.0,7100000,21500000,4,557,8900000,8000000,26400000,4000000,0.0
3583,4,0.0,1.0,8200000,19000000,6,334,24500000,6800000,28600000,10200000,1.0
3584,3,0.0,1.0,9800000,28400000,12,487,8900000,15400000,30800000,11100000,1.0
3585,2,0.0,1.0,3900000,9700000,8,539,4400000,7600000,7900000,5100000,1.0
3586,2,0.0,1.0,2200000,8100000,8,710,500000,2900000,7300000,1000000,0.0
3587,5,1.0,1.0,600000,1700000,20,879,1100000,100000,2300000,700000,0.0
3588,4,1.0,1.0,6900000,22000000,10,512,6100000,9100000,20600000,3900000,1.0
3589,2,0.0,1.0,7400000,27300000,18,561,12600000,400000,27100000,9600000,0.0
3590,3,1.0,1.0,4000000,11600000,6,539,5900000,2600000,12100000,4700000,1.0
3591,3,1.0,1.0,700000,2000000,18,544,800000,1300000,1500000,400000,1.0
3592,2,1.0,1.0,1900000,4600000,16,631,3200000,2700000,4500000,2700000,0.0
3593,2,0.0,0.0,2200000,6800000,20,546,4600000,200000,4500000,2200000,1.0
3594,1,0.0,1.0,2000000,5600000,14,569,5000000,1100000,7900000,1600000,0.0
3595,4,1.0,0.0,7400000,17900000,6,384,13400000,12300000,22400000,4700000,1.0
3596,2,1.0,1.0,2300000,9000000,6,583,3600000,1300000,6900000,3400000,0.0
3597,5,1.0,1.0,4000000,15500000,12,517,0,600000,12100000,3500000,1.0
3598,3,0.0,1.0,1500000,5800000,18,420,800000,1900000,4100000,1400000,1.0
3599,2,1.0,1.0,5200000,12900000,18,644,400000,5000000,12000000,7500000,0.0
3600,2,0.0,0.0,5400000,14500000,8,349,10800000,4800000,21100000,6600000,1.0
3601,3,0.0,0.0,7700000,25300000,18,662,3400000,11400000,19100000,9900000,0.0
3602,0,1.0,1.0,1900000,6400000,20,704,900000,3400000,5300000,1900000,0.0
3603,4,1.0,1.0,6400000,15500000,2,324,18400000,11100000,13900000,4500000,1.0
3604,5,0.0,0.0,700000,1700000,18,757,1900000,200000,2100000,600000,0.0
3605,3,0.0,1.0,5800000,23000000,16,361,6000000,10100000,23000000,2800000,1.0
3606,1,0.0,0.0,1800000,5400000,4,415,4400000,2000000,5600000,1800000,0.0
3607,5,0.0,1.0,4300000,13800000,18,618,9600000,800000,14000000,2400000,0.0
3608,4,0.0,0.0,8000000,27100000,8,524,16900000,10900000,25600000,8400000,1.0
3609,0,1.0,0.0,1100000,4100000,18,887,400000,1300000,2600000,1300000,0.0
3610,2,1.0,1.0,8800000,31100000,12,729,12300000,2400000,21900000,9400000,0.0
3611,4,0.0,0.0,4800000,18600000,14,774,10800000,5800000,12700000,6500000,0.0
3612,0,1.0,1.0,200000,700000,20,724,600000,0,500000,300000,0.0
3613,5,0.0,1.0,1400000,2700000,16,320,900000,2500000,2700000,2000000,1.0
3614,5,0.0,0.0,2500000,6400000,16,590,3200000,3900000,5800000,3500000,0.0
3615,5,0.0,0.0,8100000,25300000,8,796,15900000,12600000,21500000,7800000,0.0
3616,0,0.0,1.0,6100000,19200000,6,890,13900000,5900000,16700000,7600000,0.0
3617,0,1.0,1.0,2000000,4600000,16,651,2100000,2400000,7200000,1600000,0.0
3618,4,1.0,0.0,4800000,10100000,12,634,9200000,300000,15000000,6900000,0.0
3619,4,0.0,1.0,900000,2800000,2,660,1200000,1400000,2400000,900000,0.0
3620,4,1.0,0.0,1300000,3500000,12,512,3300000,1400000,3200000,700000,1.0
3621,4,1.0,1.0,4200000,9100000,2,900,6700000,5300000,10900000,5900000,0.0
3622,2,0.0,1.0,3300000,11100000,20,823,4600000,1500000,11700000,2900000,0.0
3623,2,1.0,1.0,8700000,28400000,12,880,8000000,1800000,19400000,4400000,0.0
3624,1,1.0,1.0,800000,2600000,2,439,600000,0,1800000,400000,0.0
3625,5,0.0,1.0,7400000,17100000,2,441,14700000,1600000,20600000,10800000,1.0
3626,3,1.0,0.0,6900000,18500000,6,360,14000000,0,18800000,9600000,1.0
3627,1,0.0,1.0,8800000,33700000,14,561,10200000,7100000,25700000,11900000,0.0
3628,2,0.0,1.0,8600000,32500000,4,758,20900000,600000,18000000,6900000,0.0
3629,2,0.0,0.0,5400000,20600000,18,621,11200000,2200000,11600000,5500000,0.0
3630,4,0.0,1.0,2900000,5900000,18,621,200000,3100000,8500000,3500000,0.0
3631,3,0.0,0.0,9800000,21000000,12,342,25400000,16600000,26900000,7000000,1.0
3632,4,0.0,0.0,3300000,10800000,4,552,4200000,900000,8600000,3300000,0.0
3633,0,1.0,0.0,300000,500000,18,376,300000,0,800000,300000,1.0
3634,0,0.0,0.0,1500000,4300000,12,801,4400000,2200000,3300000,1100000,0.0
3635,3,1.0,1.0,5400000,16300000,4,512,1600000,3400000,13100000,6000000,0.0
3636,0,0.0,0.0,6600000,15200000,18,497,1500000,6900000,14500000,9300000,1.0
3637,0,0.0,0.0,5700000,17200000,8,386,4200000,7100000,14400000,2900000,1.0
3638,3,1.0,1.0,8500000,26100000,2,683,6600000,10400000,24100000,5700000,0.0
3639,0,0.0,0.0,7400000,24100000,16,779,800000,2900000,28900000,4900000,0.0
3640,3,1.0,1.0,7800000,17700000,6,876,15600000,15200000,25100000,10800000,0.0
3641,3,0.0,1.0,7200000,16500000,18,515,7800000,6300000,17300000,10600000,1.0
3642,2,1.0,0.0,7600000,19300000,12,463,5400000,1500000,16000000,9600000,1.0
3643,4,1.0,1.0,7000000,26700000,4,486,10600000,12200000,18800000,6000000,0.0
3644,0,1.0,0.0,5700000,13000000,6,328,7800000,7500000,20700000,8200000,1.0
3645,2,1.0,0.0,8200000,30600000,10,343,9800000,11500000,16900000,7000000,1.0
3646,0,0.0,1.0,9000000,27800000,8,712,900000,6700000,24400000,5800000,0.0
3647,3,1.0,0.0,3900000,11900000,6,607,6600000,6000000,8800000,2000000,0.0
3648,0,0.0,0.0,6500000,16200000,4,812,17200000,10700000,20200000,6200000,0.0
3649,4,1.0,1.0,2300000,7700000,16,589,6000000,4400000,6300000,2300000,0.0
3650,1,1.0,0.0,5700000,21800000,18,657,14100000,3200000,21800000,3200000,0.0
3651,4,1.0,0.0,800000,2800000,12,453,1500000,300000,2900000,600000,1.0
3652,4,1.0,1.0,8400000,19700000,14,889,22400000,5800000,22000000,12100000,0.0
3653,1,0.0,1.0,4300000,17200000,4,564,10400000,6600000,11500000,2200000,0.0
3654,1,1.0,1.0,300000,900000,20,419,800000,0,600000,300000,1.0
3655,1,0.0,0.0,8700000,34000000,16,663,5400000,10700000,17800000,8100000,0.0
3656,1,1.0,0.0,4400000,12100000,4,884,9800000,6500000,15000000,6000000,0.0
3657,1,0.0,1.0,5600000,16800000,16,528,7500000,6500000,12300000,3900000,1.0
3658,2,0.0,0.0,600000,1300000,12,475,100000,1100000,2300000,600000,1.0
3659,4,1.0,1.0,2500000,5100000,20,695,1100000,4100000,6700000,3500000,0.0
3660,5,1.0,0.0,3800000,10500000,10,759,1800000,6700000,8100000,5300000,0.0
3661,2,1.0,0.0,2500000,9600000,4,636,900000,1000000,7300000,2000000,0.0
3662,3,1.0,1.0,5500000,20400000,10,546,10600000,8200000,13500000,4000000,1.0
3663,5,0.0,1.0,4500000,17100000,2,639,10600000,7500000,12000000,6500000,0.0
3664,4,1.0,0.0,1900000,4000000,10,388,500000,1400000,5600000,900000,1.0
3665,5,0.0,1.0,6400000,20000000,12,594,100000,2100000,16500000,5500000,0.0
3666,1,1.0,1.0,3800000,11100000,6,760,2100000,1800000,8700000,5700000,0.0
3667,4,1.0,1.0,6300000,16900000,16,582,16000000,3600000,23700000,6000000,0.0
3668,3,1.0,0.0,300000,600000,6,896,300000,400000,600000,400000,0.0
3669,5,1.0,1.0,7100000,21800000,18,891,7000000,0,18900000,4700000,0.0
3670,2,1.0,1.0,600000,1700000,2,495,1700000,200000,1200000,500000,1.0
3671,3,0.0,1.0,4400000,15300000,16,865,1200000,8400000,15000000,3400000,0.0
3672,4,1.0,0.0,7600000,20800000,12,775,1900000,13600000,19200000,6400000,0.0
3673,5,0.0,1.0,8700000,26400000,10,318,11800000,2900000,23200000,9200000,1.0
3674,3,0.0,1.0,5600000,12700000,12,395,8200000,9300000,22000000,6400000,1.0
3675,4,1.0,0.0,4100000,13100000,14,772,11200000,4200000,10500000,3800000,0.0
3676,2,1.0,1.0,7900000,16100000,18,318,17300000,2900000,29900000,9300000,1.0
3677,3,1.0,1.0,5600000,20900000,14,649,4000000,10700000,13000000,8200000,0.0
3678,3,1.0,0.0,1200000,3100000,10,438,1500000,2200000,3900000,1000000,1.0
3679,5,0.0,0.0,6900000,19700000,6,588,9800000,7500000,17100000,7300000,0.0
3680,5,1.0,0.0,2700000,5600000,2,815,1100000,2000000,7100000,2600000,0.0
3681,4,0.0,1.0,9800000,22100000,4,364,16800000,11100000,26500000,7300000,1.0
3682,2,1.0,0.0,9300000,32300000,4,586,14300000,6400000,37000000,10400000,0.0
3683,4,1.0,0.0,6700000,25300000,12,555,16900000,3600000,23500000,4900000,0.0
3684,4,0.0,0.0,1300000,4600000,10,312,1800000,600000,3100000,800000,1.0
3685,2,0.0,1.0,7900000,17100000,16,605,19200000,14100000,21900000,10400000,0.0
3686,5,1.0,0.0,6700000,23200000,18,672,1600000,6700000,20800000,5400000,0.0
3687,2,1.0,1.0,2100000,4500000,18,591,2500000,500000,5500000,1500000,0.0
3688,4,0.0,1.0,4700000,11000000,4,321,10100000,100000,9600000,6900000,1.0
3689,2,0.0,0.0,3700000,13400000,16,393,6400000,600000,14200000,3500000,1.0
3690,0,0.0,1.0,5800000,21800000,2,561,4400000,7200000,15000000,4200000,0.0
3691,5,0.0,1.0,2400000,6900000,20,725,1700000,400000,8800000,2400000,0.0
3692,1,1.0,1.0,8100000,27600000,16,438,1000000,10500000,32200000,8000000,1.0
3693,5,0.0,1.0,5400000,21400000,12,399,4000000,9700000,12400000,6800000,1.0
3694,0,0.0,0.0,1400000,5400000,8,592,4100000,400000,4300000,800000,0.0
3695,2,1.0,0.0,2500000,8600000,8,835,2500000,4000000,7700000,1300000,0.0
3696,0,1.0,1.0,1600000,5300000,4,733,400000,2100000,5500000,1100000,0.0
3697,0,1.0,0.0,3700000,10600000,20,484,5800000,1300000,13900000,3500000,1.0
3698,5,1.0,1.0,500000,1800000,20,615,500000,700000,1100000,300000,0.0
3699,3,1.0,1.0,5300000,19500000,4,591,13200000,4700000,19800000,7900000,0.0
3700,0,0.0,1.0,2800000,6800000,12,349,4100000,2000000,11100000,1400000,1.0
3701,1,0.0,1.0,9600000,29900000,18,478,18500000,15200000,38200000,9400000,1.0
3702,4,0.0,0.0,2200000,7800000,20,633,0,3900000,8400000,1900000,0.0
3703,1,1.0,1.0,8400000,30900000,8,378,18600000,1000000,25900000,11100000,1.0
3704,1,1.0,0.0,2100000,5300000,20,461,1500000,3800000,8100000,1700000,1.0
3705,2,1.0,1.0,2800000,7000000,2,834,500000,2900000,8100000,1300000,0.0
3706,0,1.0,0.0,2500000,5800000,20,671,7400000,500000,7500000,2000000,0.0
3707,3,0.0,1.0,1700000,5800000,10,524,4100000,2900000,6600000,800000,1.0
3708,3,0.0,0.0,6100000,20700000,4,816,14900000,5400000,24200000,5900000,0.0
3709,3,0.0,0.0,4100000,11700000,10,729,6900000,6200000,15400000,2100000,0.0
3710,5,1.0,1.0,4500000,12700000,8,307,11000000,3800000,12600000,2700000,1.0
3711,2,0.0,1.0,5600000,19100000,8,350,2700000,1200000,14200000,4200000,1.0
3712,3,1.0,1.0,5800000,16600000,10,444,13300000,5900000,15000000,8500000,1.0
3713,4,1.0,0.0,8600000,26700000,10,895,2200000,8800000,22600000,6900000,0.0
3714,2,0.0,0.0,2900000,10500000,20,708,4200000,600000,7700000,4300000,0.0
3715,2,1.0,1.0,8300000,17600000,2,355,1000000,700000,28400000,6800000,1.0
3716,5,1.0,0.0,2400000,5100000,6,756,1500000,200000,5300000,3400000,0.0
3717,4,0.0,0.0,5600000,12000000,4,719,5600000,2900000,14500000,3400000,0.0
3718,1,0.0,1.0,9500000,35400000,14,439,400000,1200000,20200000,13500000,1.0
3719,4,1.0,1.0,4900000,15900000,10,668,10800000,8300000,14900000,2800000,0.0
3720,4,1.0,1.0,5900000,16500000,2,765,13000000,9400000,20000000,3500000,0.0
3721,5,0.0,1.0,500000,1500000,4,476,200000,200000,1100000,700000,0.0
3722,3,0.0,0.0,7000000,21700000,14,781,5400000,8500000,19300000,9600000,0.0
3723,1,1.0,0.0,3500000,12700000,4,350,5200000,6800000,12900000,1800000,0.0
3724,0,0.0,0.0,5200000,12200000,16,783,5000000,2000000,11400000,5100000,0.0
3725,3,0.0,1.0,6300000,19900000,12,770,1900000,2400000,15500000,3100000,0.0
3726,2,1.0,0.0,8400000,28300000,10,822,1800000,16000000,33000000,4400000,0.0
3727,1,1.0,1.0,7500000,22500000,14,469,12300000,9600000,16200000,4500000,1.0
3728,2,0.0,0.0,3300000,13000000,16,300,5500000,5900000,7400000,3100000,1.0
3729,2,1.0,0.0,8800000,22400000,14,692,21700000,5100000,18600000,10900000,0.0
3730,5,0.0,0.0,200000,700000,18,707,-100000,100000,500000,200000,0.0
3731,5,1.0,1.0,8000000,29100000,4,658,10600000,8600000,28800000,4600000,0.0
3732,3,0.0,0.0,1000000,4000000,6,625,700000,100000,2800000,500000,0.0
3733,1,0.0,0.0,9400000,26700000,10,343,7600000,2500000,28600000,13200000,1.0
3734,5,0.0,0.0,2100000,7300000,18,358,3700000,3200000,7200000,2200000,1.0
3735,4,0.0,1.0,5400000,11500000,20,705,14600000,3800000,13500000,6100000,0.0
3736,2,0.0,1.0,4700000,15100000,8,799,9700000,2500000,10700000,4700000,0.0
3737,3,0.0,0.0,8800000,33700000,12,397,17300000,16000000,22200000,8800000,1.0
3738,5,0.0,0.0,3200000,12200000,6,493,7700000,6200000,6700000,2100000,1.0
3739,0,0.0,1.0,7200000,21900000,4,446,17700000,10900000,24500000,7600000,0.0
3740,2,1.0,1.0,2500000,7200000,16,315,5500000,3300000,4900000,2800000,1.0
3741,5,1.0,1.0,6900000,15700000,14,887,13800000,5300000,25200000,4500000,0.0
3742,5,0.0,1.0,5700000,20500000,16,429,2800000,1900000,22400000,3900000,1.0
3743,4,0.0,1.0,5500000,15100000,18,673,10500000,8000000,13900000,7200000,0.0
3744,4,1.0,1.0,9200000,29100000,10,731,14500000,8300000,35800000,5000000,0.0
3745,5,0.0,1.0,5700000,11500000,2,732,15800000,3700000,15600000,5300000,0.0
3746,5,0.0,1.0,5000000,16400000,14,525,13000000,9100000,15300000,3300000,1.0
3747,4,1.0,0.0,2300000,5500000,6,343,-100000,4100000,4800000,3200000,1.0
3748,0,1.0,1.0,3000000,11000000,16,331,8000000,4500000,6600000,2400000,1.0
3749,0,1.0,0.0,7900000,26200000,18,845,14200000,14700000,27400000,6300000,0.0
3750,2,0.0,0.0,2000000,6200000,16,696,4100000,600000,5400000,1300000,0.0
3751,5,1.0,0.0,2700000,8700000,14,772,2200000,2800000,7600000,3700000,0.0
3752,3,0.0,1.0,6400000,15800000,18,628,6900000,2700000,24800000,5300000,0.0
3753,0,1.0,1.0,8200000,19100000,2,764,22900000,8900000,20500000,4000000,0.0
3754,1,0.0,0.0,2800000,6900000,14,553,400000,4900000,6800000,4200000,0.0
3755,1,1.0,0.0,8900000,20000000,2,653,12700000,600000,17800000,9900000,0.0
3756,1,1.0,0.0,5100000,20000000,4,506,7900000,8900000,20300000,6700000,0.0
3757,3,0.0,0.0,2800000,8500000,20,431,6200000,1700000,7800000,2200000,1.0
3758,2,1.0,1.0,6100000,12300000,18,697,14100000,9100000,12600000,3500000,0.0
3759,2,1.0,0.0,8400000,24500000,6,588,11000000,1300000,22900000,10400000,0.0
3760,1,1.0,0.0,1600000,5600000,6,846,600000,2800000,4600000,1200000,0.0
3761,5,0.0,0.0,4100000,11000000,14,379,6200000,1700000,8500000,5400000,1.0
3762,1,1.0,0.0,300000,700000,10,745,0,0,900000,100000,0.0
3763,3,0.0,0.0,9600000,34500000,20,523,26100000,2600000,24300000,5300000,1.0
3764,4,0.0,1.0,8300000,25400000,4,624,22900000,4000000,24800000,5400000,0.0
3765,1,0.0,0.0,4600000,16700000,16,407,13000000,6000000,9800000,2800000,1.0
3766,3,1.0,1.0,5600000,11600000,12,756,3300000,1800000,18400000,7800000,0.0
3767,3,0.0,1.0,4100000,8300000,16,351,6000000,100000,11100000,2200000,1.0
3768,3,1.0,0.0,3700000,13400000,18,373,2800000,100000,13200000,2500000,1.0
3769,4,1.0,1.0,800000,2400000,2,461,1300000,1300000,2300000,300000,0.0
3770,4,0.0,0.0,8100000,28100000,12,672,5600000,9200000,17200000,9500000,0.0
3771,2,0.0,1.0,2700000,9500000,10,434,2700000,1500000,8100000,1800000,1.0
3772,2,1.0,1.0,7000000,21400000,12,541,3700000,1300000,19800000,9600000,1.0
3773,3,1.0,1.0,8100000,29300000,2,413,8100000,15100000,25500000,6400000,0.0
3774,1,0.0,0.0,3200000,7600000,4,592,3000000,1400000,8100000,4700000,0.0
3775,4,1.0,1.0,400000,1400000,10,665,300000,300000,1500000,200000,0.0
3776,1,0.0,0.0,7800000,23900000,4,313,2600000,15300000,23000000,10900000,0.0
3777,0,1.0,0.0,5800000,19600000,14,673,8900000,10700000,18000000,7200000,0.0
3778,0,1.0,1.0,2600000,6000000,8,382,1700000,2200000,8200000,1600000,1.0
3779,5,1.0,0.0,5400000,21100000,12,661,15800000,10400000,20100000,5400000,0.0
3780,3,0.0,1.0,600000,1700000,4,576,400000,100000,2100000,500000,0.0
3781,1,0.0,0.0,600000,1200000,14,443,700000,1000000,2200000,800000,1.0
3782,5,0.0,1.0,9500000,21700000,16,307,27500000,2700000,28500000,9700000,1.0
3783,4,0.0,1.0,1900000,4800000,12,656,1500000,1600000,5400000,1700000,0.0
3784,1,0.0,1.0,9800000,21200000,4,885,18000000,16400000,37300000,10800000,0.0
3785,3,0.0,0.0,7800000,16600000,20,896,12400000,10800000,30500000,5500000,0.0
3786,5,1.0,0.0,4900000,14100000,2,802,3300000,7500000,16100000,2700000,0.0
3787,3,0.0,1.0,8300000,22700000,2,650,3600000,16000000,18000000,5800000,0.0
3788,4,1.0,1.0,3900000,8900000,10,665,9300000,4000000,9200000,5300000,0.0
3789,2,0.0,0.0,9000000,35700000,12,339,15200000,8400000,19500000,9000000,1.0
3790,1,1.0,0.0,9600000,32400000,20,447,15400000,18400000,19800000,4700000,1.0
3791,5,1.0,1.0,1000000,2400000,18,613,1600000,1300000,2600000,600000,0.0
3792,5,0.0,0.0,2800000,7200000,16,424,900000,5000000,6100000,3200000,1.0
3793,2,1.0,0.0,8300000,20800000,6,667,19300000,4100000,25400000,6800000,0.0
3794,4,1.0,1.0,6900000,18300000,18,715,8200000,600000,15000000,7500000,0.0
3795,5,1.0,1.0,3800000,9100000,18,654,9000000,4000000,10200000,3000000,0.0
3796,2,1.0,0.0,8000000,17800000,20,549,2400000,9700000,27400000,10800000,1.0
3797,4,0.0,1.0,9800000,29700000,4,373,11100000,5500000,37800000,10000000,0.0
3798,0,0.0,1.0,2900000,7200000,16,332,3600000,5700000,7600000,3600000,1.0
3799,4,0.0,0.0,7900000,31500000,20,534,12400000,8500000,21600000,6400000,1.0
3800,3,1.0,0.0,4600000,17900000,8,396,10700000,4000000,12300000,2600000,1.0
3801,2,0.0,0.0,1000000,3700000,18,892,2200000,800000,3000000,500000,0.0
3802,5,0.0,0.0,9000000,21300000,14,602,3400000,7700000,35400000,11000000,0.0
3803,0,0.0,1.0,9400000,36100000,10,615,21200000,3800000,27400000,9100000,0.0
3804,5,0.0,1.0,7400000,23300000,20,482,15700000,3600000,29100000,6800000,1.0
3805,0,0.0,0.0,6600000,20100000,16,397,19200000,7000000,17200000,8400000,1.0
3806,0,1.0,0.0,1300000,3400000,10,464,1200000,200000,3500000,1400000,1.0
3807,0,0.0,1.0,1100000,3400000,14,832,3200000,200000,4400000,1600000,0.0
3808,5,0.0,0.0,9200000,34800000,12,802,22000000,11000000,19800000,12500000,0.0
3809,2,0.0,0.0,7000000,23900000,18,628,13400000,6600000,25200000,7200000,0.0
3810,4,0.0,0.0,5100000,18800000,10,694,6400000,5300000,13500000,4100000,0.0
3811,1,1.0,1.0,3200000,9300000,20,741,3800000,3500000,6900000,2300000,0.0
3812,1,1.0,1.0,3700000,10900000,14,748,3700000,2800000,13200000,4100000,0.0
3813,5,0.0,0.0,3600000,12800000,4,320,2500000,2900000,12600000,2900000,0.0
3814,1,0.0,0.0,5600000,11700000,10,774,11000000,4300000,13100000,6500000,0.0
3815,0,1.0,1.0,9500000,32000000,2,500,8300000,9700000,24500000,5600000,0.0
3816,4,1.0,0.0,1500000,4000000,18,706,0,2700000,4400000,1700000,0.0
3817,4,1.0,0.0,7400000,18300000,10,601,16400000,12600000,28800000,6100000,0.0
3818,2,0.0,0.0,6000000,17400000,16,806,1800000,2100000,20200000,3500000,0.0
3819,0,0.0,1.0,3000000,9600000,6,644,3900000,700000,10500000,3000000,0.0
3820,4,0.0,1.0,6000000,12900000,14,723,700000,1600000,13600000,4100000,0.0
3821,5,0.0,1.0,600000,1500000,12,509,1600000,100000,1900000,800000,1.0
3822,0,0.0,0.0,1800000,6600000,4,898,2400000,100000,4600000,1400000,0.0
3823,2,0.0,1.0,5500000,12000000,2,567,7200000,4700000,11500000,7000000,0.0
3824,1,0.0,0.0,1000000,2100000,6,715,2200000,1000000,2200000,1100000,0.0
3825,2,1.0,1.0,1700000,3500000,10,854,5000000,2400000,3400000,1700000,0.0
3826,1,0.0,1.0,3400000,12300000,8,523,6100000,4700000,8300000,2600000,1.0
3827,1,0.0,1.0,9600000,35900000,8,534,24500000,17700000,31900000,5400000,1.0
3828,0,1.0,1.0,2600000,7600000,18,470,700000,700000,5500000,2900000,1.0
3829,1,0.0,0.0,1600000,3500000,18,619,3200000,100000,6300000,1500000,0.0
3830,0,0.0,1.0,4300000,12800000,20,572,8600000,2200000,11000000,6100000,0.0
3831,3,0.0,0.0,1400000,3500000,16,365,2600000,2200000,2900000,1600000,1.0
3832,0,1.0,0.0,8000000,18000000,16,791,13900000,10300000,23400000,10600000,0.0
3833,4,1.0,1.0,5000000,18100000,12,424,5200000,2000000,14500000,6100000,1.0
3834,5,0.0,0.0,4500000,10200000,12,726,2900000,8600000,17500000,4200000,0.0
3835,1,0.0,0.0,3400000,9900000,2,736,3900000,4800000,10600000,4500000,0.0
3836,5,0.0,1.0,5700000,12800000,14,488,13600000,1000000,13200000,5500000,1.0
3837,2,1.0,1.0,2600000,7600000,10,400,6800000,2800000,10100000,3200000,1.0
3838,0,0.0,1.0,4500000,12200000,20,311,11200000,5000000,12700000,2400000,1.0
3839,2,1.0,1.0,5100000,16800000,2,504,6400000,2700000,17100000,4400000,0.0
3840,4,1.0,1.0,5100000,18600000,20,312,9600000,6000000,16500000,5500000,1.0
3841,5,0.0,1.0,1700000,6500000,14,587,1100000,1000000,6400000,1500000,0.0
3842,1,1.0,0.0,5200000,10500000,20,317,3000000,8000000,19300000,5300000,1.0
3843,4,1.0,0.0,8400000,29000000,2,463,12700000,1100000,20100000,6700000,0.0
3844,1,1.0,1.0,9000000,34000000,16,842,6300000,16900000,22900000,5800000,0.0
3845,4,0.0,1.0,3400000,11800000,20,616,5000000,3300000,9900000,2900000,0.0
3846,1,1.0,0.0,5400000,19400000,8,800,800000,6100000,19500000,3000000,0.0
3847,0,0.0,1.0,700000,2100000,12,813,200000,1300000,2200000,500000,0.0
3848,2,0.0,0.0,7600000,24800000,12,564,14000000,6200000,24700000,6700000,0.0
3849,2,1.0,0.0,5000000,14700000,12,837,2200000,7200000,11700000,4800000,0.0
3850,5,1.0,1.0,2500000,9400000,16,735,0,2200000,9500000,1700000,0.0
3851,4,1.0,1.0,2000000,5200000,16,724,5200000,3800000,4600000,2800000,0.0
3852,5,1.0,0.0,9000000,23900000,12,658,5700000,4600000,32100000,6100000,0.0
3853,5,0.0,0.0,8300000,31800000,16,858,24600000,11100000,26300000,8500000,0.0
3854,0,1.0,1.0,3100000,8500000,8,614,1700000,4600000,11000000,3300000,0.0
3855,2,0.0,1.0,8500000,25600000,16,714,11400000,14800000,17200000,5700000,0.0
3856,2,0.0,1.0,1200000,4600000,20,605,3600000,1500000,4600000,600000,0.0
3857,4,0.0,1.0,2800000,5500000,8,875,6900000,4000000,6000000,3300000,0.0
3858,5,0.0,1.0,2800000,10900000,6,359,5000000,3300000,7600000,3000000,1.0
3859,5,0.0,1.0,6500000,24100000,6,441,14100000,9600000,15300000,5200000,1.0
3860,4,0.0,0.0,8700000,25200000,18,790,25000000,9100000,18400000,8400000,0.0
3861,1,1.0,1.0,5400000,13600000,4,821,11600000,8700000,19900000,5600000,0.0
3862,2,1.0,0.0,8600000,33300000,16,375,19600000,11200000,25500000,11200000,1.0
3863,3,0.0,0.0,4700000,9600000,10,545,5200000,7200000,12000000,5300000,1.0
3864,5,1.0,1.0,1100000,3900000,4,891,1100000,200000,3400000,900000,0.0
3865,0,0.0,0.0,6400000,14000000,8,486,5100000,12700000,23900000,3700000,1.0
3866,0,0.0,0.0,4300000,9900000,4,696,12400000,2100000,17000000,2100000,0.0
3867,5,1.0,1.0,2900000,11100000,4,683,1700000,3900000,9400000,3300000,0.0
3868,5,1.0,0.0,9600000,27100000,8,594,25500000,4600000,26800000,13300000,0.0
3869,3,1.0,1.0,900000,2500000,20,529,900000,300000,3200000,700000,1.0
3870,5,1.0,0.0,8100000,26300000,4,429,3600000,8500000,22200000,6900000,0.0
3871,0,1.0,1.0,8800000,25000000,4,400,11300000,4000000,23600000,9400000,1.0
3872,0,0.0,0.0,8800000,17500000,4,848,25400000,8200000,31600000,5100000,0.0
3873,1,1.0,0.0,6400000,21500000,6,489,1600000,4600000,17600000,8900000,1.0
3874,2,0.0,0.0,2900000,6600000,10,326,8600000,2200000,7400000,3400000,1.0
3875,5,0.0,0.0,1600000,6100000,8,663,3900000,800000,6400000,1200000,0.0
3876,1,1.0,0.0,1600000,5100000,18,729,2500000,2000000,6200000,900000,0.0
3877,2,0.0,1.0,3100000,10700000,4,398,3100000,3000000,7400000,2000000,0.0
3878,2,1.0,1.0,5600000,16700000,14,856,400000,10200000,14700000,5200000,0.0
3879,3,0.0,1.0,8100000,19900000,20,347,22800000,14400000,29800000,5500000,1.0
3880,3,1.0,0.0,9100000,19300000,12,696,26200000,7700000,30100000,13300000,0.0
3881,0,0.0,1.0,5500000,17100000,8,353,400000,200000,17100000,5200000,1.0
3882,1,0.0,1.0,9700000,34300000,20,756,15700000,18500000,26800000,14100000,0.0
3883,4,0.0,0.0,2300000,5400000,16,490,6200000,3700000,5500000,2100000,1.0
3884,1,1.0,1.0,5600000,18000000,10,531,6500000,9000000,19800000,8400000,1.0
3885,2,1.0,1.0,4500000,16600000,4,679,10300000,3100000,11700000,5000000,0.0
3886,1,0.0,1.0,500000,1800000,8,877,100000,200000,1100000,600000,0.0
3887,0,0.0,0.0,4200000,11000000,20,817,6700000,2400000,11700000,6100000,0.0
3888,1,1.0,0.0,9100000,23300000,18,792,800000,12600000,32100000,12400000,0.0
3889,4,0.0,1.0,3200000,12800000,18,664,6300000,3400000,7600000,2100000,0.0
3890,4,0.0,1.0,6200000,21300000,16,882,11800000,3500000,12900000,4100000,0.0
3891,3,1.0,1.0,2500000,7700000,10,768,4500000,400000,8000000,2600000,0.0
3892,0,0.0,0.0,9100000,27100000,12,787,24300000,2900000,34800000,9500000,0.0
3893,3,0.0,1.0,500000,900000,12,538,0,700000,1500000,300000,1.0
3894,4,1.0,0.0,6900000,18000000,8,347,16400000,9300000,18300000,8700000,1.0
3895,0,0.0,1.0,1800000,5200000,16,317,4900000,1500000,4000000,1300000,1.0
3896,0,0.0,1.0,4000000,14500000,2,713,6200000,4900000,12200000,4700000,0.0
3897,1,1.0,0.0,3900000,12300000,10,683,1000000,700000,11700000,2400000,0.0
3898,2,1.0,1.0,8000000,28100000,18,765,24000000,10500000,17700000,8200000,0.0
3899,5,0.0,0.0,900000,3200000,10,803,1600000,1700000,2300000,800000,0.0
3900,0,0.0,1.0,8200000,29700000,6,405,3900000,800000,23900000,5700000,1.0
3901,5,0.0,0.0,2300000,4900000,4,529,6200000,3900000,9200000,2000000,1.0
3902,5,0.0,1.0,6900000,19400000,6,801,10100000,9400000,17000000,5500000,0.0
3903,3,1.0,0.0,8800000,30700000,12,707,15000000,100000,32800000,8000000,0.0
3904,1,0.0,0.0,2600000,7200000,8,349,5900000,1400000,9400000,3000000,1.0
3905,1,0.0,0.0,3700000,8700000,20,885,6200000,3500000,10900000,2600000,0.0
3906,2,0.0,1.0,6200000,23800000,4,489,2900000,7500000,21300000,3300000,0.0
3907,3,0.0,1.0,1000000,2600000,6,341,2900000,1700000,3600000,1100000,1.0
3908,1,1.0,0.0,6000000,20000000,12,637,10800000,4300000,20000000,8600000,0.0
3909,1,1.0,1.0,9100000,31400000,4,304,14100000,16700000,30200000,9600000,0.0
3910,1,0.0,0.0,1700000,6700000,16,537,4300000,2900000,3500000,1100000,1.0
3911,5,1.0,1.0,1700000,4600000,12,503,900000,2200000,4800000,1200000,1.0
3912,1,0.0,0.0,7100000,14300000,12,720,4600000,500000,27300000,8400000,0.0
3913,5,0.0,0.0,9400000,36800000,10,509,20700000,7400000,22400000,6300000,1.0
3914,5,1.0,0.0,6200000,16400000,6,360,900000,7200000,22400000,6300000,1.0
3915,1,0.0,0.0,8300000,31800000,16,818,23400000,7400000,32200000,8500000,0.0
3916,1,0.0,1.0,8900000,21200000,8,716,5400000,9200000,23800000,7900000,0.0
3917,1,0.0,1.0,6500000,14800000,12,360,3500000,2100000,15000000,7300000,1.0
3918,3,0.0,1.0,8100000,26700000,10,895,5100000,9800000,17100000,9900000,0.0
3919,2,1.0,0.0,4900000,13500000,8,328,10500000,8100000,18300000,3400000,1.0
3920,4,0.0,0.0,9100000,26600000,2,812,23300000,11900000,33100000,10400000,0.0
3921,3,0.0,1.0,9000000,33100000,16,456,23800000,7000000,26000000,7100000,1.0
3922,4,0.0,1.0,1300000,3900000,16,566,700000,200000,3400000,1600000,0.0
3923,1,1.0,0.0,6700000,25000000,20,598,5300000,12900000,13600000,7000000,0.0
3924,5,1.0,0.0,3200000,9300000,6,656,7000000,3200000,12700000,4200000,0.0
3925,0,1.0,0.0,7500000,28700000,2,895,2000000,4100000,21500000,7200000,0.0
3926,3,0.0,0.0,4900000,12800000,14,653,7300000,1000000,13000000,7200000,0.0
3927,1,1.0,1.0,700000,1800000,16,641,2100000,400000,1600000,900000,0.0
3928,2,0.0,0.0,6400000,16500000,8,544,12100000,6300000,15200000,5400000,1.0
3929,0,1.0,1.0,3900000,14100000,20,811,5700000,3600000,10500000,5300000,0.0
3930,4,0.0,0.0,9700000,26900000,10,460,11400000,3900000,31400000,9300000,1.0
3931,5,0.0,1.0,3600000,12500000,12,795,10600000,2700000,11100000,4800000,0.0
3932,2,0.0,1.0,3400000,10300000,4,745,4900000,4000000,10000000,3900000,0.0
3933,0,1.0,0.0,9800000,20100000,16,606,6200000,800000,37300000,8700000,0.0
3934,1,1.0,0.0,5100000,14200000,6,451,6100000,7600000,11400000,5600000,1.0
3935,4,0.0,1.0,5900000,11800000,8,479,11000000,1200000,15700000,3900000,1.0
3936,5,0.0,0.0,1200000,2400000,14,495,1800000,1800000,4100000,1300000,1.0
3937,2,1.0,0.0,9700000,30200000,14,769,23700000,13600000,26400000,7500000,0.0
3938,5,1.0,1.0,4700000,11800000,4,639,3600000,700000,9400000,5500000,0.0
3939,5,0.0,0.0,4200000,12500000,18,723,1200000,300000,12900000,6100000,0.0
3940,4,0.0,0.0,9300000,26100000,16,623,11700000,10500000,21100000,10700000,0.0
3941,3,1.0,1.0,5300000,20800000,6,487,9700000,3400000,18500000,4200000,1.0
3942,0,0.0,0.0,7600000,30100000,2,743,20700000,8700000,27600000,9600000,0.0
3943,2,0.0,0.0,6200000,16900000,12,754,2300000,4200000,15300000,7900000,0.0
3944,0,0.0,0.0,8900000,21600000,10,552,2300000,9900000,20700000,11900000,0.0
3945,4,1.0,1.0,7900000,27300000,10,560,23100000,14400000,28500000,10900000,0.0
3946,1,0.0,1.0,3500000,10800000,14,632,6900000,1500000,10900000,4200000,0.0
3947,2,0.0,0.0,5300000,16700000,18,339,4600000,3300000,12000000,4100000,1.0
3948,2,1.0,0.0,1400000,3100000,4,881,3700000,400000,5000000,1100000,0.0
3949,1,1.0,1.0,9100000,23600000,20,535,2800000,17600000,26400000,4500000,1.0
3950,4,1.0,0.0,4400000,17200000,4,563,4100000,3700000,12700000,2900000,0.0
3951,5,1.0,0.0,2800000,8200000,14,615,7400000,3300000,6700000,2700000,0.0
3952,3,1.0,0.0,1300000,3300000,8,795,1400000,800000,4600000,1600000,0.0
3953,4,0.0,0.0,8400000,28700000,14,878,23400000,8300000,23900000,8600000,0.0
3954,5,0.0,1.0,5300000,14000000,6,633,11800000,4500000,12800000,6100000,0.0
3955,2,0.0,0.0,6000000,13900000,4,533,3000000,9600000,14600000,4100000,1.0
3956,2,1.0,1.0,2100000,6800000,12,795,6100000,1900000,7200000,2400000,0.0
3957,0,1.0,0.0,4300000,11000000,4,374,7100000,7300000,9300000,4700000,1.0
3958,4,1.0,1.0,7300000,22900000,12,848,6300000,2900000,28500000,4100000,0.0
3959,2,0.0,0.0,5200000,16200000,12,890,10500000,9600000,15800000,3900000,0.0
3960,3,0.0,0.0,4700000,9800000,14,444,8200000,300000,15700000,3800000,1.0
3961,4,0.0,0.0,7800000,28500000,4,803,15500000,11300000,21100000,9800000,0.0
3962,3,0.0,1.0,500000,1900000,18,618,-100000,600000,1000000,400000,0.0
3963,1,1.0,1.0,6000000,20300000,14,845,5000000,7800000,23700000,8700000,0.0
3964,4,0.0,0.0,4800000,10800000,12,833,3000000,4000000,16400000,7100000,0.0
3965,3,0.0,1.0,8900000,19300000,12,767,12000000,2200000,24700000,7700000,0.0
3966,1,0.0,1.0,1800000,4000000,16,747,700000,200000,4600000,900000,0.0
3967,2,0.0,0.0,3000000,7000000,4,588,5300000,3400000,11900000,3400000,0.0
3968,4,1.0,0.0,7700000,24500000,20,582,9800000,6600000,29100000,6500000,0.0
3969,1,1.0,0.0,8300000,20400000,14,348,5600000,12500000,29100000,4700000,1.0
3970,4,1.0,0.0,4200000,9400000,4,726,10000000,8100000,16100000,5500000,0.0
3971,4,0.0,1.0,8000000,31200000,6,482,19800000,11500000,22200000,5700000,1.0
3972,2,0.0,1.0,9400000,30000000,16,565,1200000,3900000,28200000,9000000,0.0
3973,1,0.0,0.0,800000,2400000,16,872,2400000,1200000,1900000,900000,0.0
3974,0,0.0,1.0,500000,1300000,4,825,600000,0,1800000,200000,0.0
3975,2,0.0,1.0,6100000,22300000,8,694,16200000,10900000,22900000,7200000,0.0
3976,3,0.0,1.0,8500000,30800000,20,448,23000000,1400000,22900000,7900000,1.0
3977,5,0.0,1.0,7600000,18000000,12,452,7900000,4300000,23800000,4700000,1.0
3978,3,1.0,0.0,8700000,17900000,12,897,16400000,3500000,31600000,12500000,0.0
3979,4,1.0,0.0,9400000,20200000,10,803,24800000,1000000,34400000,4800000,0.0
3980,1,1.0,1.0,400000,900000,8,828,600000,500000,1500000,300000,0.0
3981,0,0.0,0.0,2700000,7500000,6,832,7700000,1200000,10000000,2500000,0.0
3982,1,1.0,1.0,2300000,5500000,6,861,1600000,1200000,4700000,1700000,0.0
3983,0,0.0,0.0,7500000,15900000,2,535,17500000,5700000,23600000,4500000,1.0
3984,4,1.0,1.0,7100000,19400000,16,363,17900000,2600000,22600000,4000000,1.0
3985,1,1.0,1.0,8800000,28600000,8,631,11000000,13200000,25000000,7700000,0.0
3986,2,1.0,0.0,8400000,20700000,6,513,500000,16400000,18800000,7900000,1.0
3987,0,0.0,1.0,4700000,16200000,16,317,12700000,400000,9400000,2500000,1.0
3988,1,0.0,0.0,6900000,19500000,2,809,6100000,10600000,22900000,9300000,0.0
3989,3,1.0,0.0,2400000,8200000,10,531,6800000,1900000,5700000,2000000,1.0
3990,1,1.0,1.0,1600000,4800000,14,544,2200000,200000,6200000,1200000,1.0
3991,0,0.0,0.0,3500000,7800000,14,366,6400000,3000000,13700000,4900000,1.0
3992,0,1.0,0.0,3700000,12700000,14,797,1300000,1100000,12300000,3700000,0.0
3993,1,1.0,0.0,3200000,12000000,16,597,6800000,1900000,7700000,2200000,0.0
3994,2,1.0,1.0,7000000,22500000,12,632,12500000,4600000,20400000,4900000,0.0
3995,5,1.0,0.0,9300000,28300000,12,741,7600000,12900000,32400000,5200000,0.0
3996,0,1.0,0.0,200000,800000,20,331,300000,0,500000,100000,1.0
3997,4,0.0,0.0,6900000,16500000,8,426,3900000,5200000,18300000,9000000,1.0
3998,3,1.0,0.0,9000000,26500000,8,533,17100000,12400000,27800000,6000000,1.0
3999,1,1.0,0.0,6900000,22700000,16,394,3800000,4300000,27400000,8700000,1.0
4000,0,0.0,0.0,7500000,25100000,14,877,21000000,11400000,16900000,10700000,0.0
4001,5,1.0,0.0,9200000,28000000,8,527,18700000,7700000,24400000,6400000,1.0
4002,1,0.0,0.0,4600000,12700000,8,468,10400000,0,14500000,3900000,1.0
4003,4,0.0,1.0,5000000,19600000,18,611,13400000,4400000,14400000,4600000,0.0
4004,2,0.0,0.0,4500000,17200000,6,832,2700000,8500000,10900000,6700000,0.0
4005,0,0.0,0.0,7900000,22700000,18,508,6600000,7000000,31600000,8900000,1.0
4006,5,1.0,0.0,5100000,13500000,20,840,1400000,5300000,14700000,4500000,0.0
4007,4,0.0,0.0,3700000,7600000,14,794,9500000,7300000,12100000,4500000,0.0
4008,1,1.0,0.0,5300000,17800000,12,889,15300000,500000,14900000,6800000,0.0
4009,4,1.0,0.0,200000,500000,16,765,600000,100000,600000,100000,0.0
4010,3,0.0,1.0,9000000,18600000,16,518,18400000,17600000,28900000,10300000,1.0
4011,3,1.0,0.0,6900000,17100000,4,694,4200000,6100000,27000000,6000000,0.0
4012,2,1.0,0.0,700000,2300000,8,663,700000,500000,2800000,1000000,0.0
4013,0,0.0,0.0,2500000,8900000,2,662,4000000,2100000,9700000,3000000,0.0
4014,0,1.0,0.0,4600000,14400000,14,642,10100000,8700000,11100000,4800000,0.0
4015,4,0.0,0.0,1000000,3900000,10,701,2200000,1000000,4000000,900000,0.0
4016,4,1.0,1.0,9200000,30100000,6,632,23700000,6600000,34200000,6200000,0.0
4017,3,0.0,1.0,2200000,4400000,2,861,1300000,2600000,4500000,2300000,0.0
4018,4,0.0,1.0,9700000,33300000,12,784,14600000,15800000,37900000,6500000,0.0
4019,0,0.0,1.0,5500000,18200000,4,332,8100000,4000000,16400000,5600000,0.0
4020,4,1.0,1.0,1300000,3400000,2,763,3800000,200000,5100000,1400000,0.0
4021,1,1.0,1.0,7900000,19100000,2,593,20800000,12200000,26100000,7800000,0.0
4022,2,1.0,0.0,4300000,8800000,6,512,7200000,6500000,16900000,2700000,1.0
4023,0,1.0,0.0,3800000,13300000,6,655,9600000,0,8600000,2600000,0.0
4024,3,1.0,0.0,8700000,24700000,8,369,4000000,800000,31100000,4800000,1.0
4025,3,0.0,0.0,1300000,3100000,14,348,1500000,600000,3900000,600000,1.0
4026,1,1.0,1.0,6800000,16800000,10,736,2000000,2600000,23800000,5600000,0.0
4027,1,1.0,0.0,9100000,24000000,20,353,25100000,9200000,26100000,10900000,1.0
4028,0,0.0,0.0,3000000,11300000,16,478,5600000,2000000,9800000,2000000,1.0
4029,0,1.0,1.0,1200000,3000000,4,827,3200000,600000,2300000,1500000,0.0
4030,1,1.0,1.0,5000000,16900000,12,517,2200000,1500000,15500000,5400000,1.0
4031,5,0.0,1.0,9700000,24700000,18,648,15100000,600000,25200000,6800000,0.0
4032,2,1.0,1.0,7000000,23800000,10,689,8400000,5400000,15700000,7800000,0.0
4033,1,0.0,0.0,4100000,9100000,20,550,9900000,5200000,10800000,4800000,0.0
4034,0,0.0,1.0,5300000,12900000,20,826,15500000,6800000,12000000,5200000,0.0
4035,1,1.0,0.0,7300000,19200000,14,599,18400000,5400000,15900000,3700000,0.0
4036,1,0.0,0.0,6500000,18500000,16,815,6300000,10000000,13400000,4000000,0.0
4037,4,0.0,1.0,600000,1400000,4,761,800000,500000,2100000,300000,0.0
4038,3,1.0,1.0,5200000,15000000,20,432,6900000,5000000,15600000,5100000,1.0
4039,4,1.0,1.0,2800000,9200000,18,442,5800000,4800000,8400000,1300000,1.0
4040,1,0.0,1.0,7800000,23300000,6,620,3500000,2100000,22200000,7600000,0.0
4041,2,0.0,0.0,3000000,6500000,4,476,7900000,300000,9400000,1500000,1.0
4042,4,0.0,0.0,9300000,34900000,6,837,27400000,800000,21400000,8500000,0.0
4043,3,1.0,1.0,5100000,18000000,6,510,13400000,6600000,17200000,7600000,1.0
4044,4,1.0,1.0,4300000,16100000,18,849,3800000,6600000,17100000,6400000,0.0
4045,3,0.0,0.0,1100000,2100000,8,737,2900000,2000000,2500000,900000,0.0
4046,2,0.0,0.0,6500000,16200000,10,809,14000000,4700000,13200000,8600000,0.0
4047,3,1.0,0.0,6400000,23000000,8,520,12100000,11400000,16000000,3800000,1.0
4048,2,1.0,0.0,7400000,22500000,16,834,6400000,12600000,15700000,6000000,0.0
4049,4,0.0,0.0,8700000,32100000,8,397,8900000,17000000,34700000,4800000,1.0
4050,0,1.0,0.0,9200000,24700000,14,438,4800000,16000000,20600000,10700000,1.0
4051,1,0.0,1.0,6200000,19700000,18,820,11200000,3400000,15600000,4700000,0.0
4052,1,1.0,0.0,1200000,4600000,20,323,2000000,1700000,2600000,1400000,1.0
4053,1,1.0,1.0,7000000,20300000,14,837,7700000,2200000,19700000,5500000,0.0
4054,5,0.0,1.0,3800000,10100000,2,571,7400000,6600000,12600000,3300000,0.0
4055,0,0.0,0.0,4900000,16300000,14,479,1600000,6400000,18600000,2700000,1.0
4056,2,0.0,1.0,7800000,22100000,6,533,11900000,2500000,19300000,10800000,1.0
4057,1,1.0,1.0,7400000,17200000,8,899,16500000,8700000,16700000,4900000,0.0
4058,1,1.0,0.0,7000000,26600000,16,460,20500000,3300000,27700000,4600000,1.0
4059,1,1.0,0.0,4900000,12500000,2,636,14200000,6400000,13900000,5000000,0.0
4060,3,1.0,0.0,5800000,20600000,20,434,8400000,2700000,22600000,7000000,1.0
4061,5,1.0,0.0,2000000,6900000,18,516,4600000,3400000,6500000,1600000,1.0
4062,4,0.0,0.0,8300000,24600000,2,382,1400000,1200000,16700000,6600000,1.0
4063,0,0.0,1.0,1000000,2800000,12,616,700000,700000,3900000,700000,0.0
4064,3,0.0,0.0,5500000,11600000,6,745,9400000,8000000,12800000,5400000,0.0
4065,5,0.0,0.0,1400000,3400000,6,697,2000000,500000,4600000,1600000,0.0
4066,4,0.0,0.0,3700000,12300000,6,364,5900000,4200000,13700000,4400000,1.0
4067,2,1.0,1.0,2100000,6900000,2,566,700000,1500000,8100000,1000000,0.0
4068,4,1.0,0.0,6200000,21900000,12,462,9400000,2000000,16600000,8300000,1.0
4069,0,1.0,0.0,9300000,31900000,2,331,7100000,11200000,23700000,8000000,0.0
4070,3,1.0,1.0,5100000,10300000,12,839,13400000,5400000,10700000,7500000,0.0
4071,0,0.0,1.0,7000000,14000000,4,702,9000000,3100000,21400000,7600000,0.0
4072,3,0.0,1.0,5300000,17900000,2,580,10200000,6400000,11600000,3600000,0.0
4073,3,0.0,0.0,900000,2800000,10,560,2700000,300000,1900000,1300000,0.0
4074,4,1.0,1.0,9400000,25700000,14,845,27300000,4100000,26500000,12200000,0.0
4075,4,1.0,1.0,2600000,8500000,4,392,5500000,100000,8800000,2900000,0.0
4076,2,0.0,0.0,1500000,4900000,16,387,-100000,2400000,3700000,1300000,1.0
4077,1,0.0,1.0,1800000,6300000,12,749,4200000,200000,3800000,2700000,0.0
4078,3,0.0,1.0,7800000,20000000,14,727,4600000,7200000,17300000,8600000,0.0
4079,3,0.0,1.0,2100000,7400000,14,656,5600000,400000,5200000,2800000,0.0
4080,0,1.0,1.0,8300000,17500000,20,643,24800000,8900000,18800000,5100000,0.0
4081,2,1.0,1.0,4400000,16800000,4,307,12800000,7200000,9700000,5800000,0.0
4082,2,1.0,0.0,2300000,5000000,16,588,2000000,3500000,7000000,1500000,0.0
4083,3,0.0,1.0,7700000,22300000,20,895,22200000,13300000,23900000,9100000,0.0
4084,0,1.0,1.0,9300000,29400000,10,351,24200000,6800000,35800000,6100000,1.0
4085,5,1.0,0.0,5900000,16400000,12,891,10200000,10400000,19600000,4700000,0.0
4086,5,1.0,1.0,1900000,4900000,4,442,3200000,2100000,5800000,900000,1.0
4087,0,1.0,0.0,6900000,19500000,20,686,2300000,8700000,16400000,6200000,0.0
4088,4,0.0,1.0,2100000,8200000,20,432,6000000,900000,5600000,1000000,1.0
4089,0,1.0,0.0,8200000,20900000,14,766,4400000,12300000,18400000,12100000,0.0
4090,4,1.0,0.0,7700000,17200000,6,561,6000000,5000000,15400000,6800000,0.0
4091,5,1.0,0.0,7700000,19000000,2,539,4000000,14500000,29300000,4100000,1.0
4092,1,0.0,0.0,700000,1400000,6,759,1000000,500000,2600000,700000,0.0
4093,5,0.0,0.0,7100000,18200000,8,750,21000000,7900000,20800000,5300000,0.0
4094,2,0.0,0.0,3900000,13600000,10,373,11600000,1000000,8400000,3600000,1.0
4095,1,1.0,1.0,5200000,20500000,10,407,1100000,3400000,18200000,3800000,1.0
4096,4,1.0,0.0,5500000,20200000,14,611,13700000,5700000,15100000,7200000,0.0
4097,3,0.0,0.0,2600000,6300000,10,783,6500000,2400000,6500000,2600000,0.0
4098,0,1.0,1.0,7300000,24000000,18,651,16600000,100000,19600000,4500000,0.0
4099,3,0.0,0.0,8700000,31100000,16,760,400000,1800000,19300000,4800000,1.0
4100,3,0.0,0.0,9000000,22700000,16,793,11700000,10800000,35000000,7000000,0.0
4101,4,0.0,0.0,400000,800000,16,685,500000,300000,1300000,600000,0.0
4102,2,1.0,1.0,3300000,10700000,8,806,5700000,600000,11500000,4900000,0.0
4103,1,1.0,0.0,6300000,17800000,12,770,6000000,3000000,17000000,3200000,0.0
4104,0,1.0,0.0,7000000,23600000,14,663,13800000,9100000,21300000,7200000,0.0
4105,2,0.0,1.0,2100000,8100000,4,592,2000000,2500000,7900000,2700000,0.0
4106,3,1.0,0.0,7600000,26300000,18,580,19100000,14600000,25500000,5100000,0.0
4107,1,0.0,0.0,8200000,17500000,4,609,4500000,5600000,24100000,7700000,0.0
4108,3,1.0,1.0,9200000,23200000,8,380,13100000,15500000,18900000,6100000,1.0
4109,3,0.0,0.0,3800000,12100000,20,364,4100000,5100000,11600000,3000000,1.0
4110,1,0.0,0.0,3200000,8900000,12,866,5100000,700000,9900000,2400000,0.0
4111,4,1.0,0.0,9700000,31700000,10,342,700000,100000,36700000,12000000,1.0
4112,5,0.0,0.0,4700000,14400000,16,884,9900000,4400000,9300000,3800000,0.0
4113,4,0.0,1.0,3800000,12500000,18,859,3900000,4600000,8200000,2700000,0.0
4114,4,0.0,0.0,400000,1000000,20,692,500000,400000,1600000,200000,0.0
4115,4,1.0,1.0,3200000,6800000,16,675,8000000,1900000,6800000,4000000,0.0
4116,5,0.0,1.0,3900000,12700000,8,886,3500000,5800000,14900000,5400000,0.0
4117,1,0.0,1.0,3500000,13100000,10,477,3200000,6200000,7500000,3100000,1.0
4118,2,0.0,0.0,2200000,8300000,6,596,4700000,3000000,8500000,1800000,0.0
4119,4,1.0,0.0,6400000,19700000,20,400,2300000,6100000,20100000,6200000,1.0
4120,3,0.0,0.0,9100000,19900000,2,711,2200000,17900000,24300000,13000000,0.0
4121,0,1.0,1.0,3300000,8900000,2,418,4200000,6000000,9300000,3700000,1.0
4122,3,0.0,0.0,7800000,21800000,8,517,7700000,5100000,19500000,9100000,1.0
4123,0,1.0,1.0,6200000,16200000,6,508,5600000,5700000,21500000,3600000,1.0
4124,3,1.0,1.0,7000000,26100000,18,689,17200000,5700000,20500000,5900000,0.0
4125,0,0.0,0.0,9200000,28200000,12,455,19200000,6400000,34700000,5900000,1.0
4126,5,1.0,1.0,7500000,20800000,6,617,100000,14200000,19300000,8200000,0.0
4127,2,0.0,0.0,5300000,13200000,10,500,4700000,9800000,20400000,2900000,1.0
4128,5,1.0,1.0,6800000,22800000,14,382,17600000,700000,21700000,5800000,1.0
4129,1,1.0,0.0,7900000,20800000,18,538,10000000,9700000,29900000,10600000,1.0
4130,0,1.0,1.0,6200000,14900000,8,855,-100000,7200000,14200000,8200000,0.0
4131,1,0.0,0.0,1000000,3000000,18,614,1800000,1700000,3700000,700000,0.0
4132,2,0.0,1.0,7800000,25400000,10,513,22100000,600000,23500000,9800000,1.0
4133,5,0.0,1.0,3000000,8800000,14,402,5600000,5300000,8600000,4200000,1.0
4134,5,0.0,1.0,5700000,15000000,20,819,15500000,9800000,14100000,3400000,0.0
4135,4,1.0,0.0,6600000,25400000,12,622,9200000,3500000,19900000,7500000,0.0
4136,4,0.0,1.0,7100000,18200000,4,790,2500000,2200000,25500000,9600000,0.0
4137,3,0.0,1.0,1300000,4800000,14,808,3100000,2000000,5100000,1500000,0.0
4138,2,1.0,0.0,5200000,16800000,18,369,5400000,8600000,17000000,6800000,1.0
4139,3,0.0,0.0,5600000,20300000,4,330,16100000,5100000,15300000,4200000,0.0
4140,2,0.0,0.0,7100000,16500000,14,857,3700000,10700000,18500000,8200000,0.0
4141,2,0.0,0.0,5100000,19100000,8,457,13200000,5100000,16400000,7600000,1.0
4142,3,1.0,1.0,7600000,29300000,8,843,21500000,3000000,22800000,11200000,0.0
4143,0,0.0,1.0,2500000,5400000,6,463,1900000,3500000,8200000,1800000,1.0
4144,3,0.0,0.0,6900000,22800000,16,582,17700000,2200000,23500000,4400000,0.0
4145,0,0.0,0.0,3100000,6500000,2,391,100000,3800000,9900000,2400000,1.0
4146,2,0.0,1.0,9700000,35100000,20,612,13400000,13500000,38200000,6500000,0.0
4147,0,1.0,1.0,5800000,12600000,2,859,13500000,4700000,21200000,4500000,0.0
4148,4,1.0,0.0,7600000,18600000,18,779,9100000,5600000,15200000,10000000,0.0
4149,5,1.0,0.0,700000,2800000,2,561,900000,400000,1900000,800000,0.0
4150,3,0.0,0.0,2300000,5600000,18,420,1300000,600000,6700000,2100000,1.0
4151,3,1.0,0.0,1600000,3300000,8,609,4700000,100000,6000000,800000,0.0
4152,4,1.0,0.0,8100000,19300000,14,821,16500000,8500000,25800000,8300000,0.0
4153,1,0.0,0.0,7700000,17100000,14,603,11100000,12100000,30300000,7100000,0.0
4154,4,0.0,0.0,1500000,3400000,10,778,3800000,300000,4000000,2200000,0.0
4155,3,1.0,0.0,7400000,23500000,2,460,20600000,12200000,25900000,9200000,0.0
4156,4,1.0,1.0,8900000,27100000,18,363,7800000,9600000,25400000,12700000,1.0
4157,0,0.0,0.0,2400000,5300000,16,482,5500000,4200000,8400000,2600000,1.0
4158,5,0.0,0.0,5600000,20300000,4,772,10600000,6000000,13600000,7600000,0.0
4159,4,0.0,0.0,5900000,14400000,6,745,15300000,5100000,16500000,3000000,0.0
4160,1,0.0,0.0,1600000,3300000,2,513,400000,1300000,4600000,2200000,1.0
4161,5,1.0,0.0,1100000,4000000,2,362,1800000,1300000,3500000,1100000,0.0
4162,2,0.0,1.0,6600000,25600000,6,740,10900000,1900000,18900000,9200000,0.0
4163,3,0.0,0.0,8900000,24400000,10,774,11200000,6100000,31400000,7300000,0.0
4164,1,0.0,1.0,6400000,16400000,20,555,6000000,2500000,20100000,7400000,0.0
4165,4,1.0,1.0,8200000,17300000,12,588,9700000,1200000,20700000,4800000,0.0
4166,1,0.0,0.0,500000,1300000,14,619,1500000,100000,2000000,500000,0.0
4167,0,0.0,0.0,9700000,31600000,18,607,24300000,7900000,32400000,7500000,0.0
4168,3,1.0,1.0,7100000,16700000,4,435,1700000,9600000,24300000,6200000,1.0
4169,4,1.0,1.0,1400000,3400000,14,835,3100000,100000,4100000,2100000,0.0
4170,1,1.0,0.0,7200000,28100000,14,767,10000000,10400000,27500000,4000000,0.0
4171,1,0.0,1.0,8400000,26200000,14,643,19400000,11500000,17900000,6900000,0.0
4172,4,1.0,0.0,4300000,13900000,2,894,10100000,100000,8600000,3300000,0.0
4173,0,1.0,1.0,8800000,29800000,8,343,20000000,4900000,33300000,12200000,1.0
4174,4,1.0,0.0,4000000,15100000,8,800,8700000,6900000,12200000,4400000,0.0
4175,3,1.0,1.0,6900000,17900000,18,494,7700000,11200000,15400000,8700000,1.0
4176,4,0.0,0.0,9600000,33000000,14,336,5800000,8500000,30100000,4900000,1.0
4177,2,1.0,0.0,6900000,16500000,16,785,19600000,8600000,27100000,3600000,0.0
4178,1,1.0,1.0,3600000,13400000,16,732,5200000,6700000,7300000,3300000,0.0
4179,2,1.0,0.0,1900000,4600000,12,587,3000000,1300000,4800000,1100000,0.0
4180,3,1.0,1.0,9700000,30800000,18,471,12700000,3800000,37300000,10400000,1.0
4181,2,1.0,0.0,1200000,4100000,8,497,2700000,700000,3700000,1300000,1.0
4182,1,1.0,0.0,400000,1600000,16,784,800000,700000,700000,100000,0.0
4183,2,0.0,0.0,6600000,21500000,18,471,13700000,9800000,17100000,4800000,1.0
4184,2,0.0,0.0,1500000,3300000,4,763,300000,1200000,5400000,700000,0.0
4185,4,1.0,0.0,3500000,9500000,2,655,9900000,6600000,9400000,3100000,0.0
4186,3,1.0,1.0,4000000,8600000,4,667,11500000,6300000,15300000,3500000,0.0
4187,3,1.0,0.0,4100000,14100000,8,367,900000,800000,8900000,5300000,1.0
4188,4,0.0,0.0,5800000,18500000,16,436,1400000,5500000,17100000,6500000,1.0
4189,4,0.0,1.0,8600000,23300000,12,785,18800000,3800000,23500000,4500000,0.0
4190,2,0.0,0.0,4500000,11400000,10,388,11600000,3000000,14300000,2900000,1.0
4191,2,0.0,1.0,9900000,37300000,8,385,600000,900000,27400000,14200000,1.0
4192,1,1.0,1.0,3200000,8100000,10,670,9100000,3800000,9200000,1900000,0.0
4193,5,0.0,1.0,8900000,19100000,20,329,13300000,11400000,29500000,10000000,1.0
4194,5,1.0,1.0,2100000,4900000,12,651,2500000,2100000,6100000,1800000,0.0
4195,1,0.0,0.0,7100000,26000000,16,727,4300000,9500000,18900000,8900000,0.0
4196,2,0.0,1.0,7800000,28900000,14,646,1800000,1800000,17700000,11000000,0.0
4197,3,1.0,1.0,8600000,23200000,12,894,22100000,13900000,29200000,4500000,0.0
4198,3,0.0,1.0,5100000,17000000,10,477,1700000,3300000,13700000,6300000,1.0
4199,5,1.0,0.0,600000,2000000,20,811,300000,400000,1900000,600000,0.0
4200,0,0.0,1.0,6600000,21200000,18,377,1000000,9600000,14800000,9500000,1.0
4201,0,1.0,1.0,4700000,17000000,18,802,3600000,1600000,17800000,2700000,0.0
4202,2,0.0,1.0,7700000,19700000,14,885,19900000,14600000,22000000,8000000,0.0
4203,4,0.0,1.0,6400000,21900000,6,437,7000000,10000000,24600000,4100000,1.0
4204,2,0.0,0.0,1100000,2500000,20,615,2800000,1700000,2300000,1300000,0.0
4205,2,1.0,0.0,8900000,17800000,20,603,3300000,17600000,29000000,13100000,0.0
4206,0,1.0,1.0,2100000,8300000,20,765,-100000,3600000,7700000,2100000,0.0
4207,4,1.0,1.0,2300000,5800000,8,469,6100000,4200000,7900000,2400000,1.0
4208,3,0.0,0.0,8300000,17700000,16,848,10500000,1100000,18700000,5900000,0.0
4209,4,0.0,0.0,900000,2700000,20,327,400000,1200000,2200000,1200000,1.0
4210,3,1.0,1.0,9200000,35000000,4,716,1100000,10200000,33600000,11400000,0.0
4211,3,0.0,0.0,9800000,28300000,2,715,19500000,9600000,28800000,9200000,0.0
4212,0,1.0,0.0,200000,600000,12,683,400000,200000,400000,0,0.0
4213,2,1.0,1.0,3200000,9700000,6,737,7300000,3500000,9700000,2600000,0.0
4214,5,1.0,0.0,7800000,27000000,6,728,4400000,13100000,18500000,7400000,0.0
4215,1,0.0,0.0,8300000,30000000,18,350,12800000,10800000,23800000,9400000,1.0
4216,1,0.0,1.0,2100000,5200000,14,802,100000,600000,6400000,2500000,0.0
4217,5,1.0,1.0,400000,1400000,4,483,1100000,700000,800000,100000,0.0
4218,3,0.0,1.0,7700000,21800000,18,684,100000,600000,15600000,5500000,0.0
4219,4,0.0,1.0,5600000,16500000,20,692,14500000,7800000,18000000,7400000,0.0
4220,0,0.0,0.0,8400000,31000000,4,783,19000000,13300000,30600000,6900000,0.0
4221,3,0.0,1.0,1300000,4300000,18,412,600000,900000,5200000,1200000,1.0
4222,0,1.0,0.0,8700000,30200000,10,447,14200000,14800000,28200000,6100000,1.0
4223,0,1.0,0.0,2700000,8400000,14,610,900000,1900000,6100000,2800000,0.0
4224,5,0.0,1.0,800000,1800000,8,881,300000,1100000,2600000,400000,0.0
4225,5,0.0,1.0,3800000,10300000,16,606,7700000,1900000,9900000,2700000,0.0
4226,5,0.0,1.0,700000,2600000,2,869,1100000,500000,1400000,500000,0.0
4227,4,0.0,1.0,400000,1400000,2,496,400000,200000,1100000,400000,0.0
4228,1,0.0,1.0,3200000,9300000,6,483,6700000,1900000,7800000,3600000,1.0
4229,3,0.0,0.0,7500000,22200000,8,741,6600000,6900000,17600000,11000000,0.0
4230,2,1.0,0.0,3700000,13500000,4,820,4700000,1600000,14000000,5300000,0.0
4231,5,0.0,0.0,3300000,9100000,18,697,8800000,1800000,11300000,2600000,0.0
4232,1,0.0,1.0,200000,500000,20,713,0,200000,500000,100000,0.0
4233,1,1.0,0.0,7100000,17000000,6,754,1100000,500000,27000000,6800000,0.0
4234,3,1.0,1.0,1500000,5100000,14,837,4100000,1000000,3300000,1400000,0.0
4235,0,1.0,0.0,3000000,6500000,2,691,7800000,4500000,8900000,2500000,0.0
4236,3,0.0,1.0,1900000,5300000,12,436,2300000,3500000,5000000,2600000,1.0
4237,0,1.0,0.0,9100000,30100000,8,322,26200000,9500000,18800000,5900000,1.0
4238,0,1.0,0.0,2200000,7500000,2,333,3400000,600000,6200000,1500000,0.0
4239,0,1.0,1.0,8400000,23000000,14,455,400000,13400000,29800000,9400000,1.0
4240,1,0.0,1.0,400000,700000,10,787,1000000,200000,1600000,500000,0.0
4241,2,0.0,1.0,5600000,15800000,16,748,10300000,100000,21700000,6300000,0.0
4242,5,1.0,1.0,8200000,27100000,4,643,15400000,7700000,21300000,4100000,0.0
4243,0,1.0,1.0,1600000,3400000,8,867,-100000,2700000,4300000,1300000,0.0
4244,3,1.0,0.0,1800000,5600000,20,860,1900000,1700000,4300000,900000,0.0
4245,5,1.0,1.0,6500000,23900000,2,507,500000,10200000,15900000,8000000,0.0
4246,1,0.0,1.0,3100000,11500000,4,871,1500000,2400000,7100000,3600000,0.0
4247,3,1.0,0.0,3100000,9800000,12,820,6400000,5200000,10900000,4400000,0.0
4248,4,0.0,1.0,5300000,14500000,4,352,12600000,4900000,10500000,3500000,1.0
4249,4,0.0,0.0,1100000,4000000,14,887,2400000,1500000,4200000,1600000,0.0
4250,1,0.0,1.0,6000000,13400000,12,731,1300000,4300000,21300000,6900000,0.0
4251,0,0.0,1.0,6100000,14600000,18,645,14500000,200000,23000000,4600000,0.0
4252,3,1.0,0.0,4100000,14100000,10,300,7600000,2100000,8400000,2200000,1.0
4253,5,0.0,1.0,7000000,26200000,12,896,13100000,6600000,23600000,5700000,0.0
4254,0,1.0,1.0,8900000,27700000,6,372,18200000,14900000,33700000,6100000,1.0
4255,4,0.0,0.0,4800000,12000000,6,441,8400000,1300000,18200000,3200000,1.0
4256,3,0.0,1.0,7400000,18300000,4,348,14300000,12600000,17900000,9800000,1.0
4257,0,0.0,0.0,9700000,27500000,18,343,13400000,16500000,20000000,8200000,1.0
4258,5,0.0,1.0,9700000,22600000,16,346,23500000,12900000,26800000,13000000,1.0
4259,0,1.0,1.0,4500000,11500000,14,509,13400000,2300000,15400000,5900000,1.0
4260,5,0.0,0.0,8800000,29300000,10,560,16800000,13900000,31100000,9900000,0.0
4261,3,0.0,1.0,3000000,7500000,6,881,1400000,4500000,6100000,2300000,0.0
4262,5,0.0,0.0,1300000,3000000,20,540,1000000,2300000,3200000,1900000,1.0
4263,3,0.0,0.0,5000000,12700000,14,865,4700000,8100000,19500000,6300000,0.0
4264,5,0.0,1.0,1000000,2300000,12,317,2800000,500000,3300000,800000,1.0
4265,0,1.0,1.0,3300000,11300000,20,559,4200000,2900000,11000000,1900000,0.0
4266,2,1.0,0.0,6500000,23900000,18,457,1200000,12400000,18100000,7300000,1.0
4267,1,1.0,0.0,4100000,12800000,8,780,8200000,700000,14100000,5800000,0.0
4268,1,0.0,0.0,9200000,29700000,10,607,17800000,11800000,35700000,12000000,0.0
